train/00000010/00010581.jpg,115766,0.26,0.28,0.2,0.46,0.39273,0.36759,0.43091,0.71134,230.0,134.0,270.0,188.0,1,coco,False
train/00000055/00055853.jpg,28686,0.03,0.01,0.29,0.97,0.092727,0.23801,0.47636,0.20094,1.0,2.0,86.0,203.0,1,places_top,True
train/00000068/00068005.jpg,26608,0.26,0.06,0.56,0.95,0.48951,0.17956,0.8256,0.23484,174.0,71.0,258.0,165.0,1,places_top,False
train/00000012/00012892.jpg,26091,0.17,0.0,0.17,0.75,0.25636,0.05749,0.65455,0.63931,124.0,0.0,177.0,47.0,1,coco,False
train/00000004/00004436.jpg,110020,0.29,0.18,0.62,0.82,0.705,0.33667,0.345,0.36,273.0,56.0,347.0,139.0,1,actions,False
train/00000027/00027837.jpg,85676,0.09,0.24,0.44,0.95,0.22727,0.38273,0.25455,0.32,143.0,151.0,204.0,227.0,1,places_top,False
train/00000011/00011293.jpg,21769,0.04,0.46,0.32,0.46,0.18909,0.5327,0.52182,0.18933,76.0,202.0,116.0,250.0,1,coco,False
train/00000058/00058829.jpg,99994,0.17,0.24,0.34,0.78,0.21091,0.33277,0.83273,0.29165,109.0,136.0,175.0,193.0,1,places_top,False
train/00000010/00010524.jpg,36868,0.01,0.0,0.15,0.66,0.086182,0.0576,0.27947,0.40975,34.0,8.0,72.0,51.0,1,coco,False
train/00000020/00020231.jpg,22789,0.59,0.17,0.21,0.63,0.74909,0.23504,0.77273,0.78954,464.0,74.0,496.0,114.0,1,coco_val,False
train/00000112/00112439.jpg,11656,0.45,0.27,0.56,0.89,0.49636,0.386,0.62,0.38358,323.0,177.0,358.0,220.0,1,places_top,False
train/00000040/00040576.jpg,46863,0.14,0.05,0.44,0.95,0.34364,0.22146,0.56364,0.46996,153.0,4.0,280.0,148.0,1,places_top,False
train/00000059/00059853.jpg,76899,0.16,0.05,0.85,1.05,0.76727,0.14909,0.17273,0.56545,366.0,29.0,472.0,162.0,1,places_top,False
train/00000078/00078144.jpg,86656,0.12,0.15,0.34,0.99,0.27455,0.34002,0.51455,0.32911,88.0,116.0,237.0,257.0,1,places_top,False
train/00000118/00118220.jpg,851,0.04,0.39,0.77,0.76,0.65636,0.56158,0.79273,0.20648,350.0,269.0,418.0,334.0,1,places_top,True
train/00000107/00107166.jpg,97433,0.39,0.09,0.65,0.96,0.88,0.45091,0.52,0.11,662.0,209.0,705.0,260.0,1,places_top,False
train/00000024/00024159.jpg,88506,0.13,0.22,0.89,0.79,0.52097,0.22545,0.67705,0.78727,192.0,61.0,322.0,236.0,1,places_top,False
train/00000110/00110936.jpg,37315,0.23,0.02,0.96,0.91,0.64,0.50274,0.14364,0.51645,450.0,15.0,760.0,346.0,1,places_top,True
train/00000080/00080069.jpg,12729,-0.03,0.06,0.26,0.86,0.081818,0.21687,0.33091,0.72521,0.0,4.0,114.0,187.0,1,places_top,False
train/00000071/00071657.jpg,89737,0.05,0.05,0.65,0.96,0.56364,0.51914,0.44,0.72695,408.0,145.0,579.0,349.0,1,places_top,False
train/00000099/00099235.jpg,120908,0.29,0.2,1.05,0.7,0.65818,0.31091,0.27636,0.58727,314.0,137.0,441.0,292.0,1,places_top,False
train/00000000/00000018.jpg,2906,0.49,0.07,0.5,0.8,0.69667,0.13972,0.22667,0.28522,175.0,32.0,216.0,82.0,1,actions,False
train/00000118/00118709.jpg,16670,0.88,0.28,0.09,0.55,0.91556,0.34,0.56889,0.56667,266.0,55.0,282.0,73.0,1,sun,False
train/00000014/00014527.jpg,4995,0.13,0.0,0.68,0.99,0.76545,0.1897,0.88545,0.46364,423.0,18.0,513.0,134.0,1,coco,False
train/00000005/00005607.jpg,22475,0.3,0.06,0.4,0.92,0.484,0.24919,0.492,0.57818,220.0,26.0,282.0,113.0,1,coco,False
train/00000089/00089988.jpg,27523,0.13,0.34,0.36,0.69,0.31727,0.39818,0.42091,0.44364,116.0,260.0,172.0,325.0,1,places_top,False
train/00000077/00077511.jpg,87876,0.17,0.04,0.49,0.99,0.38,0.14892,0.51091,0.4839,285.0,35.0,355.0,118.0,1,places_top,False
train/00000087/00087302.jpg,51448,-0.01,0.08,0.64,1.05,0.27818,0.36418,0.69091,0.69403,37.0,47.0,250.0,267.0,1,places_top,True
train/00000063/00063596.jpg,67507,0.14,0.18,0.47,0.82,0.32182,0.2908,0.57455,0.33702,177.0,115.0,229.0,173.0,1,places_top,False
train/00000111/00111720.jpg,43818,0.07,0.08,0.61,0.95,0.17273,0.33827,0.80364,0.44609,237.0,119.0,394.0,324.0,1,places_top,False
train/00000106/00106356.jpg,61003,0.09,0.02,0.46,0.92,0.38727,0.16048,0.34182,0.89457,216.0,24.0,271.0,102.0,1,places_top,False
train/00000044/00044259.jpg,37887,0.04,0.2,0.39,0.79,0.33316,0.33592,0.68738,0.59285,124.0,95.0,226.0,227.0,1,places_top,False
train/00000092/00092434.jpg,45066,0.15,0.04,0.83,0.66,0.50364,0.16182,0.64,0.55455,356.0,57.0,393.0,97.0,1,places_top,False
train/00000025/00025671.jpg,36414,0.08,0.13,0.46,1.04,0.27455,0.23281,0.48364,0.31297,137.0,77.0,203.0,152.0,1,places_top,False
train/00000102/00102354.jpg,23105,0.02,0.1,0.18,0.67,0.10182,0.17376,0.44364,0.34922,55.0,60.0,93.0,105.0,1,places_top,False
train/00000062/00062783.jpg,32960,0.12,0.13,0.47,0.81,0.31091,0.2,0.48182,0.17818,218.0,81.0,269.0,140.0,1,places_top,False
train/00000114/00114562.jpg,44024,0.14,0.19,0.29,0.52,0.22182,0.22455,0.32,0.63364,150.0,98.0,175.0,130.0,1,places_top,False
train/00000032/00032571.jpg,28032,0.13,0.13,0.76,1.03,0.46842,0.23636,0.40527,0.30364,218.0,86.0,311.0,202.0,1,places_top,False
train/00000071/00071340.jpg,46600,0.38,0.08,0.63,1.0,0.66545,0.22037,0.61091,0.57676,463.0,51.0,541.0,134.0,1,places_top,False
train/00000092/00092067.jpg,116113,0.08,0.34,0.35,1.02,0.27091,0.40442,0.79091,0.36346,102.0,141.0,233.0,267.0,1,places_top,False
train/00000009/00009481.jpg,19164,0.37,0.66,0.51,0.34,0.72399,0.82545,0.71033,0.36364,163.0,456.0,352.0,633.0,1,coco,True
train/00000023/00023152.jpg,24352,0.73,0.14,0.27,0.83,0.862,0.21658,0.128,0.27005,413.0,52.0,460.0,110.0,1,pascal,False
train/00000084/00084066.jpg,121870,0.08,0.02,0.62,0.99,0.46909,0.24141,0.60727,0.60888,257.0,10.0,385.0,181.0,1,places_top,False
train/00000029/00029865.jpg,33927,0.27,0.02,0.84,0.83,0.56727,0.23511,0.50545,0.69389,402.0,0.0,607.0,204.0,1,places_top,False
train/00000065/00065169.jpg,26888,0.09,0.12,0.91,0.78,0.40941,0.31455,0.21726,0.7,148.0,126.0,273.0,277.0,1,places_top,False
train/00000094/00094657.jpg,13682,0.03,0.14,0.52,0.75,0.19671,0.24545,0.55983,0.19455,49.0,110.0,110.0,172.0,1,places_top,False
train/00000008/00008538.jpg,90540,0.23,0.07,0.35,0.8,0.34545,0.17758,0.68,0.60424,193.0,43.0,235.0,97.0,1,coco,False
train/00000092/00092437.jpg,46714,0.4,0.12,0.69,0.8,0.54909,0.19273,0.49727,0.28182,260.0,106.0,306.0,162.0,1,places_top,False
train/00000018/00018499.jpg,13032,0.01,0.14,0.22,0.5,0.16364,0.32222,0.8,0.42242,44.0,55.0,123.0,152.0,1,coco_val,False
train/00000114/00114867.jpg,83518,0.09,0.28,0.59,0.94,0.37455,0.32909,0.65,0.36909,145.0,220.0,209.0,299.0,1,places_top,False
train/00000109/00109050.jpg,101833,0.3,0.08,0.74,0.58,0.60187,0.21091,0.59702,0.43273,266.0,79.0,337.0,164.0,1,places_top,False
train/00000082/00082806.jpg,77290,0.07,0.2,0.51,0.74,0.33574,0.29091,0.33574,0.46727,113.0,176.0,184.0,276.0,1,places_top,False
train/00000097/00097322.jpg,107274,0.02,0.27,0.2,0.64,0.10727,0.36909,0.054545,0.41818,55.0,147.0,113.0,218.0,1,places_top,False
train/00000097/00097229.jpg,12979,-0.01,0.02,0.85,0.69,0.72182,0.17692,0.58182,0.53833,530.0,2.0,686.0,135.0,1,places_top,True
train/00000014/00014192.jpg,15402,0.0,0.0,0.29,0.29,0.204,0.058559,0.682,0.56607,0.0,0.0,101.0,98.0,1,coco,False
train/00000015/00015566.jpg,44139,0.37,0.26,0.28,0.72,0.52,0.42097,0.52545,0.61991,298.0,113.0,365.0,215.0,1,coco_val,False
train/00000080/00080778.jpg,32899,0.15,0.22,0.63,0.79,0.27794,0.26727,0.083295,0.48182,109.0,147.0,190.0,237.0,1,places_top,False
train/00000081/00081058.jpg,48800,0.07,0.2,0.22,0.79,0.14909,0.27794,0.52545,0.80156,77.0,101.0,132.0,168.0,1,places_top,False
train/00000105/00105782.jpg,42688,0.25,0.01,1.03,0.79,0.59273,0.094545,0.12364,0.77091,271.0,0.0,372.0,120.0,1,places_top,False
train/00000101/00101981.jpg,100466,0.06,0.1,0.16,0.71,0.11091,0.19785,0.78182,0.17754,52.0,82.0,88.0,120.0,1,places_top,False
train/00000083/00083701.jpg,67697,0.02,0.04,0.24,0.99,0.18364,0.20818,0.71091,0.66909,83.0,45.0,163.0,146.0,1,places_top,False
train/00000054/00054330.jpg,41609,0.22,0.07,0.44,0.88,0.46364,0.35692,0.31091,0.82262,321.0,71.0,436.0,225.0,1,places_top,False
train/00000101/00101581.jpg,74854,0.31,0.31,0.42,0.74,0.36727,0.40541,0.34182,0.60672,213.0,158.0,260.0,224.0,1,places_top,False
train/00000027/00027771.jpg,6687,0.02,0.27,0.31,0.79,0.27818,0.45392,0.30909,0.614,151.0,174.0,214.0,243.0,1,places_top,False
train/00000031/00031198.jpg,77989,0.07,0.06,0.68,0.96,0.40182,0.24909,0.58545,0.24909,237.0,68.0,315.0,157.0,1,places_top,False
train/00000080/00080016.jpg,21703,0.08,0.23,0.4,0.58,0.28899,0.29636,0.41996,0.40909,106.0,150.0,160.0,217.0,1,places_top,False
train/00000076/00076555.jpg,96029,0.0,0.08,0.28,1.07,0.20791,0.26031,0.52845,0.67863,75.0,73.0,177.0,188.0,1,places_top,False
train/00000088/00088713.jpg,100800,0.02,0.2,0.48,0.78,0.34495,0.28909,0.77746,0.45455,115.0,161.0,196.0,250.0,1,places_top,False
train/00000096/00096445.jpg,95816,0.05,0.05,0.81,1.01,0.59266,0.22364,0.89589,0.74,206.0,29.0,336.0,195.0,1,places_top,False
train/00000028/00028036.jpg,28434,0.24,0.02,0.72,0.76,0.61636,0.12364,0.58364,0.59,419.0,6.0,510.0,105.0,1,places_top,False
train/00000019/00019767.jpg,86827,0.01,0.0,0.65,0.75,0.36424,0.10182,0.52182,0.32364,65.0,0.0,194.0,137.0,1,coco_val,False
train/00000073/00073276.jpg,5440,0.04,0.15,0.43,0.69,0.37,0.22284,0.56888,0.37011,146.0,107.0,205.0,178.0,1,places_top,False
train/00000073/00073545.jpg,119347,0.08,0.0,0.89,0.98,0.60187,0.10545,0.48302,0.26909,221.0,2.0,343.0,155.0,1,places_top,False
train/00000022/00022940.jpg,11704,0.0,0.13,0.48,0.87,0.142,0.30267,0.45,0.764,1.0,48.0,89.0,163.0,1,pascal,False
train/00000091/00091966.jpg,118607,0.09,0.12,0.75,0.82,0.27578,0.22909,0.28672,0.030909,71.0,162.0,158.0,264.0,1,places_top,False
train/00000019/00019701.jpg,117784,0.46,0.3,0.46,0.69,0.694,0.42573,0.374,0.46021,324.0,113.0,414.0,215.0,1,coco_val,False
train/00000052/00052947.jpg,18595,0.13,0.15,0.32,0.74,0.24182,0.2138,0.49455,0.18227,126.0,77.0,184.0,144.0,1,places_top,False
train/00000052/00052706.jpg,106839,0.06,0.29,0.18,0.66,0.14182,0.36175,0.20727,0.45877,50.0,143.0,108.0,204.0,1,places_top,False
train/00000061/00061394.jpg,106761,0.09,0.07,0.22,0.69,0.20667,0.1379,0.2794,0.1997,147.0,57.0,169.0,83.0,1,places_top,False
train/00000079/00079481.jpg,87632,0.14,0.05,0.56,0.95,0.4,0.14366,0.71273,0.17358,260.0,40.0,328.0,119.0,1,places_top,False
train/00000053/00053189.jpg,12814,0.09,0.03,0.95,1.02,0.27364,0.38364,0.90091,0.86182,0.0,167.0,172.0,380.0,1,places_top,False
train/00000076/00076694.jpg,121812,0.12,0.14,0.64,0.78,0.39582,0.18,0.80156,0.52545,125.0,66.0,233.0,214.0,1,places_top,False
train/00000002/00002179.jpg,124657,0.32,0.04,0.59,0.89,0.435,0.24345,0.265,0.56367,137.0,25.0,270.0,192.0,1,actions,False
train/00000042/00042650.jpg,119924,0.15,-0.03,1.01,0.98,0.57636,0.16287,0.092727,0.46362,356.0,0.0,565.0,182.0,1,places_top,False
train/00000089/00089695.jpg,87665,0.29,0.1,0.69,0.98,0.60153,0.37183,0.72032,0.76871,399.0,98.0,499.0,208.0,1,places_top,False
train/00000000/00000686.jpg,115478,0.44,0.01,0.47,0.66,0.74696,0.1875,0.40688,0.6325,353.0,12.0,423.0,106.0,1,actions,False
train/00000115/00115011.jpg,9951,0.44,0.25,0.59,0.64,0.56545,0.31082,0.56364,0.63582,355.0,124.0,397.0,179.0,1,places_top,False
train/00000076/00076773.jpg,43929,0.05,0.07,0.51,0.72,0.38364,0.22522,0.47818,0.5181,164.0,18.0,299.0,182.0,1,places_top,False
train/00000097/00097215.jpg,123102,0.08,0.13,0.27,0.53,0.21273,0.41386,0.26364,0.67227,90.0,157.0,184.0,269.0,1,places_top,False
train/00000038/00038387.jpg,2350,0.21,0.11,0.36,0.48,0.29455,0.16529,0.46,0.57519,189.0,63.0,212.0,94.0,1,places_top,False
train/00000042/00042067.jpg,65832,0.11,0.03,0.98,0.95,0.42727,0.3051,0.43455,0.38745,314.0,126.0,374.0,170.0,1,places_top,True
train/00000095/00095314.jpg,10562,0.34,0.1,0.46,0.59,0.41636,0.18909,0.45636,0.65545,299.0,64.0,327.0,101.0,1,places_top,False
train/00000063/00063705.jpg,72879,0.07,0.11,0.3,0.43,0.20002,0.18,0.58256,0.40545,81.0,114.0,111.0,149.0,1,places_top,False
train/00000116/00116560.jpg,50472,0.31,0.04,0.37,0.78,0.448,0.38979,0.47527,0.60808,284.0,183.0,313.0,217.0,1,places_top,False
train/00000002/00002095.jpg,12752,0.4,0.16,0.14,0.56,0.52182,0.18961,0.57818,0.71782,280.0,55.0,315.0,92.0,1,actions,False
train/00000104/00104193.jpg,18988,0.14,0.1,0.47,0.44,0.29091,0.15271,0.36909,0.5,229.0,33.0,277.0,95.0,1,places_top,False
train/00000112/00112212.jpg,106563,0.29,0.19,0.61,0.73,0.57818,0.29,0.74364,0.26,381.0,94.0,451.0,175.0,1,places_top,False
train/00000048/00048293.jpg,67494,0.07,0.09,0.57,0.97,0.43818,0.26515,0.50182,0.26242,300.0,68.0,372.0,161.0,1,places_top,False
train/00000083/00083331.jpg,55259,0.38,0.19,0.52,0.81,0.41091,0.27724,0.12727,0.86946,295.0,112.0,339.0,165.0,1,places_top,False
train/00000011/00011328.jpg,69584,0.04,0.15,0.25,0.46,0.15455,0.23818,0.036364,0.64303,76.0,78.0,110.0,118.0,1,coco,False
train/00000014/00014809.jpg,69997,0.22,0.31,0.75,0.53,0.5,0.38,0.16753,0.76364,189.0,201.0,237.0,263.0,1,coco,False
train/00000069/00069479.jpg,39790,0.01,0.1,0.24,0.96,0.17818,0.20117,0.66182,0.36145,78.0,57.0,147.0,140.0,1,places_top,False
train/00000074/00074266.jpg,95129,0.09,0.24,0.76,0.72,0.70312,0.44095,0.72461,0.63905,327.0,184.2,390.0,259.8,1,places_top,True
train/00000046/00046918.jpg,62508,0.2,0.07,0.68,1.02,0.46545,0.29818,0.75273,0.53273,247.0,88.0,383.0,211.0,1,places_top,False
train/00000045/00045740.jpg,108600,0.2,0.21,0.93,0.89,0.42182,0.45675,0.47273,0.50618,203.0,158.0,281.0,272.0,1,places_top,False
train/00000059/00059329.jpg,441,0.27,0.08,0.63,0.99,0.47636,0.23477,0.34545,0.45078,340.0,49.0,438.0,177.0,1,places_top,False
train/00000118/00118361.jpg,4912,0.3,0.32,0.13,0.33,0.34182,0.35212,0.30545,0.42,333.0,245.0,381.0,297.0,1,sun,False
train/00000018/00018583.jpg,76423,0.45,0.09,0.52,0.9,0.65636,0.30991,0.35455,0.35358,404.0,42.0,542.0,213.0,1,coco_val,False
train/00000087/00087198.jpg,7468,0.31,0.02,0.82,0.93,0.56445,0.20508,0.58594,0.74414,236.0,24.0,330.0,169.0,1,places_top,False
train/00000002/00002048.jpg,46743,0.23,0.2,0.67,0.8,0.5254,0.40333,0.26212,0.58,218.0,78.0,278.0,151.0,1,actions,False
train/00000045/00045819.jpg,43068,0.0,0.01,0.35,0.98,0.19818,0.11596,0.53091,0.40236,16.0,0.0,159.0,159.0,1,places_top,False
train/00000013/00013632.jpg,45817,0.01,0.12,0.47,0.67,0.35091,0.29992,0.51455,0.73167,182.0,48.0,271.0,151.0,1,coco,False
train/00000054/00054421.jpg,5353,0.37,0.18,0.65,0.91,0.50545,0.22502,0.098182,0.15385,441.0,84.0,504.0,157.0,1,places_top,False
train/00000079/00079846.jpg,99368,0.42,0.09,0.56,0.83,0.54134,0.20545,0.62401,0.21273,235.0,97.0,283.0,144.0,1,places_top,False
train/00000069/00069010.jpg,2256,0.31,0.29,0.41,0.71,0.36182,0.3225,0.29091,0.31157,265.0,150.0,291.0,180.0,1,places_top,False
train/00000022/00022701.jpg,78202,0.07,0.03,0.74,0.97,0.388,0.14421,0.184,0.46211,170.0,17.0,253.0,129.0,1,pascal,False
train/00000046/00046573.jpg,112209,0.12,0.13,0.9,0.98,0.39091,0.28772,0.89091,0.223,182.0,76.0,295.0,220.0,1,places_top,False
train/00000115/00115868.jpg,23916,0.3,0.24,0.42,0.75,0.35818,0.3375,0.39273,0.40056,224.0,154.0,253.0,189.0,1,places_top,False
train/00000075/00075770.jpg,75533,0.11,0.21,0.44,0.72,0.27818,0.31727,0.38,0.63909,151.0,84.0,260.0,218.0,1,places_top,False
train/00000101/00101439.jpg,87360,0.12,0.13,0.22,0.67,0.17711,0.21516,0.32438,0.41647,106.0,94.0,135.0,129.0,1,places_top,False
train/00000020/00020834.jpg,103362,0.43,0.44,0.41,0.53,0.546,0.56306,0.116,0.66817,257.0,149.0,308.0,223.0,1,pascal,False
train/00000063/00063028.jpg,100591,0.15,0.08,0.27,0.86,0.19273,0.22108,0.041818,0.32052,113.0,84.0,151.0,136.0,1,places_top,False
train/00000083/00083076.jpg,37931,0.01,0.14,0.23,0.68,0.11719,0.18164,0.31445,0.43359,36.0,67.0,72.0,118.0,1,places_top,False
train/00000008/00008919.jpg,47739,0.16,0.01,0.62,0.93,0.54182,0.22606,0.64545,0.95091,225.0,0.0,400.0,194.0,1,coco,False
train/00000038/00038502.jpg,98955,0.18,0.15,0.93,0.69,0.53132,0.24631,0.32251,0.25358,253.0,145.0,321.0,214.0,1,places_top,False
train/00000072/00072942.jpg,41603,0.27,0.22,0.45,0.77,0.56364,0.27636,0.55818,0.30909,425.0,118.0,456.0,158.0,1,places_top,False
train/00000118/00118624.jpg,4743,0.36,0.31,0.27,0.48,0.44,0.37273,0.51909,0.63091,924.0,1095.0,1129.0,1366.0,1,sun,False
train/00000006/00006492.jpg,84419,0.27,0.04,0.65,0.95,0.62182,0.19061,0.56909,0.37953,368.0,20.0,469.0,152.0,1,coco,False
train/00000001/00001486.jpg,23682,0.42,0.25,0.34,0.57,0.48,0.34635,0.39,0.46875,138.0,103.0,178.0,156.0,1,actions,False
train/00000109/00109400.jpg,120696,0.31,0.19,0.69,0.58,0.62891,0.26758,0.62109,0.39258,283.0,97.0,339.0,169.0,1,places_top,False
train/00000110/00110189.jpg,40412,0.01,0.24,0.16,0.78,0.092727,0.30859,0.38909,0.42344,2.0,103.0,52.0,160.0,1,places_top,False
train/00000109/00109624.jpg,85512,0.2,0.25,0.35,0.69,0.42239,0.51636,0.32779,0.47273,179.0,315.0,232.0,374.0,1,places_top,False
train/00000086/00086401.jpg,85501,0.02,0.04,0.24,0.92,0.19091,0.22108,0.15455,0.39813,79.0,43.0,150.0,134.0,1,places_top,False
train/00000075/00075286.jpg,101041,0.04,0.17,0.47,0.95,0.29151,0.65799,0.43696,0.92709,157.0,216.0,270.0,368.0,1,places_top,False
train/00000022/00022706.jpg,55304,0.14,0.08,0.24,0.44,0.2458,0.304,0.60072,0.202,92.0,40.0,123.0,71.0,1,pascal,False
train/00000063/00063944.jpg,79600,0.22,0.1,0.48,0.88,0.40545,0.22502,0.62909,0.85586,334.0,62.0,393.0,137.0,1,places_top,False
train/00000024/00024364.jpg,10835,0.18,-0.01,0.42,0.64,0.36182,0.11859,0.38,0.54202,284.0,5.0,355.0,82.0,1,places_top,False
train/00000068/00068349.jpg,82134,0.0,0.34,0.24,0.98,0.21818,0.57636,0.49273,0.39364,0.0,164.0,183.0,415.0,1,places_top,False
train/00000051/00051833.jpg,39171,0.03,0.23,0.19,0.85,0.14727,0.28455,0.3,0.38273,87.0,117.0,123.0,166.0,1,places_top,False
train/00000034/00034685.jpg,121262,0.08,0.24,0.73,0.68,0.28125,0.34586,0.048828,0.56358,134.0,136.0,194.0,206.0,1,places_top,False
train/00000041/00041104.jpg,35043,0.11,0.08,0.77,1.01,0.52727,0.30636,0.7,0.73455,287.0,29.0,438.0,233.0,1,places_top,False
train/00000040/00040046.jpg,97359,0.13,0.14,0.74,0.92,0.6625,0.32,0.70131,0.86,292.0,135.0,388.0,240.0,1,places_top,False
train/00000002/00002970.jpg,27716,0.73,0.33,0.21,0.59,0.74364,0.41,0.58727,0.53,440.0,145.0,469.0,178.0,1,actions,False
train/00000016/00016889.jpg,83139,0.1,0.07,0.43,0.85,0.3,0.25758,0.57455,0.68667,143.0,90.0,202.0,161.0,1,coco_val,False
train/00000060/00060326.jpg,53926,0.01,0.36,0.41,0.77,0.10909,0.44182,0.92909,0.2697,35.0,200.0,84.0,245.0,1,places_top,False
train/00000015/00015462.jpg,88924,0.38,0.15,0.17,0.74,0.49898,0.25298,0.53725,0.85773,287.0,80.0,337.0,147.0,1,coco_val,False
train/00000067/00067423.jpg,77862,0.17,0.18,0.43,0.77,0.36364,0.30762,0.44,0.78721,250.0,103.0,304.0,167.0,1,places_top,False
train/00000064/00064156.jpg,25096,0.14,0.25,0.3,0.88,0.25455,0.37775,0.36364,0.85588,174.0,156.0,219.0,206.0,1,places_top,False
train/00000006/00006879.jpg,13493,0.58,0.06,0.42,0.92,0.67867,0.182,0.16133,0.608,235.0,36.0,298.0,110.0,1,coco,False
train/00000078/00078595.jpg,74690,0.16,0.04,0.29,0.61,0.23818,0.091158,0.36,0.79606,170.0,26.0,203.0,69.0,1,places_top,False
train/00000011/00011904.jpg,83439,0.45,0.0,0.55,0.92,0.55273,0.25358,0.42182,0.31108,306.0,15.0,484.0,189.0,1,coco,False
train/00000074/00074372.jpg,4785,0.16,0.2,0.4,0.92,0.34364,0.30576,0.81455,0.93762,202.0,126.0,240.0,174.0,1,places_top,False
train/00000017/00017832.jpg,80488,0.14,0.13,0.5,0.4,0.52732,0.20909,0.31152,0.53273,194.0,103.0,254.0,163.0,1,coco_val,True
train/00000033/00033250.jpg,119339,0.37,-0.02,0.71,1.01,0.56,0.032422,0.98727,0.11445,325.0,0.0,448.0,77.0,1,places_top,False
train/00000095/00095757.jpg,68419,0.26,0.39,0.57,0.63,0.64945,0.47102,0.78036,0.63662,480.0,210.0,506.0,241.0,1,places_top,False
train/00000108/00108537.jpg,67600,0.12,0.07,0.77,0.93,0.42182,0.24909,0.75273,0.68273,235.0,22.0,365.0,202.0,1,places_top,False
train/00000117/00117819.jpg,8924,0.11,0.1,0.21,0.52,0.14,0.15182,0.39455,0.2443,94.0,57.0,120.0,87.0,1,places_top,False
train/00000101/00101623.jpg,97478,0.46,0.23,0.58,0.71,0.61818,0.2429,0.37091,0.63825,398.0,53.0,479.0,164.0,1,places_top,False
train/00000098/00098528.jpg,108786,0.23,0.04,0.76,0.85,0.37818,0.22108,0.35273,0.66978,233.0,1.0,366.0,175.0,1,places_top,False
train/00000016/00016247.jpg,67644,0.54,0.21,0.31,0.78,0.68364,0.39372,0.60364,0.57085,398.0,95.0,483.0,219.0,1,coco_val,False
train/00000016/00016462.jpg,76305,0.4,0.43,0.55,0.41,0.70711,0.54364,0.82974,0.85636,278.0,300.0,324.0,357.0,1,coco_val,False
train/00000023/00023468.jpg,41676,0.2,0.3,0.22,0.38,0.3363,0.38396,0.5651,0.41039,146.0,109.0,174.0,144.0,1,pascal,False
train/00000022/00022744.jpg,84718,0.39,0.05,0.43,0.95,0.54,0.25733,0.548,0.23867,247.0,22.0,315.0,121.0,1,pascal,False
train/00000071/00071099.jpg,123769,0.02,0.03,0.34,0.97,0.18,0.11992,0.47818,0.58477,71.0,6.0,164.0,113.0,1,places_top,False
train/00000053/00053224.jpg,18432,0.11,0.3,0.28,0.77,0.20182,0.41829,0.72,0.50272,118.0,174.0,172.0,245.0,1,places_top,False
train/00000044/00044568.jpg,23175,0.09,0.19,0.98,0.68,0.67963,0.24219,0.55185,0.28711,339.0,85.0,394.0,149.0,1,places_top,False
train/00000081/00081856.jpg,45246,0.44,0.19,0.6,0.86,0.58,0.26716,0.82727,0.40056,368.0,113.0,406.0,157.0,1,places_top,False
train/00000094/00094250.jpg,80972,0.15,0.06,0.36,0.67,0.27455,0.25778,0.29273,0.43116,173.0,82.0,216.0,141.0,1,places_top,False
train/00000003/00003215.jpg,112017,0.15,0.01,0.85,0.99,0.61667,0.27,0.21,0.875,116.0,0.0,254.0,176.0,1,actions,False
train/00000007/00007038.jpg,61739,0.06,0.33,0.32,0.65,0.26909,0.41259,0.50545,0.64477,128.0,142.0,190.0,225.0,1,coco,False
train/00000077/00077901.jpg,20882,0.23,0.17,0.5,0.99,0.25636,0.30364,0.54,0.49727,112.0,82.0,220.0,208.0,1,places_top,False
train/00000100/00100651.jpg,53789,0.23,0.19,0.99,0.75,0.37636,0.37388,0.49636,0.67463,195.0,120.0,276.0,215.0,1,places_top,False
train/00000107/00107629.jpg,105950,0.0,0.06,0.39,0.91,0.22146,0.25091,0.28153,0.44182,8.0,67.0,166.0,276.0,1,places_top,False
train/00000082/00082974.jpg,114472,0.04,0.11,0.25,0.8,0.18,0.19727,0.33818,0.25182,94.0,66.0,147.0,124.0,1,places_top,False
train/00000027/00027234.jpg,99505,0.01,0.26,0.4,0.76,0.22835,0.39455,0.54851,0.32364,84.0,241.0,129.0,291.0,1,places_top,False
train/00000054/00054571.jpg,115873,0.15,0.01,0.68,1.0,0.44,0.10545,0.51909,0.20545,151.0,0.0,272.0,159.0,1,places_top,False
train/00000095/00095545.jpg,84546,0.22,0.0,0.55,0.77,0.32364,0.20837,0.57273,0.46727,201.0,40.0,295.0,149.0,1,places_top,False
train/00000103/00103560.jpg,48253,0.39,0.25,0.62,0.94,0.47636,0.37388,0.43273,0.35205,305.0,131.0,400.0,238.0,1,places_top,False
train/00000065/00065955.jpg,125103,0.2,0.14,0.48,1.08,0.38727,0.21489,0.60545,0.34374,216.0,68.0,295.0,156.0,1,places_top,False
train/00000053/00053731.jpg,105252,0.03,0.26,0.43,0.69,0.29636,0.34414,0.021818,0.36875,208.0,118.0,321.0,232.0,1,places_top,False
train/00000003/00003863.jpg,77301,0.1,0.03,0.86,0.97,0.57,0.17735,0.115,0.33968,186.0,21.0,290.0,154.0,1,actions,False
train/00000037/00037286.jpg,14739,0.02,0.09,0.34,0.62,0.073686,0.21818,0.41961,0.28364,0.0,69.0,86.0,217.0,1,places_top,False
train/00000101/00101335.jpg,83217,0.13,0.07,0.42,0.72,0.33004,0.21645,0.47078,0.25427,94.0,89.0,169.0,169.0,1,places_top,False
train/00000002/00002058.jpg,101671,0.29,0.18,0.55,0.61,0.455,0.33333,0.34,0.67667,173.0,59.0,218.0,120.0,1,actions,False
train/00000019/00019515.jpg,125015,0.1,0.3,0.39,0.57,0.30727,0.33758,0.73091,0.27939,170.0,142.0,207.0,187.0,1,coco_val,False
train/00000052/00052867.jpg,92713,0.28,0.36,0.72,0.78,0.45455,0.47,0.72364,0.63091,300.0,195.0,369.0,274.0,1,places_top,False
train/00000107/00107739.jpg,97221,0.17,0.23,0.74,0.8,0.33455,0.25746,0.44727,0.26716,180.0,116.0,211.0,151.0,1,places_top,False
train/00000084/00084842.jpg,44342,0.28,0.33,0.57,0.78,0.46785,0.40147,0.58367,0.39336,317.0,168.0,367.0,230.0,1,places_top,False
train/00000038/00038688.jpg,6172,0.36,0.12,0.5,0.9,0.48545,0.28375,0.55273,0.44537,287.0,115.0,326.0,166.0,1,places_top,False
train/00000081/00081207.jpg,58689,0.03,0.15,0.16,0.93,0.12916,0.25873,0.87858,0.41516,71.0,85.0,129.0,153.0,1,places_top,False
train/00000099/00099440.jpg,97200,0.17,0.16,0.4,0.68,0.41818,0.30112,0.42909,0.45392,270.0,132.0,299.0,170.0,1,places_top,False
train/00000005/00005350.jpg,10943,0.72,0.0,0.2,0.27,0.81636,0.036726,0.56727,0.080328,494.0,0.0,543.0,29.0,1,coco,False
train/00000052/00052991.jpg,6460,0.02,0.07,0.53,0.84,0.35455,0.25707,0.57455,0.81812,146.0,3.0,313.0,199.0,1,places_top,False
train/00000046/00046009.jpg,118038,-0.01,0.19,0.35,1.02,0.2,0.32545,0.38909,0.79182,50.0,87.0,166.0,228.0,1,places_top,False
train/00000054/00054009.jpg,11986,0.4,0.03,0.62,0.61,0.54182,0.14,0.47273,0.63091,383.0,20.0,445.0,115.0,1,places_top,False
train/00000091/00091862.jpg,70155,0.39,0.05,0.53,0.62,0.46364,0.19925,0.44545,0.5194,285.0,55.0,352.0,147.0,1,places_top,False
train/00000035/00035890.jpg,81585,0.1,0.2,0.66,0.81,0.34182,0.23805,0.70727,0.90262,191.0,84.0,244.0,149.0,1,places_top,False
train/00000045/00045773.jpg,96674,0.08,0.24,0.56,0.99,0.36,0.36127,0.64909,0.43744,182.0,105.0,295.0,256.0,1,places_top,False
train/00000108/00108025.jpg,123634,0.14,0.08,0.27,0.47,0.20909,0.11768,0.51455,0.26788,146.0,46.0,170.0,76.0,1,places_top,False
train/00000036/00036138.jpg,102350,0.16,0.11,0.3,0.75,0.20182,0.19961,0.54364,0.22419,129.0,73.0,175.0,130.0,1,places_top,False
train/00000064/00064972.jpg,15669,0.3,0.02,0.74,0.69,0.57793,0.098182,0.36513,0.065455,274.0,35.0,350.0,124.0,1,places_top,False
train/00000063/00063373.jpg,82668,0.01,0.33,0.3,0.61,0.19636,0.42724,0.22909,0.67463,114.0,189.0,143.0,221.0,1,places_top,False
train/00000041/00041767.jpg,60448,0.04,0.03,0.61,1.03,0.36545,0.42096,0.64727,0.40821,75.0,44.0,300.0,368.0,1,places_top,False
train/00000015/00015237.jpg,41691,0.23,0.03,0.57,0.96,0.486,0.404,0.616,0.88933,134.0,16.0,292.0,217.0,1,coco_val,False
train/00000103/00103983.jpg,14349,0.36,-0.01,0.54,0.95,0.65455,0.16727,0.66545,0.83,460.0,13.0,543.0,118.0,1,places_top,False
train/00000021/00021283.jpg,67443,0.13,0.31,0.87,0.69,0.43067,0.894,0.436,0.222,79.0,431.0,185.0,500.0,1,pascal,False
train/00000014/00014380.jpg,51444,0.66,0.13,0.34,0.86,0.87818,0.37925,0.52727,0.38199,531.0,58.0,640.0,258.0,1,coco,False
train/00000039/00039864.jpg,41308,0.33,0.14,0.52,0.75,0.46545,0.82642,0.46545,0.82642,450.0,106.0,468.0,127.0,1,places_top,False
train/00000088/00088037.jpg,112103,0.15,0.13,0.6,1.01,0.46182,0.24665,0.61273,0.58631,281.0,52.0,380.0,177.0,1,places_top,False
train/00000022/00022227.jpg,53597,0.43,0.26,0.21,0.27,0.524,0.32883,0.644,0.33784,251.0,95.0,270.0,114.0,1,pascal,False
train/00000081/00081708.jpg,101290,0.09,0.28,0.32,0.71,0.20909,0.32011,0.44424,0.36539,106.0,143.0,151.0,185.0,1,places_top,False
train/00000006/00006405.jpg,49493,0.24,0.18,0.18,0.66,0.314,0.34085,0.348,0.22679,141.0,108.0,169.0,140.0,1,coco,False
train/00000077/00077750.jpg,59011,0.21,0.02,0.5,0.75,0.42545,0.097415,0.65091,0.16814,276.0,0.0,341.0,91.0,1,places_top,False
train/00000026/00026918.jpg,106628,0.04,0.1,0.38,0.94,0.19273,0.20157,0.26364,0.17145,88.0,56.0,161.0,133.0,1,places_top,False
train/00000003/00003556.jpg,50654,0.43,0.05,0.31,0.69,0.57333,0.10808,0.68,0.13183,140.0,23.0,174.0,63.0,1,actions,False
train/00000040/00040471.jpg,108833,0.15,0.25,0.72,0.94,0.46538,0.33203,0.64808,0.66602,177.0,120.0,251.0,217.0,1,places_top,False
train/00000003/00003636.jpg,121820,0.43,0.19,0.28,0.81,0.546,0.26,0.544,0.282,246.0,93.0,301.0,154.0,1,actions,False
train/00000064/00064617.jpg,104444,0.09,0.1,0.95,1.01,0.59273,0.41273,0.050909,0.45364,424.0,90.0,608.0,302.0,1,places_top,False
train/00000101/00101662.jpg,101375,0.08,0.3,0.33,1.04,0.29091,0.45078,0.32727,0.6668,157.0,189.0,224.0,262.0,1,places_top,False
train/00000025/00025156.jpg,61479,-0.02,-0.02,0.55,0.69,0.31765,0.20909,0.41229,0.53273,0.0,0.0,267.0,210.0,1,places_top,False
train/00000045/00045623.jpg,83504,0.36,0.09,0.6,1.02,0.77636,0.23818,0.50182,0.29273,586.0,88.0,648.0,150.0,1,places_top,False
train/00000074/00074215.jpg,50037,0.38,0.02,0.65,0.9,0.61273,0.21636,0.89091,0.92818,435.0,65.0,490.0,133.0,1,places_top,False
train/00000015/00015097.jpg,10382,0.54,0.02,0.34,0.95,0.798,0.10615,0.212,0.19274,386.0,16.0,431.0,71.0,1,coco_val,False
train/00000039/00039150.jpg,35809,0.29,0.08,0.43,0.87,0.38,0.21214,0.40182,0.72754,269.0,70.0,315.0,120.0,1,places_top,False
train/00000070/00070279.jpg,21854,0.02,0.11,0.23,0.89,0.11091,0.176,0.26182,0.29537,26.0,53.0,89.0,124.0,1,places_top,False
train/00000038/00038158.jpg,72329,0.32,0.26,0.57,0.76,0.44182,0.33023,0.36,0.40097,281.0,147.0,310.0,182.0,1,places_top,False
train/00000065/00065095.jpg,89867,0.05,0.08,0.37,1.01,0.24364,0.22825,0.85636,0.27354,142.0,55.0,236.0,162.0,1,places_top,False
train/00000058/00058509.jpg,81679,0.01,0.15,0.18,0.63,0.085455,0.32273,0.061818,0.54432,31.0,108.0,93.0,191.0,1,places_top,False
train/00000111/00111880.jpg,27932,0.0,0.01,0.27,0.51,0.20545,0.15091,0.48727,0.19455,85.0,13.0,170.0,116.0,1,places_top,False
train/00000042/00042193.jpg,66869,0.45,0.18,0.56,0.95,0.76,0.30112,0.70182,0.5,505.0,119.0,554.0,175.0,1,places_top,False
train/00000085/00085041.jpg,73682,0.04,0.01,0.72,0.86,0.59273,0.15559,0.77273,0.57276,288.0,1.0,435.0,153.0,1,places_top,False
train/00000031/00031196.jpg,12013,0.35,0.1,0.62,0.93,0.40727,0.21354,0.27455,0.15139,284.0,84.0,343.0,149.0,1,places_top,False
train/00000096/00096091.jpg,22951,0.42,0.15,0.61,0.59,0.68727,0.38115,0.29636,0.82016,446.0,153.0,500.0,226.0,1,places_top,False
train/00000019/00019787.jpg,51089,0.09,0.13,0.91,0.85,0.60811,0.254,0.56006,0.414,172.0,69.0,233.0,153.0,1,coco_val,False
train/00000040/00040899.jpg,85777,0.09,0.18,0.23,0.85,0.14909,0.25746,0.023636,0.3472,81.0,98.0,133.0,154.0,1,places_top,False
train/00000115/00115197.jpg,85932,0.15,0.14,0.6,0.97,0.29455,0.25078,0.36364,0.26211,140.0,78.0,214.0,173.0,1,places_top,False
train/00000113/00113668.jpg,10256,0.0,0.14,0.37,0.76,0.30364,0.21455,0.58182,0.80727,104.0,124.0,168.0,208.0,1,places_top,False
train/00000079/00079096.jpg,40395,0.14,0.14,0.79,1.1,0.49455,0.24533,0.43818,0.45149,284.0,72.0,380.0,199.0,1,places_top,False
train/00000032/00032208.jpg,41450,0.3,0.06,0.76,0.6,0.52512,0.12364,0.45433,0.22,268.0,24.0,343.0,113.0,1,places_top,False
train/00000066/00066231.jpg,108544,0.19,0.1,0.78,0.85,0.53565,0.18909,0.41343,0.21273,260.0,81.0,354.0,184.0,1,places_top,False
train/00000076/00076197.jpg,106790,0.01,0.04,0.21,0.99,0.17273,0.1375,0.76,0.23,56.0,12.0,143.0,114.0,1,places_top,False
train/00000060/00060655.jpg,78102,0.1,0.16,0.57,0.85,0.42727,0.43209,0.47636,0.63825,254.0,161.0,321.0,241.0,1,places_top,False
train/00000020/00020088.jpg,118665,0.0,0.42,0.31,0.57,0.024848,0.43636,0.63091,0.19455,0.0,252.0,31.0,311.0,1,coco_val,False
train/00000081/00081378.jpg,19052,0.34,0.18,0.63,0.84,0.35273,0.41268,0.34,0.6528,225.0,159.0,278.0,230.0,1,places_top,False
train/00000011/00011094.jpg,27192,0.18,0.26,0.29,0.61,0.32909,0.34357,0.45636,0.9446,193.0,115.0,230.0,166.0,1,coco,False
train/00000011/00011874.jpg,71253,0.0,0.07,0.64,0.92,0.386,0.26533,0.664,0.67867,100.0,28.0,205.0,152.0,1,coco,False
train/00000010/00010267.jpg,1153,0.25,0.19,0.28,0.64,0.474,0.26696,0.542,0.5472,220.0,68.0,244.0,101.0,1,coco,False
train/00000093/00093191.jpg,100911,0.12,0.27,0.36,0.56,0.29365,0.44065,0.49244,0.35744,141.0,182.0,224.0,272.0,1,places_top,False
train/00000004/00004040.jpg,90460,0.44,0.01,0.56,0.99,0.71091,0.28883,0.5,0.66263,529.0,0.0,770.0,266.0,1,actions,False
train/00000033/00033888.jpg,47161,0.01,0.2,0.37,0.9,0.19594,0.24182,0.24406,0.25818,57.0,115.0,111.0,181.0,1,places_top,False
train/00000092/00092223.jpg,123387,0.39,0.03,0.6,0.86,0.50909,0.15636,0.54182,0.66364,372.0,35.0,426.0,111.0,1,places_top,False
train/00000092/00092412.jpg,47107,0.04,0.19,0.42,0.75,0.23273,0.27636,0.70182,0.16545,57.0,149.0,142.0,238.0,1,places_top,False
train/00000078/00078409.jpg,91978,0.06,0.04,0.91,0.97,0.43345,0.14675,0.346,0.22493,145.0,34.0,272.0,192.0,1,places_top,False
train/00000091/00091968.jpg,98873,0.17,0.07,0.93,0.63,0.55161,0.18545,0.27638,0.65091,246.0,54.0,327.0,167.0,1,places_top,False
train/00000017/00017436.jpg,26778,0.38,0.23,0.49,0.76,0.63636,0.36858,0.24909,0.37132,389.0,108.0,479.0,215.0,1,coco_val,False
train/00000063/00063269.jpg,24316,0.03,0.15,0.45,1.03,0.22364,0.18747,0.81455,0.41776,102.0,61.0,199.0,157.0,1,places_top,False
train/00000024/00024145.jpg,15284,0.08,0.12,0.47,0.93,0.38477,0.19727,0.41992,0.28516,171.0,73.0,206.0,118.0,1,places_top,False
train/00000091/00091205.jpg,2328,0.15,0.04,0.37,0.97,0.24727,0.2115,0.26909,0.49117,172.0,45.0,231.0,132.0,1,places_top,False
train/00000059/00059421.jpg,53532,0.33,0.14,0.43,0.91,0.57091,0.27717,0.75455,0.2557,374.0,82.0,446.0,173.0,1,places_top,False
train/00000071/00071646.jpg,35195,0.0,-0.02,0.57,1.01,0.30811,0.13273,0.38584,0.73455,104.0,0.0,226.0,152.0,1,places_top,False
train/00000102/00102449.jpg,52774,0.23,0.11,0.37,0.77,0.36727,0.24784,0.50727,0.68011,186.0,76.0,240.0,137.0,1,places_top,False
train/00000000/00000254.jpg,93909,0.19,0.51,0.41,0.49,0.39333,0.59509,0.49333,0.60429,80.0,174.0,131.0,230.0,1,actions,False
train/00000086/00086913.jpg,42113,0.26,0.16,0.63,0.97,0.49455,0.432,0.0018182,0.53808,315.0,131.0,471.0,324.0,1,places_top,False
train/00000002/00002682.jpg,110433,0.34,0.2,0.22,0.57,0.47,0.25355,0.495,0.31754,168.0,83.0,197.0,122.0,1,actions,False
train/00000075/00075557.jpg,58069,0.0,0.1,0.2,0.9,0.12909,0.21364,0.40364,0.51636,58.0,75.0,110.0,142.0,1,places_top,False
train/00000019/00019730.jpg,73777,0.28,0.16,0.25,0.53,0.43636,0.36667,0.44182,0.46121,249.0,146.0,309.0,206.0,1,coco_val,True
train/00000016/00016721.jpg,63152,0.0,0.11,0.53,0.89,0.276,0.42267,0.34,0.79067,62.0,78.0,189.0,239.0,1,coco_val,False
train/00000106/00106301.jpg,76235,0.26,0.17,0.52,1.0,0.43818,0.31703,0.50727,0.37984,259.0,88.0,378.0,218.0,1,places_top,False
train/00000010/00010902.jpg,11069,0.12,0.0,0.69,1.0,0.49455,0.2697,0.35818,0.48788,94.0,11.0,468.0,420.0,1,coco,True
train/00000048/00048455.jpg,91053,0.39,0.2,0.49,0.84,0.49455,0.28327,0.45818,0.27563,342.0,133.0,384.0,175.0,1,places_top,False
train/00000042/00042626.jpg,61568,0.14,0.09,0.52,0.91,0.39455,0.22835,0.96364,0.85654,217.0,57.0,289.0,146.0,1,places_top,False
train/00000032/00032764.jpg,14516,0.05,0.22,0.33,0.73,0.1699,0.27734,0.20291,0.27539,78.0,128.0,92.0,146.0,1,places_top,False
train/00000111/00111977.jpg,105842,0.01,0.02,0.31,1.01,0.23273,0.17,0.75455,0.17545,108.0,29.0,208.0,142.0,1,places_top,False
train/00000116/00116337.jpg,71311,0.34,0.25,0.68,0.6,0.58727,0.32801,0.69091,0.42852,339.0,141.0,371.0,180.0,1,places_top,False
train/00000096/00096704.jpg,86516,0.19,0.14,0.7,1.02,0.49818,0.36909,0.86727,0.63636,249.0,98.0,405.0,278.0,1,places_top,False
train/00000018/00018714.jpg,86780,0.37,0.57,0.45,0.42,0.58909,0.63818,0.40727,0.76182,330.0,360.0,390.0,420.0,1,coco_val,True
train/00000064/00064443.jpg,37772,0.21,0.27,0.5,0.87,0.52812,0.37455,0.58949,0.12545,213.0,240.0,268.0,298.0,1,places_top,False
train/00000110/00110758.jpg,17011,0.23,0.24,0.41,0.7,0.47273,0.35689,0.47818,0.73944,343.0,146.0,386.0,195.0,1,places_top,False
train/00000089/00089432.jpg,39370,-0.01,0.11,0.41,0.98,0.35091,0.16193,0.86545,0.39858,182.0,10.0,281.0,138.0,1,places_top,False
train/00000054/00054591.jpg,121633,0.34,0.04,0.7,0.99,0.56727,0.11273,0.45636,0.099091,417.0,6.0,523.0,110.0,1,places_top,False
train/00000008/00008804.jpg,118977,0.31,0.31,0.15,0.56,0.40545,0.38473,0.40182,0.51372,229.0,134.0,264.0,170.0,1,coco,False
train/00000044/00044988.jpg,104057,0.22,0.04,0.69,1.12,0.51462,0.16364,0.77771,0.24,157.0,35.0,281.0,190.0,1,places_top,False
train/00000016/00016915.jpg,81748,0.62,0.16,0.25,0.84,0.7414,0.25273,0.25483,0.37818,436.0,113.0,513.0,204.0,1,coco_val,False
train/00000017/00017052.jpg,16708,0.37,0.18,0.25,0.81,0.43818,0.22476,0.2,0.46185,257.0,77.0,301.0,125.0,1,coco_val,False
train/00000005/00005413.jpg,38121,0.73,0.54,0.27,0.46,0.84182,0.72074,0.72182,0.85699,503.0,229.0,574.0,312.0,1,coco,False
train/00000055/00055506.jpg,104570,0.06,0.1,0.73,0.85,0.56545,0.41818,0.37818,0.92273,333.4,138.2,547.6,304.8,1,places_top,True
train/00000114/00114572.jpg,20232,0.42,0.17,0.73,0.51,0.60091,0.22182,0.66364,0.55818,274.0,113.0,318.0,169.0,1,places_top,False
train/00000063/00063619.jpg,2268,0.14,0.03,0.25,0.5,0.18182,0.12145,0.13636,0.33402,137.0,35.0,161.0,65.0,1,places_top,False
train/00000032/00032311.jpg,121966,0.14,0.31,0.35,0.9,0.27818,0.38843,0.5,0.59702,151.0,165.0,204.0,223.0,1,places_top,False
train/00000004/00004258.jpg,32689,0.01,0.23,0.8,0.77,0.7,0.40929,0.72667,0.79867,145.0,109.0,236.0,217.0,1,actions,False
train/00000109/00109651.jpg,93686,0.17,-0.02,0.92,0.9,0.59237,0.10727,0.83143,0.68727,214.0,0.0,358.0,177.0,1,places_top,False
train/00000090/00090785.jpg,120672,0.29,0.22,0.52,0.55,0.37455,0.43936,0.39091,0.27929,197.0,190.0,260.0,268.0,1,places_top,False
train/00000092/00092332.jpg,89902,0.26,0.15,0.74,0.88,0.44531,0.27148,0.5332,0.46484,193.0,100.0,247.0,171.0,1,places_top,False
train/00000064/00064519.jpg,4628,0.27,0.15,0.78,0.99,0.39636,0.3213,0.7,0.3429,174.0,121.0,250.0,199.0,1,places_top,False
train/00000079/00079775.jpg,48918,0.05,0.3,0.22,0.75,0.085455,0.34877,0.10242,0.33869,43.0,169.0,66.0,194.0,1,places_top,False
train/00000045/00045019.jpg,16060,0.34,0.15,0.46,0.69,0.40364,0.18828,0.49636,0.45078,299.0,67.0,333.0,110.0,1,places_top,False
train/00000116/00116801.jpg,80459,0.01,0.01,0.37,0.78,0.32537,0.092727,0.84441,0.69818,85.0,10.0,187.0,148.0,1,places_top,False
train/00000021/00021452.jpg,98768,0.08,0.26,0.26,0.65,0.248,0.37988,0.272,0.91441,94.0,88.0,138.0,151.0,1,pascal,False
train/00000017/00017077.jpg,120430,0.84,0.44,0.16,0.56,0.96702,0.53667,0.36156,0.46758,583.0,265.0,612.0,381.0,1,coco_val,False
train/00000077/00077952.jpg,121526,0.25,0.17,0.45,0.44,0.63895,0.20708,0.37955,0.23294,427.0,87.0,476.0,131.0,1,places_top,False
train/00000099/00099500.jpg,31106,0.34,-0.03,0.69,0.91,0.48727,0.056033,0.34727,0.60623,343.0,0.0,435.0,79.0,1,places_top,False
train/00000068/00068291.jpg,91317,0.07,0.16,0.31,0.84,0.28364,0.31455,0.36,0.33909,153.0,81.0,243.0,202.0,1,places_top,False
train/00000066/00066936.jpg,15590,0.03,0.04,0.36,0.99,0.24727,0.11678,0.39455,0.34962,129.0,11.0,204.0,102.0,1,places_top,False
train/00000057/00057116.jpg,118724,0.25,0.22,0.5,0.41,0.43473,0.29277,0.52223,0.3959,189.0,118.0,227.0,170.0,1,places_top,False
train/00000014/00014724.jpg,76522,0.43,0.0,0.57,0.99,0.91091,0.14846,0.48909,0.83519,502.0,0.0,640.0,188.0,1,coco,False
train/00000095/00095684.jpg,101547,0.2,0.31,0.33,0.67,0.26727,0.3763,0.19818,0.37388,172.0,171.0,198.0,201.0,1,places_top,False
train/00000068/00068341.jpg,89650,0.0,0.08,0.62,0.92,0.45091,0.2429,0.84182,0.5194,175.0,46.0,339.0,243.0,1,places_top,False
train/00000083/00083209.jpg,55933,0.18,0.24,0.27,0.81,0.22909,0.29295,0.30727,0.84939,197.0,130.0,233.0,170.0,1,places_top,False
train/00000018/00018338.jpg,59961,0.0,0.23,0.17,0.56,0.090931,0.26909,0.19596,0.26,41.0,149.0,69.0,193.0,1,coco_val,False
train/00000117/00117707.jpg,124596,0.19,-0.04,0.92,0.88,0.60909,0.115,0.3,0.8425,373.0,0.0,463.0,96.0,1,places_top,False
train/00000038/00038169.jpg,49901,0.22,0.24,0.42,1.07,0.57636,0.3763,0.30545,0.3472,379.0,170.0,416.0,216.0,1,places_top,False
train/00000047/00047570.jpg,61129,0.2,0.14,0.44,0.98,0.36545,0.31567,0.55091,0.31809,169.0,84.0,271.0,198.0,1,places_top,False
train/00000093/00093863.jpg,42235,0.06,0.36,0.19,0.69,0.13091,0.39857,0.13455,0.51371,81.0,183.0,108.0,213.0,1,places_top,True
train/00000054/00054262.jpg,91255,0.36,0.06,0.92,0.91,0.63636,0.29961,0.28,0.62246,351.0,24.0,513.0,243.0,1,places_top,False
train/00000098/00098359.jpg,102322,0.24,0.31,0.46,0.67,0.36545,0.37531,0.55818,0.35453,276.0,158.0,331.0,225.0,1,places_top,False
train/00000074/00074511.jpg,68343,0.1,0.3,0.57,0.6,0.41268,0.38545,0.51698,0.61636,183.0,219.0,236.0,291.0,1,places_top,False
train/00000068/00068090.jpg,110144,0.1,0.27,0.32,0.65,0.24,0.36418,0.23273,0.54851,133.0,135.0,188.0,201.0,1,places_top,False
train/00000027/00027122.jpg,63881,0.27,0.22,0.5,0.87,0.35455,0.38358,0.21818,0.56791,220.0,144.0,295.0,230.0,1,places_top,False
train/00000004/00004713.jpg,83944,0.22,0.38,0.77,0.62,0.61667,0.6025,0.52,0.8275,144.0,160.0,222.0,253.0,1,actions,False
train/00000014/00014450.jpg,53181,0.39,0.27,0.12,0.6,0.44,0.33649,0.64727,0.29561,261.0,116.0,292.0,153.0,1,coco,False
train/00000016/00016128.jpg,14999,0.44,0.33,0.24,0.45,0.61991,0.37455,0.59265,0.83455,240.0,217.0,271.0,263.0,1,coco_val,False
train/00000032/00032815.jpg,3194,0.11,0.14,0.71,0.85,0.36954,0.21636,0.44292,0.19818,139.0,128.0,204.0,195.0,1,places_top,False
train/00000099/00099497.jpg,67643,0.36,-0.04,0.7,0.93,0.468,0.28792,0.43709,0.7245,270.0,6.0,415.0,186.0,1,places_top,False
train/00000088/00088722.jpg,32677,0.3,0.33,0.48,0.69,0.38,0.39571,0.43818,0.51455,221.0,162.0,280.0,243.0,1,places_top,False
train/00000024/00024034.jpg,39472,0.03,0.21,0.8,0.79,0.52042,0.37112,0.21208,0.47312,236.0,104.0,371.0,261.0,1,pascal,False
train/00000073/00073867.jpg,37648,0.19,0.14,0.34,0.75,0.31091,0.31727,0.65818,0.57091,211.0,141.0,247.0,190.0,1,places_top,False
train/00000002/00002995.jpg,48754,0.5,0.07,0.39,0.7,0.73529,0.12333,0.63003,0.38667,228.0,21.0,254.0,52.0,1,actions,False
train/00000041/00041295.jpg,112102,0.0,-0.02,0.43,0.86,0.19216,0.050909,0.54673,0.19818,54.0,0.0,152.0,82.0,1,places_top,False
train/00000016/00016768.jpg,72719,0.0,0.3,0.2,0.41,0.172,0.35333,0.514,0.356,62.0,114.0,89.0,144.0,1,coco_val,False
train/00000050/00050011.jpg,85281,0.13,0.05,0.54,1.01,0.32727,0.20895,0.10182,0.50728,189.0,46.0,285.0,163.0,1,places_top,False
train/00000069/00069104.jpg,37816,0.14,0.07,0.38,0.94,0.32727,0.191,0.43273,0.88236,185.0,43.0,250.0,122.0,1,places_top,False
train/00000080/00080932.jpg,121902,0.25,0.29,0.4,0.75,0.25937,0.30547,0.54866,0.28609,112.0,152.0,152.0,199.0,1,places_top,False
train/00000050/00050784.jpg,47110,0.36,0.12,0.64,0.91,0.55173,0.20784,0.55821,0.67329,255.0,93.0,302.0,157.0,1,places_top,False
train/00000060/00060385.jpg,3474,0.27,0.11,0.83,0.82,0.65091,0.27929,0.61455,0.66978,406.0,90.0,468.0,159.0,1,places_top,False
train/00000100/00100709.jpg,24057,0.15,0.04,0.42,0.99,0.29107,0.15745,0.34744,0.40291,189.0,24.0,250.0,111.0,1,places_top,False
train/00000059/00059480.jpg,120193,0.17,0.22,0.4,1.01,0.33636,0.30091,0.71273,0.47273,183.0,104.0,275.0,208.0,1,places_top,False
train/00000072/00072997.jpg,32735,0.13,-0.02,0.81,0.95,0.51278,0.13636,0.49489,0.84545,144.0,1.0,424.0,148.0,1,places_top,False
train/00000057/00057750.jpg,100992,0.05,0.32,0.21,0.7,0.16073,0.36311,0.38618,0.34613,76.0,162.0,115.0,209.0,1,places_top,False
train/00000067/00067977.jpg,12328,0.26,0.06,0.66,0.68,0.57909,0.12727,0.66636,0.50545,238.0,44.0,305.0,130.0,1,places_top,False
train/00000070/00070497.jpg,94334,0.2,0.14,0.88,0.94,0.53236,0.26338,0.54873,0.60795,276.0,22.0,403.0,175.0,1,places_top,False
train/00000056/00056775.jpg,123739,0.31,0.14,0.91,0.69,0.71289,0.31836,0.79492,0.46094,305.0,89.0,382.0,180.0,1,places_top,False
train/00000049/00049427.jpg,33330,0.33,-0.07,0.66,0.85,0.50909,0.18636,0.54364,0.57909,337.0,13.0,447.0,159.0,1,places_top,False
train/00000079/00079219.jpg,25140,0.26,0.1,1.01,0.92,0.74414,0.26367,0.17188,0.50781,335.0,39.0,473.0,216.0,1,places_top,False
train/00000034/00034260.jpg,75556,0.17,0.19,0.75,1.02,0.46455,0.31455,0.24091,0.32727,163.0,155.0,303.0,319.0,1,places_top,False
train/00000048/00048547.jpg,93096,0.4,0.32,0.55,0.76,0.46727,0.3763,0.44182,0.27929,313.0,161.0,363.0,223.0,1,places_top,False
train/00000102/00102013.jpg,100154,-0.05,-0.01,0.75,1.03,0.33818,0.25503,0.40182,0.24048,68.0,3.0,273.0,259.0,1,places_top,False
train/00000082/00082988.jpg,83965,0.08,0.38,0.45,0.71,0.29,0.46182,0.47,0.43091,101.0,303.0,162.0,368.0,1,places_top,False
train/00000043/00043022.jpg,12485,0.46,0.31,0.54,0.96,0.50182,0.39342,0.54,0.42722,341.0,173.0,379.0,209.0,1,places_top,False
train/00000109/00109362.jpg,6622,0.01,0.27,0.18,0.9,0.10727,0.33909,0.79636,0.2,30.0,142.0,88.0,203.0,1,places_top,False
train/00000009/00009956.jpg,88003,0.16,0.07,0.5,0.88,0.26364,0.16287,0.18182,0.5696,120.0,42.0,203.0,112.0,1,coco,True
train/00000048/00048991.jpg,100947,0.22,0.04,0.85,0.97,0.45455,0.16727,0.68182,0.63091,271.0,0.0,394.0,147.0,1,places_top,False
train/00000010/00010586.jpg,29051,0.0,0.18,0.26,0.82,0.034,0.28182,0.54088,0.26364,0.0,110.0,35.0,249.0,1,coco,False
train/00000070/00070269.jpg,11063,0.19,-0.03,1.01,0.97,0.44364,0.35394,0.25636,0.73694,333.0,0.0,714.0,332.0,1,places_top,False
train/00000011/00011245.jpg,96179,0.51,0.1,0.49,0.87,0.666,0.32933,0.738,0.88667,282.0,43.0,388.0,167.0,1,coco,False
train/00000039/00039482.jpg,110920,0.11,0.05,0.72,0.89,0.38545,0.19545,0.1,0.65909,224.0,61.0,295.0,135.0,1,places_top,False
train/00000106/00106818.jpg,42059,0.03,0.2,0.24,0.99,0.11636,0.33369,0.45091,0.47021,67.0,144.0,111.0,200.0,1,places_top,False
train/00000036/00036191.jpg,16486,0.4,0.28,0.53,0.95,0.49273,0.39364,0.64727,0.57364,321.0,142.0,396.0,222.0,1,places_top,False
train/00000039/00039432.jpg,16908,0.24,0.07,0.68,0.52,0.36727,0.2,0.68,0.34727,225.0,42.0,289.0,121.0,1,places_top,False
train/00000098/00098879.jpg,98039,0.21,0.22,0.89,0.83,0.52727,0.2293,0.73455,0.69141,354.0,68.0,424.0,160.0,1,places_top,False
train/00000078/00078947.jpg,117295,0.02,0.05,0.18,0.71,0.18,0.1343,0.29455,0.42008,71.0,22.0,128.0,95.0,1,places_top,False
train/00000109/00109995.jpg,17405,0.03,0.15,0.16,0.54,0.067273,0.23513,0.12182,0.24368,7.0,87.0,68.0,153.0,1,places_top,False
train/00000011/00011975.jpg,48048,0.11,0.31,0.33,0.5,0.27333,0.34498,0.56,0.30069,63.0,135.0,89.0,162.0,1,coco,False
train/00000077/00077927.jpg,28845,0.1,0.08,0.47,0.86,0.35455,0.20767,0.63818,0.24943,190.0,36.0,300.0,148.0,1,places_top,False
train/00000081/00081180.jpg,123543,0.16,0.06,0.59,1.0,0.69636,0.77603,0.5994,0.73239,527.0,393.0,539.0,406.0,1,places_top,False
train/00000019/00019008.jpg,11049,0.01,0.4,0.46,0.59,0.15818,0.49758,0.68,0.46364,12.0,194.0,111.0,295.0,1,coco_val,False
train/00000111/00111627.jpg,80002,0.25,0.28,0.54,0.83,0.34941,0.37975,0.72274,0.1652,212.0,165.0,276.0,223.0,1,places_top,False
train/00000016/00016045.jpg,102001,0.15,0.19,0.34,0.74,0.36,0.36374,0.29636,0.70439,193.0,86.0,259.0,177.0,1,coco_val,False
train/00000102/00102580.jpg,148,0.39,0.08,0.61,0.37,0.51818,0.1142,0.64182,0.22271,334.0,36.0,378.0,91.0,1,places_top,False
train/00000016/00016167.jpg,18400,0.11,0.0,0.79,1.0,0.41636,0.25201,0.46182,0.52998,182.0,0.0,422.0,262.0,1,coco_val,False
train/00000033/00033112.jpg,69977,0.26,0.35,0.68,0.68,0.56,0.36909,0.27636,0.31636,281.0,266.0,318.0,312.0,1,places_top,False
train/00000048/00048231.jpg,58588,0.12,0.15,0.46,0.92,0.31455,0.23685,0.53273,0.33497,166.0,93.0,219.0,156.0,1,places_top,False
train/00000055/00055303.jpg,71086,0.16,0.34,0.44,0.75,0.41636,0.38818,0.25273,0.45364,307.0,159.0,373.0,231.0,1,places_top,False
train/00000058/00058670.jpg,124128,0.01,0.18,0.31,1.06,0.089091,0.26273,0.53273,0.81091,15.0,67.0,99.0,177.0,1,places_top,False
train/00000108/00108118.jpg,96294,0.04,0.04,0.22,0.81,0.11818,0.16467,0.22364,0.15428,46.0,58.0,85.0,103.0,1,places_top,False
train/00000108/00108656.jpg,99924,0.16,0.13,0.96,1.07,0.675,0.24,0.67045,0.59273,315.0,65.0,434.0,216.0,1,places_top,False
train/00000056/00056732.jpg,80980,0.0,0.01,0.18,0.56,0.094545,0.031815,0.30545,0.083835,27.0,0.0,79.0,23.0,1,places_top,False
train/00000028/00028447.jpg,10901,0.37,0.05,0.73,0.96,0.55455,0.21091,0.87636,0.73182,363.0,24.0,463.0,159.0,1,places_top,False
train/00000109/00109738.jpg,58526,0.23,0.02,0.41,0.87,0.35273,0.094261,0.49091,0.20392,228.0,12.0,279.0,73.0,1,places_top,False
train/00000043/00043954.jpg,86879,0.31,0.03,0.71,1.02,0.43091,0.25261,0.38727,0.54123,248.0,12.0,389.0,201.0,1,places_top,False
train/00000081/00081243.jpg,108118,0.32,0.06,0.78,0.94,0.37273,0.48364,0.26727,0.55727,217.0,152.0,334.0,266.0,1,places_top,False
train/00000037/00037382.jpg,57805,0.11,0.09,0.43,0.79,0.29091,0.27334,0.32545,0.58192,180.0,75.0,265.0,190.0,1,places_top,False
train/00000061/00061935.jpg,104196,0.29,0.12,0.43,0.59,0.71091,0.27636,0.56364,0.87364,510.0,63.0,611.0,192.0,1,places_top,False
train/00000071/00071868.jpg,7449,0.06,0.19,0.88,0.68,0.73455,0.37636,0.58455,0.62909,337.0,170.0,471.0,316.0,1,places_top,False
train/00000009/00009961.jpg,88622,0.47,0.01,0.53,0.98,0.73515,0.10545,0.39818,0.85091,343.0,1.0,461.0,102.0,1,coco,False
train/00000011/00011203.jpg,68304,0.25,0.18,0.21,0.79,0.37636,0.36909,0.32727,0.95818,166.0,89.0,258.0,189.0,1,coco,False
train/00000064/00064848.jpg,115142,0.44,0.29,0.57,0.83,0.46,0.33636,0.43455,0.34455,341.0,153.0,394.0,203.0,1,places_top,False
train/00000063/00063743.jpg,106603,0.04,0.0,0.35,0.85,0.15818,0.21137,0.28909,0.76437,40.0,39.0,128.0,139.0,1,places_top,False
train/00000111/00111139.jpg,12520,0.02,0.05,0.4,0.99,0.27455,0.16455,0.56727,0.25455,95.0,14.0,219.0,160.0,1,places_top,False
train/00000101/00101101.jpg,82517,0.36,0.22,0.71,0.99,0.57818,0.34235,0.42182,0.98751,362.0,109.0,423.0,203.0,1,places_top,False
train/00000041/00041604.jpg,940,-0.01,0.05,0.32,0.99,0.25795,0.28746,0.64064,0.16502,9.0,34.0,202.0,214.0,1,places_top,False
train/00000006/00006937.jpg,106853,0.45,0.32,0.42,0.67,0.62182,0.37679,0.46545,0.36584,384.0,139.0,427.0,186.0,1,coco,False
train/00000026/00026734.jpg,41829,0.12,0.12,0.42,0.95,0.28,0.27246,0.67273,0.28616,151.0,88.0,250.0,204.0,1,places_top,False
train/00000012/00012080.jpg,37008,0.1,0.47,0.23,0.47,0.27636,0.52359,0.66182,0.29558,156.0,211.0,185.0,243.0,1,coco,False
train/00000111/00111614.jpg,46585,-0.02,0.06,0.4,1.08,0.35273,0.24158,0.65273,0.84546,165.0,13.0,303.0,178.0,1,places_top,False
train/00000032/00032946.jpg,37037,0.3,0.1,0.7,0.98,0.57636,0.27455,0.73455,0.34727,227.0,161.0,301.0,251.0,1,places_top,False
train/00000097/00097649.jpg,122895,0.28,0.16,0.45,0.53,0.32182,0.2429,0.31636,0.32537,211.0,91.0,258.0,150.0,1,places_top,False
train/00000095/00095686.jpg,124028,0.37,0.24,0.73,0.58,0.40545,0.42091,0.58909,0.51091,243.0,174.0,334.0,258.0,1,places_top,False
train/00000104/00104550.jpg,110323,0.04,-0.02,0.24,0.31,0.20153,0.0060727,0.47789,0.35516,151.0,0.0,170.0,10.0,1,places_top,False
train/00000095/00095520.jpg,111437,0.07,0.0,0.21,0.83,0.22364,0.066364,0.66727,0.71818,140.0,0.0,191.0,65.0,1,places_top,False
train/00000018/00018064.jpg,19773,0.28,0.68,0.27,0.31,0.39091,0.69636,0.2,0.61152,217.0,323.0,301.0,431.0,1,coco_val,False
train/00000003/00003139.jpg,98288,0.34,0.01,0.31,0.99,0.48896,0.19333,0.40066,0.49667,209.0,3.0,274.0,87.0,1,actions,False
train/00000020/00020390.jpg,21476,0.62,0.34,0.12,0.38,0.628,0.37467,0.596,0.44933,316.0,130.0,332.0,148.0,1,imagenet,False
train/00000005/00005287.jpg,53049,0.03,0.27,0.71,0.73,0.5,0.31091,0.58002,0.04,129.0,172.0,189.0,239.0,1,coco,False
train/00000111/00111253.jpg,35331,0.35,0.14,0.54,0.89,0.52364,0.29273,0.74,0.25727,345.0,103.0,409.0,178.0,1,places_top,False
train/00000100/00100970.jpg,23704,0.27,0.18,0.49,0.63,0.48893,0.26172,0.51292,0.60156,237.0,106.0,268.0,144.0,1,places_top,False
train/00000016/00016999.jpg,70330,0.69,0.17,0.19,0.5,0.74727,0.29289,0.71455,0.5,451.0,81.0,506.0,153.0,1,coco_val,False
train/00000087/00087234.jpg,59919,0.23,0.1,0.66,0.94,0.5041,0.22364,0.62499,0.44545,176.0,57.0,270.0,170.0,1,places_top,False
train/00000008/00008489.jpg,13480,0.46,0.08,0.23,0.83,0.61091,0.26564,0.64545,0.90332,352.0,45.0,423.0,146.0,1,coco,False
train/00000102/00102469.jpg,47509,0.06,0.04,0.28,0.79,0.23455,0.1449,0.41636,0.65251,114.0,20.0,164.0,80.0,1,places_top,False
train/00000040/00040349.jpg,55658,0.34,0.08,0.82,1.01,0.60909,0.28342,0.55455,0.85639,456.0,43.0,580.0,203.0,1,places_top,False
train/00000090/00090571.jpg,87133,0.11,0.11,0.64,1.15,0.66,0.32537,0.43818,0.29384,428.0,94.0,553.0,246.0,1,places_top,False
train/00000011/00011669.jpg,26707,0.43,0.01,0.52,0.92,0.60182,0.19091,0.53879,0.22182,277.0,5.0,448.0,177.0,1,coco,False
train/00000006/00006917.jpg,89698,0.65,0.65,0.2,0.35,0.66,0.87954,0.33091,0.72105,415.0,184.0,509.0,279.0,1,coco,False
train/00000019/00019584.jpg,81563,0.56,0.32,0.19,0.58,0.68182,0.35778,0.53636,0.18453,421.0,144.0,467.0,195.0,1,coco_val,False
train/00000067/00067605.jpg,93829,0.01,0.0,0.23,0.99,0.13636,0.056364,0.21455,0.4297,81.0,9.0,113.0,48.0,1,places_top,False
train/00000017/00017701.jpg,36890,0.06,0.04,0.86,0.65,0.62536,0.32727,0.5763,0.46182,191.0,31.0,374.0,291.0,1,coco_val,False
train/00000003/00003504.jpg,96667,0.01,0.09,0.99,0.91,0.54937,0.28455,0.4055,0.41612,113.0,43.0,198.0,166.0,1,actions,False
train/00000107/00107497.jpg,100000,0.06,0.06,0.4,0.88,0.29273,0.2027,0.88545,0.86526,123.0,61.0,185.0,137.0,1,places_top,False
train/00000042/00042158.jpg,119523,0.11,0.03,0.79,0.53,0.54091,0.13818,0.58727,0.52909,207.0,46.0,308.0,177.0,1,places_top,False
train/00000097/00097783.jpg,7790,0.33,0.28,0.46,0.99,0.38,0.39086,0.16909,0.04402,249.0,184.0,290.0,227.0,1,places_top,False
train/00000005/00005654.jpg,97828,0.7,0.05,0.25,0.62,0.74727,0.17273,0.44545,0.62364,470.0,13.0,558.0,127.0,1,coco,False
train/00000049/00049201.jpg,17353,0.0,0.15,0.74,0.92,0.60091,0.34182,0.49727,0.68,202.0,130.0,362.0,325.0,1,places_top,False
train/00000030/00030638.jpg,113133,0.21,0.18,0.49,0.68,0.38727,0.23189,0.44182,0.39276,261.0,90.0,301.0,136.0,1,places_top,False
train/00000103/00103945.jpg,62048,0.3,0.16,0.8,0.82,0.46182,0.42341,0.45091,0.7561,257.0,63.0,446.0,308.0,1,places_top,False
train/00000109/00109732.jpg,107985,0.13,-0.04,0.42,0.74,0.21289,0.14329,0.17653,0.42986,121.0,0.0,223.0,98.0,1,places_top,False
train/00000022/00022351.jpg,82174,0.24,0.22,0.39,0.78,0.464,0.33733,0.216,0.5,221.0,87.0,276.0,154.0,1,pascal,False
train/00000063/00063262.jpg,66751,0.36,0.3,0.73,1.0,0.57664,0.36133,0.85949,0.45703,218.0,115.0,324.0,237.0,1,places_top,False
train/00000004/00004564.jpg,76742,0.43,0.01,0.45,0.99,0.59636,0.19182,0.53455,0.22182,353.0,1.0,472.0,142.0,1,actions,False
train/00000019/00019612.jpg,63609,0.37,0.13,0.38,0.73,0.438,0.26,0.172,0.908,206.0,53.0,258.0,116.0,1,coco_val,False
train/00000004/00004521.jpg,60033,0.17,0.17,0.65,0.76,0.45,0.2664,0.76333,0.22441,86.0,70.0,144.0,128.0,1,actions,False
train/00000006/00006807.jpg,76318,0.0,0.14,0.34,0.8,0.17636,0.39048,0.36545,0.58488,10.0,70.0,131.0,190.0,1,coco,False
train/00000068/00068806.jpg,25431,0.38,0.14,0.76,0.98,0.58148,0.33091,0.67823,0.95455,268.0,159.0,335.0,257.0,1,places_top,False
train/00000116/00116570.jpg,43921,0.01,0.08,0.2,0.64,0.12909,0.17257,0.76364,0.34235,54.0,51.0,97.0,99.0,1,places_top,False
train/00000085/00085200.jpg,52656,0.33,0.13,0.65,0.38,0.52183,0.19636,0.3569,0.38,211.0,81.0,310.0,202.0,1,places_top,False
train/00000059/00059127.jpg,33267,0.29,0.21,0.45,0.88,0.36545,0.32152,0.36,0.9615,256.0,137.0,291.0,181.0,1,places_top,False
train/00000038/00038893.jpg,31380,0.18,0.05,0.5,0.87,0.33636,0.23866,0.40909,0.2881,198.0,85.0,242.0,145.0,1,places_top,False
train/00000010/00010535.jpg,28202,0.3,0.3,0.28,0.59,0.44182,0.35012,0.49455,0.54633,269.0,134.0,302.0,167.0,1,coco,False
train/00000103/00103856.jpg,6230,0.11,0.02,0.45,0.96,0.30727,0.23238,0.41636,0.37438,151.0,7.0,275.0,174.0,1,places_top,False
train/00000103/00103153.jpg,24992,0.21,0.31,0.47,0.67,0.39091,0.40455,0.46,0.82727,283.0,173.0,327.0,233.0,1,places_top,False
train/00000093/00093395.jpg,84680,0.01,0.07,0.17,0.79,0.10364,0.16364,0.56182,0.27955,47.0,58.0,87.0,105.0,1,places_top,False
train/00000099/00099695.jpg,33083,0.01,0.12,0.39,0.95,0.39636,0.358,0.47636,0.92601,217.0,56.0,352.0,222.0,1,places_top,False
train/00000053/00053700.jpg,63299,0.29,0.27,0.5,0.73,0.66545,0.34687,0.59455,0.57109,476.0,133.0,543.0,215.0,1,places_top,False
train/00000016/00016516.jpg,47057,0.2,0.06,0.28,0.68,0.29091,0.20296,0.33273,0.72891,143.0,26.0,223.0,134.0,1,coco_val,False
train/00000028/00028015.jpg,1524,0.04,0.15,0.14,0.59,0.090909,0.20818,0.84,0.22182,51.0,93.0,79.0,124.0,1,places_top,False
train/00000080/00080269.jpg,43666,0.17,0.08,0.79,0.88,0.29219,0.22727,0.40703,0.45273,92.0,89.0,205.0,206.0,1,places_top,False
train/00000024/00024485.jpg,38911,0.02,0.19,0.16,0.76,0.12182,0.24533,0.68182,0.54366,56.0,106.0,88.0,143.0,1,places_top,False
train/00000114/00114216.jpg,33786,0.28,0.05,0.68,0.77,0.49509,0.31818,0.44102,0.94727,239.0,183.0,275.0,236.0,1,places_top,False
train/00000005/00005138.jpg,83356,0.59,0.14,0.23,0.58,0.67818,0.18116,0.48727,0.78887,421.0,60.0,448.0,93.0,1,coco,False
train/00000015/00015260.jpg,14401,0.3,0.05,0.69,0.93,0.66896,0.21636,0.34194,0.54364,250.0,44.0,346.0,179.0,1,coco_val,False
train/00000007/00007189.jpg,33263,0.01,0.63,0.43,0.36,0.36555,0.75273,0.34354,0.89091,136.0,425.0,200.0,500.0,1,coco,False
train/00000105/00105160.jpg,31045,0.29,0.13,0.67,0.88,0.72656,0.22266,0.90039,0.65039,322.0,69.0,386.0,145.0,1,places_top,False
train/00000056/00056186.jpg,95820,0.01,0.28,0.39,1.05,0.24863,0.43164,0.49818,0.57812,50.0,163.0,140.0,265.0,1,places_top,False
train/00000024/00024220.jpg,18171,0.08,0.31,0.24,0.59,0.28364,0.35447,0.10364,0.36903,182.0,168.0,206.0,193.0,1,places_top,False
train/00000018/00018273.jpg,891,0.22,0.15,0.31,0.42,0.4455,0.20727,0.51363,0.54,160.0,108.0,191.0,145.0,1,coco_val,False
train/00000046/00046406.jpg,7311,0.05,0.29,0.42,0.84,0.33091,0.33636,0.5,0.57364,193.0,122.0,279.0,223.0,1,places_top,False
train/00000003/00003942.jpg,40228,0.12,0.07,0.61,0.93,0.51405,0.2,0.93091,0.415,166.0,33.0,234.0,119.0,1,actions,False
train/00000016/00016937.jpg,107305,0.01,0.02,0.73,0.97,0.32,0.18267,0.662,0.55867,32.0,1.0,196.0,188.0,1,coco_val,False
train/00000076/00076705.jpg,40811,0.43,0.01,0.91,0.97,0.61818,0.28727,0.47273,0.83273,445.0,23.0,596.0,212.0,1,places_top,False
train/00000067/00067675.jpg,109820,0.12,0.15,0.26,1.11,0.18909,0.32375,0.26,0.25699,116.0,130.0,153.0,175.0,1,places_top,False
train/00000022/00022135.jpg,76044,0.76,0.2,0.19,0.66,0.85,0.268,0.94,0.43333,406.0,79.0,438.0,112.0,1,pascal,False
train/00000014/00014958.jpg,30603,0.86,0.07,0.14,0.78,0.90364,0.12938,0.48,0.18661,562.0,33.0,605.0,83.0,1,coco_val,False
train/00000002/00002943.jpg,120366,0.54,0.2,0.46,0.66,0.725,0.27483,0.27,0.57947,282.0,90.0,322.0,145.0,1,actions,False
train/00000118/00118282.jpg,18889,0.09,0.56,0.25,0.41,0.225,0.65,0.35,0.65333,71.0,171.0,115.0,221.0,1,sun,False
train/00000096/00096483.jpg,125094,0.35,0.06,0.64,0.96,0.66,0.16727,0.45273,0.23,491.0,1.0,597.0,132.0,1,places_top,False
train/00000011/00011365.jpg,118864,0.38,0.15,0.33,0.69,0.52,0.24987,0.34,0.91869,314.0,80.0,356.0,133.0,1,coco,False
train/00000030/00030366.jpg,9076,0.35,0.05,0.71,0.75,0.50585,0.078125,0.49415,0.32227,245.0,0.0,313.0,78.0,1,places_top,False
train/00000073/00073694.jpg,69419,0.05,0.21,0.2,0.72,0.18,0.34182,0.22727,0.42091,111.0,152.0,142.0,188.0,1,places_top,False
train/00000109/00109611.jpg,13623,0.42,0.29,0.69,0.71,0.50545,0.3315,0.20727,0.13761,311.0,127.0,403.0,218.0,1,places_top,False
train/00000105/00105568.jpg,115098,0.24,0.17,0.33,0.59,0.50982,0.33643,0.53164,0.6008,338.0,152.0,358.0,179.0,1,places_top,False
train/00000089/00089425.jpg,16786,0.33,0.12,0.67,1.06,0.49273,0.21526,0.33818,0.23442,371.0,90.0,410.0,133.0,1,places_top,False
train/00000105/00105393.jpg,64670,0.29,0.05,0.57,0.94,0.39636,0.15364,0.21636,0.055455,277.0,29.0,342.0,102.0,1,places_top,False
train/00000071/00071946.jpg,6299,0.02,0.01,0.93,1.03,0.72,0.16211,0.41455,0.8211,307.0,0.0,519.0,182.0,1,places_top,False
train/00000007/00007839.jpg,93290,0.0,0.06,1.0,0.94,0.60901,0.34727,0.73436,0.90364,103.0,45.0,318.0,360.0,1,coco,False
train/00000081/00081128.jpg,115583,0.03,0.11,0.87,0.56,0.11984,0.35669,0.48539,0.23789,0.0,233.0,80.0,330.0,1,places_top,False
train/00000045/00045618.jpg,2671,0.2,0.09,0.95,1.0,0.58545,0.2094,0.29091,0.52193,437.0,24.0,574.0,188.0,1,places_top,False
train/00000046/00046272.jpg,102515,0.26,0.05,0.82,0.99,0.38909,0.38971,0.42909,0.29517,238.0,158.0,310.0,257.0,1,places_top,False
train/00000103/00103251.jpg,59514,0.14,0.03,0.44,1.03,0.27273,0.36892,0.51273,0.99155,158.0,119.0,231.0,220.0,1,places_top,False
train/00000032/00032100.jpg,115233,0.0,0.14,0.22,1.14,0.17273,0.31809,0.19818,0.614,67.0,96.0,152.0,190.0,1,places_top,False
train/00000007/00007821.jpg,39261,0.5,0.31,0.3,0.61,0.61467,0.37,0.316,0.932,211.0,159.0,250.0,207.0,1,coco,False
train/00000106/00106811.jpg,84764,0.18,0.1,0.51,0.6,0.23455,0.18129,0.58364,0.69477,102.0,59.0,143.0,116.0,1,places_top,False
train/00000097/00097430.jpg,32346,0.11,0.3,0.25,0.77,0.23455,0.37873,0.31091,0.57034,132.0,170.0,166.0,208.0,1,places_top,False
train/00000085/00085742.jpg,52079,0.32,0.3,0.6,0.75,0.44909,0.39091,0.33273,0.76455,313.0,142.0,391.0,247.0,1,places_top,False
train/00000009/00009363.jpg,54085,0.78,0.24,0.22,0.75,0.90909,0.36341,0.15818,0.28198,575.0,124.0,636.0,188.0,1,coco,False
train/00000071/00071738.jpg,7073,0.23,0.1,0.45,0.96,0.38364,0.25327,0.27273,0.75222,260.0,49.0,355.0,166.0,1,places_top,False
train/00000012/00012860.jpg,49952,0.14,0.01,0.66,0.97,0.498,0.32933,0.528,0.86267,197.0,11.0,308.0,167.0,1,coco,False
train/00000055/00055800.jpg,77669,0.03,0.15,0.42,0.98,0.20545,0.34182,0.47273,0.69364,66.0,113.0,178.0,233.0,1,places_top,False
train/00000004/00004600.jpg,112747,0.4,0.27,0.46,0.72,0.62333,0.37255,0.39667,0.39542,119.0,54.0,161.0,94.0,1,actions,False
train/00000087/00087775.jpg,71515,0.37,0.1,0.72,0.93,0.50727,0.24227,0.32,0.61544,357.0,43.0,443.0,160.0,1,places_top,False
train/00000008/00008216.jpg,117210,0.08,0.46,0.19,0.42,0.14327,0.5387,0.22873,0.50872,66.0,207.0,101.0,245.0,1,coco,False
train/00000110/00110937.jpg,54176,0.15,0.34,0.4,0.73,0.54,0.34962,0.35091,0.53638,353.0,126.0,422.0,216.0,1,places_top,False
train/00000090/00090593.jpg,70277,0.24,0.13,0.34,0.51,0.46364,0.13631,0.46364,0.19129,298.0,48.0,324.0,84.0,1,places_top,False
train/00000112/00112162.jpg,68732,0.24,0.09,0.49,0.84,0.38,0.21364,0.75636,0.26273,222.0,58.0,299.0,146.0,1,places_top,False
train/00000009/00009424.jpg,1223,0.17,0.45,0.32,0.54,0.32,0.51273,0.070909,0.72,199.0,291.0,252.0,353.0,1,coco,False
train/00000109/00109090.jpg,64447,0.17,0.07,0.7,0.85,0.64727,0.16772,0.66364,0.42239,415.0,51.0,462.0,103.0,1,places_top,False
train/00000080/00080056.jpg,62270,0.02,0.21,0.27,0.6,0.16696,0.30909,0.34252,0.29818,50.0,202.0,100.0,244.0,1,places_top,False
train/00000049/00049225.jpg,122808,0.03,0.17,0.26,0.43,0.16529,0.25818,0.26716,0.41818,32.0,126.0,91.0,196.0,1,places_top,False
train/00000011/00011948.jpg,94952,0.32,0.14,0.3,0.65,0.58,0.25416,0.54727,0.92339,341.0,76.0,401.0,140.0,1,coco,True
train/00000041/00041849.jpg,13002,0.0,0.02,0.86,0.71,0.22656,0.27818,0.38789,0.66182,0.0,3.0,268.0,354.0,1,places_top,False
train/00000093/00093044.jpg,19572,-0.01,0.13,0.35,1.17,0.22364,0.34727,0.71273,0.32273,51.0,104.0,204.0,256.0,1,places_top,False
train/00000008/00008145.jpg,111989,0.31,0.14,0.19,0.59,0.42364,0.31752,0.40182,0.55554,224.0,74.0,296.0,178.0,1,coco,False
train/00000086/00086289.jpg,80992,0.08,0.01,0.25,0.74,0.23273,0.069091,0.56909,0.64455,116.0,0.0,209.0,81.0,1,places_top,False
train/00000043/00043145.jpg,53889,0.27,0.08,0.92,0.36,0.49729,0.22727,0.23141,0.87455,202.0,0.0,493.0,280.0,1,places_top,False
train/00000007/00007957.jpg,100159,0.73,0.36,0.19,0.54,0.81273,0.45095,0.87818,0.55723,495.0,157.0,536.0,204.0,1,coco,False
train/00000097/00097020.jpg,1842,0.01,0.08,0.33,1.01,0.20364,0.21563,0.79455,0.29492,54.0,50.0,172.0,178.0,1,places_top,False
train/00000045/00045545.jpg,116319,-0.01,0.14,0.78,0.95,0.60545,0.20894,0.54364,0.49456,425.0,48.0,533.0,181.0,1,places_top,False
train/00000110/00110909.jpg,23303,0.41,0.3,0.6,0.54,0.53818,0.42091,0.62909,0.45909,364.0,162.0,430.0,248.0,1,places_top,False
train/00000017/00017220.jpg,54500,0.35,0.27,0.47,0.71,0.56608,0.31579,0.56608,0.33918,98.0,157.0,132.0,203.0,1,coco_val,False
train/00000069/00069508.jpg,37400,-0.02,0.22,0.48,0.97,0.36372,0.54182,0.59173,0.48909,27.0,268.0,203.0,466.0,1,places_top,False
train/00000017/00017762.jpg,15169,0.52,0.14,0.42,0.67,0.76182,0.38554,0.63273,0.19206,433.0,96.0,538.0,209.0,1,coco_val,False
train/00000104/00104574.jpg,125025,0.36,0.08,0.54,0.98,0.46727,0.23273,0.86545,0.30636,317.0,69.0,369.0,133.0,1,places_top,False
train/00000019/00019611.jpg,93203,0.12,0.03,0.54,0.84,0.50909,0.24061,0.79273,0.66242,224.0,13.0,359.0,198.0,1,coco_val,False
train/00000063/00063664.jpg,9275,0.11,0.09,0.5,0.67,0.41754,0.2,0.47332,0.4,171.0,94.0,225.0,158.0,1,places_top,False
train/00000049/00049240.jpg,56358,0.06,0.04,0.28,0.49,0.19091,0.18473,0.26182,0.42872,129.0,45.0,188.0,109.0,1,places_top,False
train/00000042/00042040.jpg,19942,0.13,0.16,0.83,1.02,0.44545,0.44273,0.24364,0.75636,289.0,120.0,422.0,275.0,1,places_top,False
train/00000110/00110772.jpg,13753,0.17,0.13,0.3,0.46,0.22545,0.2027,0.20182,0.29318,136.0,72.0,173.0,109.0,1,places_top,False
train/00000111/00111122.jpg,14794,0.29,0.09,0.54,0.82,0.44909,0.2,0.77636,0.17,286.0,64.0,354.0,145.0,1,places_top,False
train/00000105/00105244.jpg,122575,0.2,0.18,0.85,0.83,0.61727,0.28909,0.085455,0.53455,295.0,151.0,376.0,246.0,1,places_top,False
train/00000100/00100397.jpg,68562,0.23,0.19,0.74,0.88,0.42239,0.39936,0.3771,0.73633,166.0,165.0,295.0,289.0,1,places_top,True
train/00000018/00018562.jpg,19510,0.2,0.23,0.19,0.76,0.34198,0.37677,0.75289,0.92452,162.0,99.0,233.0,192.0,1,coco_val,False
train/00000077/00077619.jpg,37907,0.19,0.19,0.47,1.1,0.33636,0.28897,0.73455,0.69969,176.0,93.0,248.0,191.0,1,places_top,False
train/00000118/00118863.jpg,123574,0.11,0.17,0.2,0.39,0.21,0.25,0.2125,0.57667,50.0,44.0,74.0,74.0,1,sun,False
train/00000021/00021154.jpg,28970,0.31,0.35,0.16,0.65,0.412,0.42,0.98,0.452,180.0,131.0,214.0,179.0,1,pascal,False
train/00000067/00067482.jpg,89597,0.35,0.18,0.73,0.83,0.57273,0.27909,0.86909,0.61455,375.0,99.0,451.0,183.0,1,places_top,False
train/00000018/00018233.jpg,38114,0.15,0.04,0.55,0.95,0.44364,0.25811,0.58,0.6706,194.0,22.0,311.0,173.0,1,coco_val,False
train/00000084/00084522.jpg,1374,0.13,0.27,0.92,0.84,0.26273,0.33636,0.67727,0.38,45.0,176.0,162.0,295.0,1,places_top,False
train/00000097/00097787.jpg,25671,0.01,0.08,0.37,0.99,0.21818,0.35273,0.40545,0.81636,48.0,64.0,200.0,253.0,1,places_top,False
train/00000112/00112306.jpg,18602,0.13,0.24,0.49,0.84,0.36727,0.31727,0.61636,0.26,229.0,118.0,299.0,193.0,1,places_top,False
train/00000067/00067532.jpg,11199,0.41,0.04,0.58,0.71,0.50909,0.16554,0.55818,0.56854,357.0,46.0,413.0,122.0,1,places_top,False
train/00000043/00043618.jpg,80911,0.06,0.03,0.46,0.89,0.36909,0.29545,0.76,0.59273,165.0,33.0,313.0,193.0,1,places_top,False
train/00000060/00060156.jpg,30012,0.34,0.06,0.51,1.02,0.46727,0.15865,0.71455,0.98063,317.0,29.0,377.0,109.0,1,places_top,False
train/00000049/00049274.jpg,70898,0.14,0.06,0.69,0.85,0.27091,0.25182,0.23091,0.75636,136.0,34.0,263.0,197.0,1,places_top,False
train/00000063/00063172.jpg,58912,0.15,0.13,0.59,0.53,0.41818,0.24735,0.65273,0.49728,241.0,0.0,381.0,152.0,1,places_top,False
train/00000105/00105446.jpg,3374,0.27,0.05,0.64,0.99,0.3404,0.21455,0.6034,0.24,129.0,86.0,180.0,145.0,1,places_top,False
train/00000029/00029439.jpg,111,0.06,0.22,0.41,1.08,0.24364,0.33507,0.40545,0.51213,131.0,128.0,201.0,219.0,1,places_top,False
train/00000086/00086661.jpg,118881,0.02,0.12,0.39,0.98,0.19636,0.22455,0.39636,0.35273,75.0,76.0,168.0,168.0,1,places_top,False
train/00000067/00067498.jpg,47562,0.15,0.07,0.33,0.72,0.24727,0.17438,0.74,0.46667,164.0,53.0,203.0,103.0,1,places_top,False
train/00000084/00084132.jpg,98962,0.22,0.11,0.68,0.99,0.40727,0.23544,0.28909,0.90742,274.0,53.0,383.0,201.0,1,places_top,False
train/00000060/00060378.jpg,36246,0.09,0.09,0.41,0.68,0.23918,0.19435,0.453,0.91809,118.0,47.0,185.0,137.0,1,places_top,False
train/00000063/00063332.jpg,123161,0.09,0.14,0.21,0.65,0.18,0.20933,0.50909,0.58414,103.0,80.0,138.0,121.0,1,places_top,False
train/00000067/00067859.jpg,10616,0.04,0.15,0.19,0.45,0.087646,0.16182,0.18322,0.43636,33.0,100.0,67.0,145.0,1,places_top,False
train/00000095/00095855.jpg,20327,0.03,0.05,0.21,0.7,0.11636,0.13455,0.56,0.68,61.0,34.0,106.0,91.0,1,places_top,False
train/00000040/00040307.jpg,16671,0.04,0.25,0.24,1.01,0.12545,0.3876,0.15636,0.62337,71.0,164.0,117.0,228.0,1,places_top,False
train/00000019/00019504.jpg,125192,0.0,0.23,0.62,0.76,0.3,0.46606,0.65818,0.37636,23.0,111.0,201.0,308.0,1,coco_val,False
train/00000075/00075768.jpg,60259,0.22,0.01,0.5,0.9,0.42364,0.26891,0.72545,0.43891,223.0,42.0,354.0,211.0,1,places_top,False
train/00000007/00007875.jpg,49957,0.1,0.09,0.75,0.89,0.484,0.29501,0.64134,0.5368,165.0,38.0,254.0,152.0,1,coco,False
train/00000008/00008818.jpg,3160,0.44,0.34,0.22,0.51,0.61136,0.39091,0.83409,0.41091,276.0,220.0,320.0,272.0,1,coco,False
train/00000042/00042311.jpg,84902,0.28,0.15,0.91,0.76,0.61106,0.24,0.49415,0.51818,289.0,125.0,385.0,233.0,1,places_top,False
train/00000044/00044312.jpg,6251,0.15,0.02,0.66,0.89,0.53153,0.21273,0.57519,0.67636,209.0,36.0,326.0,198.0,1,places_top,False
train/00000107/00107052.jpg,109341,0.14,-0.01,0.65,0.93,0.45386,0.67815,0.68455,0.70724,105.0,361.0,266.0,560.0,1,places_top,False
train/00000101/00101753.jpg,12491,0.09,0.08,0.83,1.0,0.68722,0.23091,0.79697,0.29818,232.0,86.0,416.0,305.0,1,places_top,False
train/00000034/00034192.jpg,52355,0.03,0.17,0.5,0.65,0.058182,0.42545,0.55455,0.42909,0.0,290.0,49.0,353.0,1,places_top,False
train/00000118/00118939.jpg,89397,0.42,0.56,0.25,0.23,0.545,0.58333,0.5125,0.45333,154.0,127.0,173.0,151.0,1,sun,False
train/00000010/00010276.jpg,94370,0.57,0.13,0.27,0.87,0.68,0.24324,0.57455,0.63385,421.0,50.0,486.0,136.0,1,coco,False
train/00000115/00115298.jpg,70672,0.13,0.28,0.23,0.7,0.28909,0.32593,0.25758,0.32593,195.0,160.0,212.0,179.0,1,places_top,False
train/00000008/00008645.jpg,94850,0.68,0.26,0.32,0.63,0.71636,0.32098,0.39818,0.21791,433.0,113.0,475.0,166.0,1,coco,False
train/00000094/00094343.jpg,49499,0.28,0.06,0.71,0.63,0.54419,0.15455,0.12308,0.97273,254.0,45.0,320.0,137.0,1,places_top,False
train/00000060/00060483.jpg,14336,0.11,0.04,0.26,0.76,0.18545,0.1013,0.26909,0.55189,126.0,42.0,160.0,77.0,1,places_top,False
train/00000096/00096358.jpg,81946,0.24,0.18,0.75,1.03,0.58364,0.32273,0.40727,0.91455,409.0,88.0,507.0,214.0,1,places_top,False
train/00000090/00090710.jpg,21002,0.1,0.08,0.32,0.89,0.23818,0.21623,0.83091,0.28171,110.0,69.0,175.0,141.0,1,places_top,False
train/00000032/00032524.jpg,107856,0.14,0.05,0.37,0.69,0.45636,0.19682,0.48909,0.44179,276.0,39.0,338.0,136.0,1,places_top,False
train/00000055/00055953.jpg,60394,0.03,0.02,0.67,1.01,0.3457,0.30859,0.61133,0.61133,1.0,7.0,191.0,276.0,1,places_top,False
train/00000020/00020530.jpg,122442,0.67,0.25,0.11,0.38,0.706,0.31191,0.616,0.5627,350.0,82.0,367.0,105.0,1,pascal,False
train/00000022/00022630.jpg,110877,0.16,0.09,0.62,0.9,0.526,0.29775,0.34,0.29494,252.0,34.0,341.0,155.0,1,pascal,False
train/00000039/00039176.jpg,14240,0.03,0.15,0.29,0.96,0.085455,0.24395,0.77455,0.43988,0.0,71.0,74.0,156.0,1,places_top,False
train/00000088/00088529.jpg,80596,-0.01,0.0,0.29,0.81,0.083636,0.0076385,0.88909,0.2138,0.0,0.0,87.0,93.0,1,places_top,False
train/00000099/00099392.jpg,90688,0.15,0.31,0.58,0.63,0.43451,0.36182,0.52668,0.57091,182.0,209.0,249.0,284.0,1,places_top,False
train/00000110/00110560.jpg,81486,0.32,0.11,0.74,1.04,0.50544,0.24909,0.10286,0.56364,228.0,113.0,332.0,253.0,1,places_top,False
train/00000102/00102590.jpg,109798,0.41,0.0,0.58,0.74,0.47273,0.093636,0.26909,0.81364,338.0,14.0,377.0,63.0,1,places_top,False
train/00000018/00018554.jpg,95342,0.65,0.07,0.28,0.78,0.83455,0.25273,0.55273,0.86606,485.0,56.0,574.0,172.0,1,coco_val,False
train/00000106/00106016.jpg,79807,0.02,0.19,0.19,0.78,0.089091,0.25327,0.13455,0.21763,61.0,113.0,101.0,151.0,1,places_top,False
train/00000025/00025421.jpg,78386,0.0,0.06,0.44,0.95,0.30545,0.35801,0.80727,0.78108,52.0,26.0,277.0,268.0,1,places_top,False
train/00000085/00085080.jpg,81604,0.06,0.2,0.54,0.6,0.25818,0.24048,0.46727,0.43694,109.0,67.0,193.0,160.0,1,places_top,False
train/00000103/00103612.jpg,42558,0.08,0.02,0.45,0.76,0.31675,0.1792,0.58596,0.39738,88.0,38.0,180.0,153.0,1,places_top,False
train/00000041/00041318.jpg,24490,0.23,0.09,0.85,1.02,0.42545,0.28414,0.73636,0.6237,179.0,41.0,354.0,231.0,1,places_top,False
train/00000095/00095762.jpg,102720,0.09,0.33,0.47,0.6,0.39273,0.42727,0.91636,0.64773,233.0,199.0,259.0,230.0,1,places_top,False
train/00000104/00104381.jpg,90269,0.45,0.22,0.55,0.89,0.49636,0.29871,0.78182,0.38303,362.0,125.0,398.0,173.0,1,places_top,False
train/00000105/00105443.jpg,52611,0.04,0.07,0.8,1.01,0.3356,0.21273,0.86077,0.77818,67.0,38.0,197.0,214.0,1,places_top,False
train/00000097/00097974.jpg,105711,0.24,0.21,0.55,0.53,0.3668,0.27273,0.47852,0.62545,123.0,84.0,208.0,191.0,1,places_top,False
train/00000007/00007084.jpg,61451,0.27,0.06,0.25,0.88,0.38364,0.20086,0.39091,0.92178,224.0,43.0,262.0,97.0,1,coco,False
train/00000013/00013807.jpg,90637,0.25,0.06,0.62,0.93,0.49758,0.25091,0.49758,0.25091,161.0,1.0,380.0,210.0,1,coco,False
train/00000017/00017662.jpg,101861,0.17,0.06,0.18,0.94,0.29581,0.19333,0.29768,0.37,127.0,17.0,162.0,66.0,1,coco_val,False
train/00000038/00038226.jpg,42599,0.14,0.1,0.53,0.98,0.35938,0.3,0.5625,0.67944,110.0,84.0,200.0,210.0,1,places_top,False
train/00000049/00049206.jpg,87333,0.01,-0.02,0.48,0.88,0.33273,0.10078,0.47273,0.78984,175.0,1.0,265.0,112.0,1,places_top,False
train/00000041/00041514.jpg,38117,0.1,0.09,0.4,1.0,0.31091,0.29354,0.70364,0.35059,135.0,69.0,257.0,201.0,1,places_top,False
train/00000028/00028487.jpg,121017,0.02,0.04,0.35,0.79,0.26815,0.45367,0.2439,0.65367,72.0,128.0,207.0,274.0,1,places_top,False
train/00000013/00013467.jpg,97350,0.28,0.41,0.47,0.54,0.52732,0.52829,0.42133,0.29011,226.0,279.0,337.0,398.0,1,coco,False
train/00000091/00091718.jpg,15815,0.01,0.11,0.26,0.84,0.14,0.25746,0.68545,0.16287,0.0,58.0,111.0,187.0,1,places_top,False
train/00000106/00106195.jpg,17825,0.13,0.2,0.73,0.69,0.36449,0.26,0.50678,0.25455,161.0,139.0,210.0,200.0,1,places_top,False
train/00000078/00078838.jpg,90951,0.17,0.05,0.31,0.45,0.44727,0.39896,0.53091,0.55735,307.0,172.0,356.0,236.0,1,places_top,False
train/00000097/00097652.jpg,65040,0.4,0.15,0.64,0.81,0.61273,0.2,0.89273,0.37455,422.0,59.0,477.0,135.0,1,places_top,False
train/00000016/00016662.jpg,99676,0.03,0.25,0.33,0.44,0.19818,0.36909,0.32909,0.58,61.0,125.0,137.0,215.0,1,coco_val,False
train/00000004/00004855.jpg,123058,0.21,0.0,0.7,0.83,0.64,0.19212,0.44182,0.79818,389.0,1.0,502.0,158.0,1,coco,False
train/00000048/00048766.jpg,80340,0.2,0.17,0.51,0.99,0.38,0.47547,0.31818,0.6405,202.0,196.0,267.0,258.0,1,places_top,False
train/00000023/00023118.jpg,15124,0.32,0.32,0.37,0.67,0.48,0.41716,0.68,0.60355,197.0,107.0,251.0,171.0,1,pascal,False
train/00000021/00021599.jpg,121397,0.75,0.0,0.25,1.0,0.97,0.07485,0.564,0.23353,465.0,0.0,500.0,68.0,1,pascal,False
train/00000018/00018975.jpg,81944,0.62,0.15,0.38,0.85,0.76909,0.45152,0.43455,0.39818,409.0,82.0,633.0,432.0,1,coco_val,True
train/00000091/00091210.jpg,17980,0.33,0.28,0.63,0.96,0.50182,0.43727,0.60727,0.56,309.0,126.0,415.0,251.0,1,places_top,False
train/00000008/00008048.jpg,70795,0.35,0.14,0.51,0.82,0.61818,0.30949,0.41636,0.87072,371.0,63.0,443.0,171.0,1,coco,False
train/00000082/00082518.jpg,40060,0.13,0.07,0.78,1.06,0.69273,0.24636,0.61818,0.99636,491.0,10.0,605.0,171.0,1,places_top,False
train/00000051/00051176.jpg,30272,0.19,0.09,0.51,0.53,0.42182,0.20895,0.51273,0.7571,255.0,59.0,304.0,121.0,1,places_top,False
train/00000058/00058641.jpg,84820,0.04,0.31,0.22,0.77,0.21636,0.52741,0.86,0.1957,22.0,168.0,175.0,352.0,1,places_top,False
train/00000018/00018279.jpg,5595,0.61,0.23,0.2,0.69,0.77091,0.30121,0.81273,0.33515,445.0,110.0,496.0,170.0,1,coco_val,False
train/00000053/00053267.jpg,40308,0.38,0.02,0.97,1.02,0.64545,0.35744,0.48182,0.7248,463.0,0.0,630.0,218.0,1,places_top,False
train/00000067/00067766.jpg,116147,0.39,0.28,0.58,0.91,0.5,0.36272,0.67091,0.91184,359.0,144.0,404.0,206.0,1,places_top,False
train/00000090/00090332.jpg,89866,0.11,0.17,0.37,0.68,0.26245,0.25107,0.44718,0.65023,158.0,75.0,220.0,163.0,1,places_top,False
train/00000038/00038004.jpg,51283,0.06,0.13,0.24,0.83,0.2,0.35196,0.35636,0.42324,59.0,94.0,168.0,223.0,1,places_top,False
train/00000083/00083050.jpg,55993,0.0,0.27,0.45,0.66,0.22852,0.36914,0.27344,0.65039,76.0,122.0,149.0,215.0,1,places_top,False
train/00000026/00026672.jpg,94459,0.0,0.2,0.31,0.83,0.21455,0.41,0.66364,0.38273,22.0,100.0,195.0,284.0,1,places_top,False
train/00000028/00028267.jpg,18535,0.08,0.08,0.42,0.97,0.36909,0.21364,0.49455,0.61727,219.0,38.0,324.0,164.0,1,places_top,False
train/00000052/00052749.jpg,98126,0.17,0.24,0.94,0.78,0.73967,0.41273,0.11754,0.54182,346.0,213.0,477.0,328.0,1,places_top,False
train/00000103/00103607.jpg,89332,0.16,0.06,0.35,0.83,0.18364,0.30108,0.15091,0.45303,120.0,92.0,189.0,175.0,1,places_top,False
train/00000113/00113493.jpg,75250,0.1,0.05,0.41,0.46,0.26,0.10727,0.53818,0.26727,96.0,47.0,144.0,107.0,1,places_top,False
train/00000036/00036707.jpg,66839,0.45,-0.01,0.55,0.45,0.55636,0.069734,0.28909,0.089144,486.0,1.0,527.0,51.0,1,places_top,False
train/00000068/00068079.jpg,82108,0.19,0.32,0.42,0.67,0.34182,0.39813,0.99455,0.085252,180.0,166.0,250.0,245.0,1,places_top,False
train/00000113/00113717.jpg,115563,0.43,0.22,0.52,0.77,0.59455,0.28727,0.68182,0.57364,445.0,122.0,481.0,169.0,1,places_top,False
train/00000058/00058658.jpg,6240,0.01,0.12,0.3,0.97,0.10727,0.22182,0.18364,0.26,23.0,62.0,100.0,143.0,1,places_top,False
train/00000075/00075182.jpg,112521,0.18,0.11,0.34,0.97,0.26727,0.24458,0.38182,0.37351,143.0,60.0,224.0,154.0,1,places_top,False
train/00000020/00020499.jpg,53806,0.55,0.12,0.31,0.87,0.752,0.25375,0.754,0.36186,359.0,45.0,412.0,116.0,1,imagenet,False
train/00000118/00118336.jpg,85072,0.54,0.3,0.38,0.62,0.69091,0.43647,0.34,0.62177,959.0,304.0,1180.0,555.0,1,sun,False
train/00000055/00055088.jpg,78738,0.35,0.01,0.7,1.0,0.50278,0.14364,0.40558,0.72,183.0,0.0,368.0,190.0,1,places_top,False
train/00000098/00098584.jpg,9983,0.06,0.18,0.28,0.86,0.11636,0.31182,0.32,0.31455,47.0,102.0,128.0,202.0,1,places_top,False
train/00000073/00073690.jpg,87977,0.03,0.13,0.33,0.78,0.32,0.26,0.62727,0.51636,210.0,102.0,262.0,160.0,1,places_top,False
train/00000070/00070245.jpg,74626,0.15,0.0,0.75,0.94,0.59273,0.47818,0.65818,0.59818,237.0,2.0,518.0,345.0,1,places_top,False
train/00000099/00099932.jpg,31602,0.01,-0.02,0.6,0.99,0.36438,0.3102,0.72256,0.90173,107.0,0.0,318.0,180.0,1,places_top,False
train/00000037/00037801.jpg,13631,0.06,0.0,0.76,0.99,0.46545,0.12891,0.98364,0.32294,116.0,0.0,346.0,179.0,1,places_top,False
train/00000107/00107963.jpg,82550,0.21,0.04,0.47,1.05,0.34545,0.16182,0.28545,0.26545,218.0,36.0,303.0,126.0,1,places_top,False
train/00000010/00010966.jpg,6442,0.31,0.36,0.19,0.6,0.41636,0.44335,0.51091,0.6133,245.0,188.0,285.0,235.0,1,coco,False
train/00000066/00066439.jpg,38585,0.42,0.15,0.62,0.89,0.59818,0.28899,0.61273,0.58004,378.0,105.0,424.0,160.0,1,places_top,True
train/00000047/00047278.jpg,3572,0.3,0.19,0.92,0.97,0.44424,0.35959,0.62605,0.23928,282.0,143.0,363.0,250.0,1,places_top,False
train/00000065/00065253.jpg,39534,0.14,0.18,0.23,0.67,0.22727,0.23956,0.26545,0.32455,148.0,102.0,179.0,136.0,1,places_top,False
train/00000019/00019187.jpg,4517,0.42,0.11,0.22,0.54,0.60364,0.16144,0.77273,0.64295,363.0,49.0,398.0,95.0,1,coco_val,False
train/00000074/00074838.jpg,26945,0.02,0.24,0.45,0.99,0.40909,0.43936,0.64182,0.70616,209.0,148.0,314.0,271.0,1,places_top,False
train/00000061/00061264.jpg,149,0.12,0.03,0.21,0.52,0.18182,0.071818,0.50364,0.08,104.0,10.0,143.0,53.0,1,places_top,False
train/00000079/00079391.jpg,4429,0.03,0.28,0.31,0.75,0.16545,0.43451,0.53273,0.56064,58.0,177.0,124.0,268.0,1,places_top,False
train/00000020/00020333.jpg,113683,0.44,0.36,0.13,0.42,0.512,0.42,0.524,0.564,244.0,138.0,262.0,163.0,1,imagenet,False
train/00000000/00000592.jpg,83415,0.29,0.05,0.58,0.95,0.54,0.20889,0.29667,0.10108,149.0,53.0,201.0,101.0,1,actions,False
train/00000032/00032280.jpg,93204,0.09,0.13,0.54,1.01,0.42909,0.28656,0.50727,0.42239,175.0,60.0,302.0,192.0,1,places_top,False
train/00000088/00088854.jpg,27925,0.37,0.37,0.6,0.8,0.50242,0.46038,0.57031,0.53849,274.0,196.0,328.0,266.0,1,places_top,False
train/00000019/00019850.jpg,39973,0.25,0.41,0.18,0.54,0.35636,0.44841,0.24545,0.24205,204.0,253.0,240.0,294.0,1,coco_val,False
train/00000073/00073109.jpg,56640,0.36,0.25,0.68,0.67,0.78605,0.39355,0.50727,0.21892,521.0,186.0,576.0,228.0,1,places_top,False
train/00000098/00098899.jpg,97553,0.38,0.11,0.63,0.67,0.49818,0.32273,0.50364,0.5,343.0,104.0,412.0,195.0,1,places_top,False
train/00000028/00028745.jpg,103406,0.01,0.12,0.26,0.55,0.14648,0.23308,0.1543,0.46053,47.0,85.0,95.0,140.0,1,places_top,False
train/00000056/00056711.jpg,19767,0.16,0.31,0.49,0.84,0.28727,0.42966,0.0090909,0.46847,181.0,181.0,249.0,265.0,1,places_top,False
train/00000049/00049061.jpg,16142,0.29,0.3,0.5,1.01,0.73091,0.3569,0.70182,0.57034,478.0,127.0,535.0,196.0,1,places_top,False
train/00000072/00072656.jpg,64307,0.27,0.21,0.58,0.89,0.70909,0.30839,0.63818,0.65038,458.0,89.0,546.0,184.0,1,places_top,False
train/00000069/00069465.jpg,67802,0.28,0.25,0.53,0.8,0.52364,0.46714,0.52182,0.69713,387.0,184.0,438.0,249.0,1,places_top,False
train/00000117/00117824.jpg,4701,0.31,0.1,0.73,0.98,0.46364,0.27091,0.29455,0.8,321.0,47.0,480.0,249.0,1,places_top,False
train/00000065/00065112.jpg,16286,0.09,0.16,0.37,0.84,0.26909,0.24158,0.56727,0.38303,125.0,76.0,211.0,179.0,1,places_top,False
train/00000092/00092424.jpg,58670,0.05,0.08,0.36,0.89,0.26909,0.26716,0.68545,0.57519,96.0,50.0,199.0,165.0,1,places_top,False
train/00000089/00089838.jpg,50091,0.43,0.41,0.57,1.01,0.48364,0.46992,0.35273,0.49453,364.0,208.0,421.0,274.0,1,places_top,False
train/00000021/00021667.jpg,45293,0.0,0.09,0.32,0.85,0.166,0.188,0.318,0.15067,28.0,34.0,90.0,103.0,1,pascal,False
train/00000084/00084715.jpg,566,0.01,0.08,0.3,0.92,0.188,0.23425,0.36436,0.34607,66.0,34.0,154.0,148.0,1,places_top,False
train/00000002/00002516.jpg,67157,0.06,0.26,0.3,0.74,0.25,0.36667,0.1825,0.55667,74.0,79.0,112.0,131.0,1,actions,False
train/00000027/00027599.jpg,90197,0.03,0.11,0.37,0.87,0.25818,0.15385,0.43273,0.13767,169.0,32.0,224.0,96.0,1,places_top,False
train/00000076/00076171.jpg,86021,0.07,0.03,0.19,0.53,0.14182,0.097379,0.44182,0.53881,66.0,26.0,103.0,71.0,1,places_top,False
train/00000108/00108518.jpg,110432,0.06,0.1,0.28,0.7,0.2,0.22707,0.65818,0.43177,126.0,93.0,164.0,136.0,1,places_top,False
train/00000098/00098016.jpg,66653,0.2,-0.03,0.44,0.87,0.36909,0.15091,0.43455,0.48091,232.0,15.0,298.0,114.0,1,places_top,False
train/00000115/00115695.jpg,125344,0.05,0.13,0.55,1.02,0.16287,0.29091,0.14831,0.96545,49.0,132.0,130.0,237.0,1,places_top,False
train/00000114/00114641.jpg,111365,0.32,0.14,0.64,0.61,0.49091,0.19727,0.51636,0.95818,355.0,77.0,398.0,134.0,1,places_top,False
train/00000011/00011995.jpg,95017,0.02,0.13,0.42,0.52,0.31405,0.25417,0.22727,0.51667,110.0,63.0,177.0,160.0,1,coco,False
train/00000019/00019942.jpg,7446,0.13,0.07,0.56,0.84,0.49455,0.36909,0.47273,0.5703,257.0,31.0,391.0,202.0,1,coco_val,False
train/00000088/00088191.jpg,97122,0.22,0.01,0.91,1.0,0.62909,0.1499,0.19273,0.27055,344.0,19.0,460.0,133.0,1,places_top,False
train/00000034/00034535.jpg,100422,0.01,-0.02,0.52,0.64,0.22455,0.12182,0.68818,0.58182,70.0,36.0,131.0,115.0,1,places_top,False
train/00000086/00086736.jpg,53020,0.24,0.09,0.91,1.01,0.63818,0.30536,0.056364,0.85639,461.0,60.0,634.0,233.0,1,places_top,False
train/00000008/00008975.jpg,18038,0.33,0.38,0.3,0.58,0.42182,0.46121,0.38182,0.60909,256.0,191.0,307.0,245.0,1,coco,False
train/00000029/00029872.jpg,23457,0.08,0.26,0.3,0.96,0.23091,0.43182,0.31273,0.57091,101.0,136.0,206.0,275.0,1,places_top,False
train/00000016/00016263.jpg,1094,0.03,0.29,0.35,0.7,0.21394,0.35818,0.68667,0.34182,48.0,192.0,117.0,273.0,1,coco_val,False
train/00000019/00019414.jpg,21274,0.51,0.45,0.4,0.55,0.79455,0.5545,0.50727,0.54088,508.0,199.0,631.0,347.0,1,coco_val,False
train/00000073/00073325.jpg,72353,0.22,0.19,0.5,0.75,0.37427,0.35273,0.31639,0.74364,155.0,118.0,222.0,209.0,1,places_top,False
train/00000048/00048391.jpg,48598,0.29,0.35,0.45,0.73,0.47378,0.39582,0.41089,0.434,222.0,271.0,259.0,314.0,1,places_top,False
train/00000036/00036303.jpg,34533,0.01,0.08,0.36,0.85,0.24727,0.26211,0.75636,0.27305,101.0,58.0,212.0,185.0,1,places_top,False
train/00000085/00085334.jpg,113389,0.14,0.24,0.51,0.76,0.33909,0.36545,0.44273,0.69091,95.0,193.0,216.0,348.0,1,places_top,False
train/00000056/00056573.jpg,9671,0.22,-0.11,0.81,0.75,0.46094,0.029297,0.26562,0.57031,178.0,0.0,330.0,72.0,1,places_top,False
train/00000037/00037640.jpg,6763,0.15,0.3,0.48,0.9,0.32545,0.41567,0.70364,0.36943,193.0,163.0,267.0,245.0,1,places_top,False
train/00000058/00058281.jpg,4472,0.09,0.19,0.29,0.99,0.25273,0.27909,0.59455,0.53818,128.0,103.0,194.0,181.0,1,places_top,False
train/00000054/00054937.jpg,59900,0.2,0.17,0.52,0.89,0.41916,0.26462,0.66815,0.27433,148.0,125.0,224.0,218.0,1,places_top,False
train/00000081/00081177.jpg,108410,0.29,0.17,0.52,0.97,0.52545,0.31567,0.46182,0.27201,348.0,137.0,399.0,193.0,1,places_top,False
train/00000092/00092626.jpg,69971,0.29,0.19,0.43,0.74,0.36364,0.24364,0.73636,0.42091,263.0,102.0,295.0,142.0,1,places_top,False
train/00000052/00052014.jpg,17502,0.18,0.11,0.47,1.02,0.36727,0.2369,0.62727,0.35592,242.0,69.0,342.0,179.0,1,places_top,False
train/00000093/00093241.jpg,55526,0.38,0.16,0.53,0.86,0.77273,0.28306,0.48545,0.88719,587.0,108.0,641.0,172.0,1,places_top,False
train/00000118/00118500.jpg,26746,0.24,0.36,0.21,0.39,0.34727,0.48909,0.32364,0.63636,633.0,536.0,821.0,762.0,1,sun,False
train/00000084/00084782.jpg,123201,-0.02,0.14,0.47,0.9,0.23455,0.27091,0.25455,0.33364,96.0,77.0,218.0,223.0,1,places_top,False
train/00000049/00049760.jpg,39159,0.01,-0.02,0.68,0.93,0.37818,0.15559,0.48364,0.43936,159.0,0.0,311.0,182.0,1,places_top,False
train/00000068/00068738.jpg,58668,0.33,0.06,0.43,0.72,0.67273,0.38273,0.39273,0.81091,495.0,166.0,531.0,207.0,1,places_top,False
train/00000048/00048410.jpg,52308,0.0,0.27,0.17,0.55,0.1,0.32273,0.86727,0.95545,54.0,135.0,93.0,178.0,1,places_top,False
train/00000085/00085454.jpg,89763,0.05,0.12,0.18,0.68,0.14727,0.20118,0.33455,0.53016,75.0,61.0,125.0,127.0,1,places_top,False
train/00000030/00030423.jpg,118290,0.37,0.24,0.6,0.6,0.50909,0.28171,0.65818,0.57519,317.0,117.0,361.0,169.0,1,places_top,False
train/00000059/00059576.jpg,7942,0.0,0.05,0.24,1.03,0.11091,0.33091,0.27091,0.8,1.0,12.0,140.0,219.0,1,places_top,False
train/00000109/00109834.jpg,110069,0.12,0.3,0.41,0.79,0.31559,0.32909,0.48975,0.66,135.0,171.0,175.0,221.0,1,places_top,False
train/00000091/00091926.jpg,81310,0.14,0.09,0.45,0.92,0.36727,0.26614,0.62545,0.2375,176.0,66.0,262.0,173.0,1,places_top,False
train/00000049/00049447.jpg,78736,0.02,0.24,0.16,0.63,0.13455,0.35447,0.18545,0.38115,43.0,137.0,101.0,212.0,1,places_top,False
train/00000067/00067375.jpg,44844,0.08,0.1,0.5,0.92,0.41273,0.32545,0.49818,0.65,259.0,65.0,350.0,195.0,1,places_top,False
train/00000007/00007035.jpg,14886,0.5,0.38,0.24,0.38,0.5079,0.5822,0.15464,0.49523,252.0,113.0,348.0,208.0,1,coco,False
train/00000069/00069311.jpg,101897,0.41,0.26,0.56,0.79,0.47636,0.33909,0.56364,0.81364,358.0,143.0,393.0,187.0,1,places_top,False
train/00000006/00006883.jpg,86091,0.04,0.01,0.41,0.97,0.32727,0.16871,0.59091,0.24263,102.0,3.0,221.0,130.0,1,coco,False
train/00000054/00054099.jpg,100109,0.21,0.03,0.95,0.95,0.51641,0.26,0.28672,0.39091,221.0,44.0,413.0,282.0,1,places_top,False
train/00000107/00107698.jpg,111106,0.02,0.09,0.32,0.74,0.15636,0.15636,0.62182,0.52761,103.0,39.0,161.0,105.0,1,places_top,False
train/00000054/00054069.jpg,85205,0.2,0.14,0.46,0.47,0.47455,0.39364,0.47455,0.44545,336.0,109.0,417.0,208.0,1,places_top,False
train/00000042/00042362.jpg,36678,0.24,0.05,0.66,1.04,0.45898,0.25273,0.78984,0.10727,160.0,97.0,283.0,233.0,1,places_top,False
train/00000098/00098103.jpg,90575,0.03,0.18,0.61,0.99,0.37695,0.39258,0.57422,0.89844,129.0,115.0,220.0,244.0,1,places_top,False
train/00000109/00109534.jpg,106367,0.26,-0.01,0.48,0.96,0.39636,0.07555,0.52727,0.16044,224.0,3.0,274.0,59.0,1,places_top,False
train/00000046/00046986.jpg,59737,0.07,0.2,0.93,0.76,0.77352,0.32,0.3591,0.28909,379.0,161.0,488.0,290.0,1,places_top,False
train/00000081/00081866.jpg,8572,0.28,-0.03,0.62,0.95,0.43455,0.049414,0.62909,0.27061,298.0,0.0,366.0,57.0,1,places_top,False
train/00000006/00006738.jpg,40011,0.55,0.08,0.45,0.91,0.59091,0.24788,0.32727,0.59455,363.0,53.0,461.0,165.0,1,coco,False
train/00000077/00077803.jpg,26441,0.32,0.28,0.49,0.83,0.45818,0.3375,0.79091,0.386,261.0,144.0,327.0,211.0,1,places_top,False
train/00000066/00066582.jpg,102706,0.35,0.25,0.43,0.91,0.47273,0.37698,0.23455,0.41464,333.0,164.0,371.0,206.0,1,places_top,False
train/00000059/00059439.jpg,121015,0.11,0.03,0.8,1.07,0.69031,0.14,0.49135,0.57636,249.4,48.4,379.6,164.6,1,places_top,True
train/00000115/00115966.jpg,34209,0.22,0.22,0.48,0.61,0.38825,0.31445,0.51927,0.56055,137.0,115.0,204.0,189.0,1,places_top,False
train/00000108/00108477.jpg,91050,0.14,0.29,0.28,0.82,0.22727,0.39813,0.29818,0.50728,138.0,203.0,161.0,227.0,1,places_top,False
train/00000062/00062009.jpg,51146,0.16,0.21,0.32,0.77,0.26909,0.32779,0.41091,0.10223,142.0,129.0,202.0,191.0,1,places_top,False
train/00000052/00052633.jpg,97339,0.03,0.05,0.7,0.94,0.42909,0.43719,0.52182,0.84135,206.0,31.0,402.0,269.0,1,places_top,False
train/00000092/00092687.jpg,72752,-0.02,0.3,0.39,0.88,0.18818,0.42,0.58039,0.28,2.0,218.0,127.0,339.0,1,places_top,False
train/00000068/00068043.jpg,12808,0.25,0.02,0.53,0.96,0.42778,0.18727,0.20182,0.47818,192.0,70.0,249.0,155.0,1,places_top,False
train/00000048/00048576.jpg,56869,0.04,0.36,0.32,0.63,0.18364,0.39464,0.22182,0.46815,79.0,165.0,138.0,230.0,1,places_top,False
train/00000091/00091277.jpg,108783,0.1,0.33,0.38,0.88,0.21091,0.39609,0.80909,0.42617,102.0,166.0,182.0,241.0,1,places_top,False
train/00000009/00009321.jpg,56537,0.36,0.09,0.24,0.91,0.49629,0.17541,0.26235,0.24264,284.0,38.0,338.0,105.0,1,coco,False
train/00000002/00002553.jpg,20875,0.06,0.05,0.71,0.95,0.40132,0.26667,0.63377,0.39,106.0,15.0,206.0,121.0,1,actions,False
train/00000019/00019159.jpg,26478,0.33,0.23,0.47,0.76,0.58,0.36615,0.29091,0.71579,351.0,101.0,433.0,200.0,1,coco_val,False
train/00000051/00051179.jpg,94826,0.07,0.05,0.25,0.73,0.21273,0.096307,0.30182,0.18778,84.0,21.0,123.0,66.0,1,places_top,False
train/00000040/00040803.jpg,29281,0.13,0.17,0.81,0.73,0.36182,0.40541,0.86364,0.27201,158.0,109.0,278.0,248.0,1,places_top,False
train/00000108/00108965.jpg,27814,0.02,0.08,0.72,1.01,0.67273,0.36636,0.76364,0.86545,399.0,52.0,578.0,284.0,1,places_top,False
train/00000117/00117621.jpg,66530,0.08,0.29,0.31,0.75,0.28,0.35892,0.89273,0.39604,171.0,166.0,206.0,204.0,1,places_top,False
train/00000101/00101345.jpg,14377,0.42,0.04,0.57,0.76,0.47636,0.13182,0.67273,0.77273,350.0,22.0,395.0,83.0,1,places_top,False
train/00000007/00007912.jpg,109750,0.48,0.27,0.52,0.72,0.76364,0.42772,0.87455,0.65419,398.0,136.0,505.0,258.0,1,coco,False
train/00000004/00004199.jpg,107707,0.55,0.23,0.3,0.51,0.67728,0.36667,0.58489,0.63667,169.0,44.0,206.0,91.0,1,actions,False
train/00000022/00022256.jpg,29415,0.07,0.27,0.13,0.56,0.16182,0.7197,0.16364,0.34091,71.0,81.36,100.0,93.36,1,pascal,True
train/00000049/00049400.jpg,41263,0.02,0.23,0.27,0.79,0.24364,0.48302,0.63273,0.60429,14.0,144.0,166.0,314.0,1,places_top,False
train/00000007/00007138.jpg,73496,0.59,0.24,0.33,0.53,0.896,0.29042,0.448,0.66467,428.0,82.0,455.0,114.0,1,coco,False
train/00000032/00032485.jpg,7481,0.25,0.24,0.41,0.73,0.37091,0.28171,0.55273,0.44907,216.0,110.0,260.0,169.0,1,places_top,False
train/00000005/00005107.jpg,112213,0.56,0.01,0.3,0.57,0.78182,0.10758,0.84182,0.87607,485.0,12.0,534.0,73.0,1,coco,False
train/00000110/00110296.jpg,82626,0.2,0.17,0.47,0.86,0.34545,0.2603,0.95455,0.94167,203.0,107.0,232.0,150.0,1,places_top,False
train/00000062/00062867.jpg,35163,0.21,0.01,0.96,0.88,0.69336,0.34961,0.65625,0.87891,294.0,18.0,423.0,208.0,1,places_top,False
train/00000014/00014330.jpg,54462,0.2,0.04,0.45,0.67,0.51818,0.23818,0.53091,0.65515,280.0,28.0,385.0,172.0,1,coco,False
train/00000046/00046354.jpg,112899,0.33,0.09,0.61,0.66,0.53818,0.2097,0.76909,0.12017,351.0,55.0,430.0,150.0,1,places_top,False
train/00000074/00074063.jpg,102271,0.31,0.17,0.69,0.94,0.40545,0.30119,0.56,0.61758,214.0,105.0,272.0,181.0,1,places_top,False
train/00000073/00073523.jpg,121744,0.09,0.19,0.22,0.62,0.12545,0.25113,0.30909,0.57445,59.0,104.0,87.0,138.0,1,places_top,False
train/00000002/00002353.jpg,100590,0.54,0.26,0.27,0.7,0.62389,0.34667,0.58628,0.38333,272.0,76.0,303.0,118.0,1,actions,False
train/00000096/00096219.jpg,20423,0.29,0.34,0.37,0.96,0.32727,0.37759,0.27273,0.56528,235.0,170.0,273.0,216.0,1,places_top,False
train/00000075/00075821.jpg,52514,0.25,0.09,0.69,0.66,0.71636,0.27248,0.77091,0.43121,495.0,74.0,585.0,199.0,1,places_top,False
train/00000117/00117447.jpg,102492,0.01,0.19,0.26,0.9,0.11818,0.35384,0.32909,0.36358,35.0,132.0,95.0,206.0,1,places_top,False
train/00000011/00011427.jpg,60778,0.22,0.24,0.33,0.55,0.38121,0.28909,0.46848,0.29636,113.0,158.0,188.0,229.0,1,coco,False
train/00000069/00069097.jpg,32813,0.2,0.22,0.39,0.51,0.29273,0.25818,0.87091,0.41273,129.0,172.0,155.0,200.0,1,places_top,False
train/00000010/00010671.jpg,33761,0.51,0.0,0.4,0.99,0.62909,0.16303,0.54727,0.55333,372.0,4.0,463.0,119.0,1,coco,False
train/00000100/00100547.jpg,31327,0.03,0.0,0.36,0.9,0.19818,0.0065341,0.51636,0.55209,2.0,0.0,77.0,11.0,1,places_top,True
train/00000116/00116033.jpg,120369,0.16,0.2,0.48,0.77,0.26573,0.33351,0.24149,0.46528,141.0,105.0,228.0,191.0,1,places_top,False
train/00000104/00104725.jpg,3058,0.13,-0.03,0.39,0.92,0.32031,0.7433,0.48828,0.20881,106.0,344.0,218.0,431.0,1,places_top,True
train/00000049/00049573.jpg,123239,0.08,0.29,0.29,0.68,0.16,0.35545,0.35455,0.48364,75.0,150.0,140.0,222.0,1,places_top,False
train/00000020/00020078.jpg,55704,0.53,0.47,0.22,0.47,0.716,0.58709,0.746,0.84535,333.0,156.0,375.0,209.0,1,coco_val,False
train/00000049/00049320.jpg,47677,0.2,0.14,0.35,0.51,0.30727,0.2332,0.4,0.36903,186.0,77.0,233.0,136.0,1,places_top,False
train/00000068/00068181.jpg,57051,0.17,0.25,0.86,0.97,0.27091,0.3935,0.23455,0.45631,185.0,172.0,225.0,226.0,1,places_top,False
train/00000105/00105965.jpg,99413,0.26,0.06,0.72,0.99,0.47455,0.21836,0.99818,0.203,290.0,53.0,376.0,158.0,1,places_top,False
train/00000010/00010163.jpg,59906,0.3,0.37,0.21,0.62,0.38727,0.49727,0.41818,0.39917,223.0,173.0,266.0,229.0,1,coco,False
train/00000060/00060688.jpg,61428,0.29,0.15,0.84,0.72,0.46,0.29869,0.32909,0.88079,263.0,57.0,363.0,178.0,1,places_top,False
train/00000031/00031263.jpg,15501,0.01,0.05,0.3,0.92,0.19636,0.18364,0.33091,0.68818,99.0,25.0,182.0,142.0,1,places_top,False
train/00000008/00008011.jpg,7425,0.08,0.05,0.44,0.77,0.39091,0.21429,0.56727,0.82208,194.0,27.0,266.0,122.0,1,coco,False
train/00000010/00010069.jpg,67470,0.52,0.08,0.37,0.86,0.72364,0.15333,0.55818,0.35488,441.0,32.0,490.0,89.0,1,coco,False
train/00000060/00060441.jpg,66944,0.25,0.28,0.62,0.6,0.53455,0.30234,0.56182,0.36955,271.0,130.0,303.0,166.0,1,places_top,False
train/00000009/00009291.jpg,105307,0.81,0.0,0.19,0.6,0.91273,0.066061,0.73273,0.25515,578.0,3.0,614.0,49.0,1,coco,False
train/00000072/00072919.jpg,118445,0.22,0.21,0.64,0.92,0.34375,0.2832,0.39844,0.31641,133.0,107.0,186.0,162.0,1,places_top,False
train/00000084/00084015.jpg,96454,0.05,0.36,0.32,0.66,0.27818,0.41996,0.25636,0.69888,167.0,172.0,227.0,238.0,1,places_top,False
train/00000072/00072342.jpg,97668,0.01,0.0,0.55,1.05,0.39091,0.28455,0.50182,0.92,139.0,0.0,367.0,201.0,1,places_top,False
train/00000100/00100050.jpg,25170,0.22,0.06,0.45,0.48,0.32909,0.10223,0.88364,0.48545,190.0,26.0,238.0,91.0,1,places_top,False
train/00000063/00063566.jpg,80084,0.05,0.03,0.72,0.65,0.51213,0.22545,0.52911,0.57455,205.0,22.0,318.0,163.0,1,places_top,False
train/00000076/00076337.jpg,75709,0.29,0.16,0.63,0.66,0.58246,0.23273,0.59217,0.19091,228.0,121.0,286.0,192.0,1,places_top,False
train/00000052/00052554.jpg,33647,0.21,0.03,0.59,0.92,0.39273,0.31455,0.62727,0.54909,195.0,42.0,355.0,240.0,1,places_top,False
train/00000069/00069269.jpg,73714,0.36,0.13,0.6,0.94,0.54909,0.23633,0.72545,0.073331,351.0,96.0,398.0,147.0,1,places_top,False
train/00000035/00035879.jpg,40222,0.02,0.05,0.26,0.9,0.16,0.14104,0.23636,0.2041,59.0,36.0,114.0,99.0,1,places_top,False
train/00000082/00082453.jpg,104859,0.17,0.17,0.48,0.9,0.40516,0.2252,0.70092,0.25429,286.0,80.0,330.0,138.0,1,places_top,False
train/00000042/00042075.jpg,25906,0.03,0.06,0.61,0.95,0.24876,0.19636,0.44538,0.46364,52.0,57.0,185.0,221.0,1,places_top,False
train/00000032/00032662.jpg,27861,0.09,0.04,0.85,0.98,0.30661,0.1942,0.54661,0.49602,18.0,53.0,179.0,231.0,1,places_top,False
train/00000052/00052841.jpg,94236,0.07,0.06,0.58,1.0,0.29771,0.30545,0.54446,0.42909,63.0,90.0,175.0,237.0,1,places_top,False
train/00000002/00002415.jpg,116724,0.57,0.29,0.3,0.7,0.6477,0.46,0.62176,0.43667,314.0,88.0,387.0,171.0,1,actions,False
train/00000016/00016868.jpg,114691,0.0,0.02,0.46,0.97,0.28667,0.13636,0.50485,0.56,63.0,17.0,163.0,154.0,1,coco_val,False
train/00000023/00023180.jpg,49254,0.53,0.17,0.18,0.61,0.602,0.2549,0.612,0.94444,284.0,53.0,307.0,86.0,1,pascal,False
train/00000033/00033107.jpg,81789,0.2,0.23,0.8,0.45,0.49272,0.25818,0.88079,0.47091,208.0,138.0,263.0,205.0,1,places_top,False
train/00000048/00048803.jpg,119606,0.27,0.02,0.54,0.86,0.48909,0.21091,0.49091,0.78909,327.0,16.0,414.0,124.0,1,places_top,False
train/00000043/00043996.jpg,80978,0.03,0.18,0.51,0.91,0.31273,0.30597,0.73455,0.28656,155.0,109.0,226.0,193.0,1,places_top,False
train/00000098/00098641.jpg,90518,0.19,0.0,0.57,0.94,0.47455,0.24533,0.53091,0.53153,237.0,12.0,356.0,190.0,1,places_top,False
train/00000107/00107823.jpg,63700,0.17,0.02,0.31,1.06,0.26182,0.145,0.61636,0.2125,148.0,39.0,205.0,97.0,1,places_top,False
train/00000014/00014619.jpg,124770,0.61,0.32,0.37,0.62,0.814,0.428,0.178,0.36933,396.0,122.0,459.0,189.0,1,coco,False
train/00000049/00049550.jpg,20657,0.02,0.03,0.27,0.47,0.072933,0.17636,0.4864,0.49455,0.0,76.0,66.0,194.0,1,places_top,False
train/00000036/00036448.jpg,61169,0.01,0.19,0.47,0.84,0.31636,0.39571,0.77273,0.43451,157.0,97.0,287.0,281.0,1,places_top,False
train/00000103/00103858.jpg,53083,0.01,0.17,0.43,0.96,0.19727,0.28,0.33364,0.50909,33.0,146.0,115.0,251.0,1,places_top,False
train/00000097/00097120.jpg,77887,0.04,0.03,0.33,0.98,0.22982,0.21256,0.43891,0.58124,123.0,31.0,223.0,150.0,1,places_top,False
train/00000016/00016457.jpg,14863,0.0,0.01,0.62,0.88,0.40986,0.18545,0.66389,0.61455,115.0,11.0,221.0,167.0,1,coco_val,False
train/00000102/00102413.jpg,91925,0.16,0.27,0.62,0.72,0.37091,0.38,0.41273,0.91455,252.0,141.0,304.0,210.0,1,places_top,False
train/00000108/00108232.jpg,59844,0.05,0.2,0.19,0.76,0.13418,0.27121,0.20873,0.8944,86.0,116.0,115.0,154.0,1,places_top,False
train/00000074/00074602.jpg,37811,0.23,0.24,0.33,0.66,0.3,0.29626,0.45273,0.41754,186.0,128.0,212.0,160.0,1,places_top,False
train/00000069/00069924.jpg,124289,0.31,0.05,0.73,1.01,0.45091,0.30597,0.42727,0.61157,267.0,50.0,371.0,192.0,1,places_top,False
train/00000099/00099265.jpg,100713,0.06,0.22,0.57,0.75,0.21636,0.33496,0.76182,0.81253,74.0,195.0,162.0,303.0,1,places_top,False
train/00000093/00093114.jpg,49753,0.25,0.26,0.42,0.71,0.35636,0.33364,0.52909,0.47,220.0,128.0,270.0,187.0,1,places_top,False
train/00000063/00063656.jpg,69687,0.25,0.03,0.8,0.92,0.48364,0.3375,0.34364,0.66008,290.0,58.0,427.0,215.0,1,places_top,False
train/00000075/00075797.jpg,109734,0.39,0.05,0.63,0.48,0.53289,0.13605,0.56016,0.39445,363.0,19.0,430.0,118.0,1,places_top,False
train/00000023/00023395.jpg,20309,0.6,0.46,0.13,0.4,0.65176,0.50501,0.62376,0.84101,318.0,174.0,336.0,197.0,1,pascal,False
train/00000015/00015090.jpg,92344,0.84,0.28,0.16,0.71,0.87091,0.35654,0.59091,0.5983,542.0,121.0,594.0,183.0,1,coco_val,False
train/00000001/00001018.jpg,38741,0.35,0.14,0.65,0.86,0.49,0.3475,0.45667,0.76,104.0,65.0,183.0,160.0,1,actions,False
train/00000043/00043784.jpg,86553,0.19,0.28,0.45,0.97,0.42364,0.5218,0.46182,0.76883,236.0,211.0,316.0,312.0,1,places_top,False
train/00000066/00066555.jpg,103079,0.45,0.2,0.56,0.77,0.49636,0.27967,0.62545,0.35039,354.0,102.0,405.0,172.0,1,places_top,False
train/00000041/00041938.jpg,121172,0.32,0.02,0.83,1.05,0.56182,0.34165,0.5,0.66809,361.0,33.0,500.0,210.0,1,places_top,False
train/00000101/00101196.jpg,38524,0.01,0.25,0.17,0.6,0.12727,0.28899,0.15636,0.30839,75.0,131.0,99.0,159.0,1,places_top,False
train/00000079/00079158.jpg,54840,0.29,0.14,0.46,0.86,0.61273,0.48902,0.74909,0.21177,476.0,92.0,489.0,105.0,1,places_top,True
train/00000026/00026088.jpg,41697,0.13,0.22,0.27,0.7,0.35273,0.31108,0.77091,0.43155,245.0,134.0,290.0,181.0,1,places_top,False
train/00000111/00111381.jpg,73318,0.39,0.13,0.77,0.9,0.59273,0.325,0.64727,0.91289,414.0,73.0,517.0,216.0,1,places_top,False
train/00000116/00116814.jpg,113949,0.02,0.22,0.26,0.98,0.20727,0.34455,0.51818,0.44818,75.0,118.0,175.0,229.0,1,places_top,False
train/00000045/00045449.jpg,53452,0.03,0.14,0.97,0.89,0.75636,0.30622,0.25455,0.16344,524.0,106.0,610.0,216.0,1,places_top,False
train/00000061/00061220.jpg,7204,0.46,0.17,0.54,0.86,0.4707,0.30614,0.029297,0.30614,237.0,141.0,279.0,183.0,1,places_top,False
train/00000090/00090413.jpg,105045,0.38,0.04,0.72,0.87,0.59091,0.30839,0.47636,0.78377,358.0,49.0,455.0,179.0,1,places_top,False
train/00000096/00096004.jpg,69533,0.3,0.2,0.57,0.83,0.70727,0.42872,0.60545,0.46436,541.0,194.0,577.0,239.0,1,places_top,False
train/00000075/00075413.jpg,80812,0.08,0.01,0.65,0.97,0.47091,0.30712,0.66,0.52988,131.0,0.0,414.0,261.0,1,places_top,False
train/00000002/00002898.jpg,7767,0.18,0.03,0.43,0.61,0.48667,0.12865,0.80667,0.25731,120.0,10.0,166.0,69.0,1,actions,False
train/00000110/00110666.jpg,113891,-0.02,-0.02,0.41,1.02,0.19991,0.12658,0.341,0.055981,46.0,0.0,155.0,131.0,1,places_top,False
train/00000061/00061904.jpg,87446,0.04,0.28,0.22,0.95,0.16,0.35273,0.23636,0.24909,99.0,144.0,146.0,205.0,1,places_top,False
train/00000108/00108086.jpg,76906,0.45,0.12,0.54,0.8,0.48545,0.22692,0.38545,0.62562,366.0,74.0,411.0,124.0,1,places_top,False
train/00000051/00051443.jpg,27212,0.09,0.11,0.47,0.89,0.22909,0.29273,0.14545,0.72091,107.0,58.0,220.0,207.0,1,places_top,False
train/00000054/00054855.jpg,51415,0.19,0.0,0.37,1.01,0.33091,0.096364,0.54182,0.38273,202.0,0.0,269.0,81.0,1,places_top,False
train/00000083/00083562.jpg,78563,0.4,0.27,0.52,0.76,0.46545,0.33069,0.44,0.77581,342.0,151.0,367.0,180.0,1,places_top,False
train/00000005/00005531.jpg,19461,0.74,0.52,0.26,0.44,0.88788,0.55273,0.55091,0.34545,422.0,340.0,474.0,393.0,1,coco,False
train/00000037/00037438.jpg,22253,0.42,0.31,0.59,0.55,0.51091,0.39813,0.55091,0.40541,319.0,160.0,372.0,225.0,1,places_top,False
train/00000072/00072486.jpg,39843,0.07,0.22,0.64,0.87,0.34727,0.2486,0.4394,0.29471,122.0,72.0,209.0,164.0,1,places_top,False
train/00000097/00097227.jpg,82115,0.11,0.3,0.27,0.73,0.20545,0.37004,0.44545,0.34819,123.0,160.0,167.0,209.0,1,places_top,False
train/00000039/00039500.jpg,48853,0.22,0.1,0.43,0.74,0.53969,0.60364,0.3302,0.86545,266.0,326.0,324.0,409.0,1,places_top,False
train/00000082/00082386.jpg,44708,0.15,0.12,0.47,0.94,0.29273,0.26034,0.22727,0.56491,174.0,70.0,241.0,140.0,1,places_top,False
train/00000113/00113030.jpg,13811,0.15,0.12,0.39,0.84,0.26,0.18227,0.29455,0.93658,157.0,50.0,198.0,113.0,1,places_top,False
train/00000029/00029110.jpg,120501,0.24,0.11,0.38,0.76,0.37091,0.29869,0.12727,0.47817,242.0,116.0,317.0,202.0,1,places_top,False
train/00000110/00110033.jpg,14309,0.31,0.13,0.45,0.74,0.56354,0.21455,0.33129,0.34909,280.0,103.0,317.0,149.0,1,places_top,False
train/00000102/00102741.jpg,87037,0.15,0.07,0.28,0.5,0.19091,0.11696,0.81818,0.17672,111.0,33.0,150.0,74.0,1,places_top,False
train/00000075/00075615.jpg,125403,0.39,0.29,0.66,0.89,0.49091,0.3375,0.42364,0.80318,294.0,135.0,355.0,211.0,1,places_top,False
train/00000025/00025209.jpg,21895,0.01,0.15,0.24,0.41,0.10182,0.16772,0.16727,0.26231,13.0,39.0,93.0,131.0,1,places_top,False
train/00000014/00014603.jpg,119014,0.0,0.0,0.8,0.99,0.50727,0.26485,0.62,0.64788,195.0,0.0,409.0,264.0,1,coco,False
train/00000110/00110668.jpg,46625,0.05,0.02,0.55,0.99,0.26727,0.18281,0.73455,0.52734,124.0,23.0,252.0,189.0,1,places_top,False
train/00000020/00020122.jpg,102950,0.32,0.29,0.23,0.62,0.462,0.34533,0.64,0.492,206.0,110.0,236.0,147.0,1,coco_val,False
train/00000006/00006002.jpg,65824,0.35,0.09,0.39,0.59,0.50364,0.11303,0.62364,0.56813,292.0,34.0,323.0,65.0,1,coco,False
train/00000007/00007906.jpg,17639,0.0,0.01,0.88,0.98,0.36194,0.25375,0.70804,0.44465,0.0,1.0,192.0,271.0,1,coco,False
train/00000050/00050724.jpg,15311,0.04,0.36,0.35,0.75,0.21095,0.45818,0.45142,0.60364,38.0,258.0,123.0,348.0,1,places_top,False
train/00000110/00110584.jpg,39264,0.0,0.35,0.38,0.64,0.19182,0.41273,0.29,0.53818,62.0,275.0,113.0,343.0,1,places_top,False
train/00000084/00084248.jpg,123927,0.06,0.25,0.59,0.95,0.35818,0.32796,0.4,0.92874,246.0,86.0,346.0,235.0,1,places_top,False
train/00000004/00004838.jpg,79555,0.0,0.18,0.4,0.79,0.26727,0.26989,0.84,0.19132,98.0,111.0,173.0,198.0,1,coco,False
train/00000033/00033434.jpg,59785,0.24,0.29,0.61,0.73,0.56273,0.35636,0.75091,0.35636,187.0,231.0,291.0,321.0,1,places_top,False
train/00000040/00040409.jpg,27191,0.23,0.29,0.6,0.58,0.41818,0.33992,0.63273,0.3763,252.0,144.0,301.0,198.0,1,places_top,False
train/00000011/00011461.jpg,69582,0.0,0.2,0.44,0.72,0.22856,0.26545,0.27083,0.96364,88.0,140.0,136.0,204.0,1,coco,False
train/00000075/00075649.jpg,45668,0.26,0.11,0.59,0.93,0.48182,0.32779,0.54727,0.56791,249.0,51.0,367.0,206.0,1,places_top,False
train/00000045/00045647.jpg,64819,0.31,0.25,0.44,0.75,0.52182,0.30426,0.41455,0.30181,354.0,128.0,400.0,175.0,1,places_top,False
train/00000029/00029925.jpg,33485,-0.01,0.22,0.81,0.92,0.34727,0.46551,0.70545,0.52371,25.0,114.0,230.0,301.0,1,places_top,False
train/00000051/00051880.jpg,20799,0.15,0.09,0.33,1.01,0.30182,0.16727,0.54182,0.45364,175.0,47.0,244.0,120.0,1,places_top,False
train/00000112/00112105.jpg,13699,0.03,0.36,0.58,0.73,0.21091,0.38775,0.86364,0.38501,108.0,153.0,175.0,228.0,1,places_top,False
train/00000018/00018907.jpg,70178,0.0,0.6,0.24,0.39,0.15273,0.69394,0.34909,0.50727,14.0,294.0,152.0,459.0,1,coco_val,False
train/00000026/00026212.jpg,116274,0.25,0.11,0.84,1.0,0.60727,0.3631,0.3,0.32477,432.0,76.0,601.0,262.0,1,places_top,False
train/00000116/00116729.jpg,80384,0.0,0.02,0.47,0.89,0.42091,0.16727,0.73182,0.76909,118.0,22.0,246.0,187.0,1,places_top,False
train/00000118/00118151.jpg,38019,0.23,0.22,0.36,0.55,0.30024,0.28182,0.70463,0.28909,135.0,182.0,160.0,210.0,1,places_top,False
train/00000048/00048900.jpg,67476,0.39,0.1,0.56,0.73,0.57761,0.20364,0.65523,0.37455,239.0,88.0,303.0,175.0,1,places_top,False
train/00000068/00068908.jpg,88434,0.01,0.23,0.27,1.08,0.14182,0.29818,0.63455,0.36091,68.0,130.0,127.0,185.0,1,places_top,False
train/00000005/00005059.jpg,50748,0.28,0.28,0.5,0.61,0.51064,0.378,0.35638,0.494,168.0,150.0,217.0,218.0,1,coco,False
train/00000066/00066994.jpg,118350,0.07,-0.04,0.74,0.85,0.42364,0.08,0.41636,0.66636,258.0,0.0,423.0,133.0,1,places_top,False
train/00000029/00029424.jpg,44787,0.13,0.06,0.85,1.03,0.80909,0.32779,0.93818,0.11678,446.0,137.0,551.0,266.0,1,places_top,False
train/00000015/00015157.jpg,55119,0.19,0.21,0.19,0.71,0.284,0.29037,0.796,0.43201,113.0,77.0,142.0,110.0,1,coco_val,False
train/00000035/00035752.jpg,116164,0.28,0.26,0.43,0.84,0.56364,0.33265,0.72727,0.29384,350.0,130.0,402.0,190.0,1,places_top,False
train/00000107/00107357.jpg,113507,0.39,0.18,0.59,1.06,0.48909,0.30218,0.26,0.34783,385.0,92.0,460.0,200.0,1,places_top,False
train/00000009/00009684.jpg,12497,0.31,0.2,0.44,0.53,0.35091,0.33649,0.51091,0.87062,206.0,106.0,253.0,167.0,1,coco,False
train/00000081/00081802.jpg,85518,0.03,0.16,0.24,0.76,0.12,0.23134,0.49455,0.25327,56.0,92.0,94.0,138.0,1,places_top,False
train/00000006/00006332.jpg,79548,0.78,0.38,0.22,0.53,0.924,0.42,0.78267,0.422,332.0,192.0,357.0,217.0,1,coco,False
train/00000071/00071614.jpg,116984,0.14,0.13,0.35,0.95,0.29455,0.27117,0.69636,0.8625,143.0,89.0,211.0,174.0,1,places_top,False
train/00000083/00083386.jpg,8379,0.04,0.26,0.15,0.63,0.10727,0.31324,0.24182,0.42724,52.0,130.0,86.0,172.0,1,places_top,False
train/00000031/00031399.jpg,106446,0.04,0.11,0.24,0.36,0.20737,0.32545,0.05293,0.45818,95.0,232.0,118.0,259.0,1,places_top,False
train/00000012/00012709.jpg,42808,0.3,0.25,0.12,0.62,0.35636,0.29787,0.36727,0.39347,205.0,107.0,238.0,144.0,1,coco,False
train/00000042/00042951.jpg,105620,0.31,0.28,0.57,0.67,0.47913,0.36133,0.61575,0.45703,226.0,147.0,267.0,201.0,1,places_top,False
train/00000015/00015006.jpg,17360,0.33,0.37,0.2,0.54,0.44182,0.45394,0.46727,0.61394,257.0,179.0,296.0,231.0,1,coco_val,False
train/00000058/00058856.jpg,61873,-0.01,0.18,0.24,0.84,0.043636,0.34702,0.38727,0.37506,0.0,107.0,69.0,247.0,1,places_top,False
train/00000011/00011177.jpg,40341,0.41,0.09,0.17,0.61,0.48364,0.1631,0.39091,0.715,300.0,64.0,333.0,106.0,1,coco,False
train/00000013/00013390.jpg,87100,0.13,0.03,0.72,0.51,0.57358,0.15636,0.5218,0.49455,182.0,30.0,271.0,159.0,1,coco,False
train/00000028/00028980.jpg,98713,0.22,0.16,0.69,0.74,0.58772,0.30909,0.78289,0.57636,242.0,121.0,315.0,219.0,1,places_top,False
train/00000066/00066522.jpg,82735,0.28,0.1,0.45,0.88,0.37527,0.23214,0.63164,0.34613,228.6,96.6,273.4,155.4,1,places_top,True
train/00000065/00065102.jpg,123090,0.41,0.06,0.61,0.96,0.57818,0.28414,0.81273,0.67221,329.0,43.0,430.0,188.0,1,places_top,False
train/00000000/00000161.jpg,10708,0.09,0.2,0.65,0.8,0.4925,0.47,0.4975,0.62333,151.0,63.0,244.0,195.0,1,actions,False
train/00000109/00109618.jpg,4243,0.09,0.23,0.42,1.0,0.29273,0.33003,0.63091,0.3081,126.0,96.0,241.0,219.0,1,places_top,False
train/00000066/00066975.jpg,64508,0.03,0.08,0.31,0.98,0.19891,0.18909,0.26982,0.36475,72.0,43.0,146.0,130.0,1,places_top,False
train/00000049/00049848.jpg,76185,0.22,0.21,0.38,0.67,0.29818,0.30597,0.15818,0.65523,171.0,119.0,224.0,187.0,1,places_top,False
train/00000022/00022472.jpg,91274,0.41,0.2,0.23,0.53,0.55,0.24211,0.408,0.31316,245.0,62.0,305.0,122.0,1,pascal,True
train/00000100/00100085.jpg,90410,0.28,0.32,0.45,0.69,0.41455,0.42364,0.42182,0.63636,275.0,147.0,344.0,247.0,1,places_top,False
train/00000115/00115252.jpg,34056,0.18,0.2,0.37,0.91,0.26727,0.24681,0.23091,0.25974,172.0,112.0,213.0,165.0,1,places_top,False
train/00000020/00020421.jpg,111499,0.17,0.08,0.67,0.92,0.55,0.23737,0.50333,0.49394,57.0,19.0,95.0,70.0,1,imagenet,False
train/00000072/00072861.jpg,17217,0.24,0.29,0.63,0.86,0.33273,0.40783,0.29091,0.38843,225.0,154.0,301.0,232.0,1,places_top,False
train/00000013/00013660.jpg,119230,0.26,0.26,0.31,0.34,0.55675,0.37718,0.63442,0.31028,328.0,139.0,359.0,175.0,1,coco,False
train/00000071/00071713.jpg,61602,0.09,0.08,0.57,0.99,0.44727,0.33636,0.51091,0.60909,234.0,5.0,405.0,223.0,1,places_top,False
train/00000079/00079545.jpg,79610,0.28,0.03,0.92,0.9,0.55918,0.19556,0.54948,0.7792,233.0,33.0,323.0,166.0,1,places_top,False
train/00000070/00070433.jpg,121337,0.01,0.1,0.64,1.01,0.36364,0.31307,0.73273,0.24631,93.0,49.0,302.0,249.0,1,places_top,False
train/00000039/00039689.jpg,73923,0.01,0.1,0.42,1.01,0.23832,0.19091,0.5692,0.23455,79.0,72.0,144.0,143.0,1,places_top,False
train/00000051/00051933.jpg,87338,0.11,0.01,0.6,0.62,0.33636,0.17455,0.86,0.52727,72.0,15.0,200.0,178.0,1,places_top,False
train/00000089/00089127.jpg,45969,0.18,0.29,0.59,1.0,0.39636,0.35545,0.10545,0.18909,286.0,133.0,375.0,240.0,1,places_top,False
train/00000047/00047744.jpg,57836,0.21,0.1,0.69,0.86,0.47818,0.12634,0.38364,0.27107,342.0,33.0,398.0,96.0,1,places_top,False
train/00000043/00043619.jpg,82945,0.01,0.36,0.22,0.62,0.11636,0.46604,0.13273,0.37873,19.0,202.0,108.0,302.0,1,places_top,False
train/00000088/00088816.jpg,30438,-0.01,0.1,0.36,0.91,0.18545,0.33091,0.87636,0.37727,68.0,86.0,178.0,232.0,1,places_top,False
train/00000040/00040441.jpg,78208,-0.01,0.28,0.21,0.87,0.045455,0.38456,0.0072727,0.86556,11.0,165.0,67.0,230.0,1,places_top,False
train/00000075/00075759.jpg,95979,0.28,0.07,0.41,0.45,0.50545,0.37388,0.47818,0.47332,331.0,154.0,365.0,197.0,1,places_top,False
train/00000094/00094731.jpg,22782,0.0,0.06,0.33,0.96,0.13549,0.29181,0.38845,0.46248,15.0,13.0,169.0,211.0,1,places_top,False
train/00000110/00110726.jpg,116686,0.23,0.22,0.36,0.91,0.50364,0.386,0.36909,0.13376,313.0,176.0,370.0,244.0,1,places_top,False
train/00000035/00035267.jpg,6721,0.09,0.18,0.88,0.68,0.44273,0.19091,0.50273,0.16182,171.0,122.0,251.0,188.0,1,places_top,False
train/00000101/00101658.jpg,71774,0.27,0.1,0.65,0.96,0.51893,0.27047,0.59893,0.53983,322.0,55.0,411.0,174.0,1,places_top,False
train/00000041/00041214.jpg,28224,0.05,0.01,0.63,1.0,0.37727,0.24182,0.50545,0.60182,81.0,18.0,238.0,259.0,1,places_top,False
train/00000096/00096402.jpg,112547,0.35,0.29,0.64,0.49,0.4837,0.32,0.58693,0.56364,239.0,229.0,261.0,259.0,1,places_top,False
train/00000013/00013112.jpg,27569,0.37,0.39,0.12,0.59,0.39091,0.44264,0.19636,0.60107,244.0,167.0,275.0,207.0,1,coco,False
train/00000061/00061425.jpg,15265,0.26,0.22,0.44,0.82,0.43818,0.3569,0.49636,0.69161,274.0,150.0,310.0,193.0,1,places_top,False
train/00000093/00093735.jpg,96995,0.04,0.26,0.41,0.72,0.19455,0.3,0.37727,0.46,61.0,187.0,114.0,248.0,1,places_top,False
train/00000105/00105787.jpg,22470,0.14,0.16,0.23,0.91,0.31455,0.38531,0.38,0.50819,226.0,170.0,262.0,213.0,1,places_top,False
train/00000084/00084073.jpg,968,0.07,0.17,0.5,0.97,0.38727,0.25746,0.53818,0.59702,187.0,90.0,286.0,197.0,1,places_top,False
train/00000087/00087069.jpg,26139,0.31,0.3,0.54,0.64,0.48386,0.33229,0.93827,0.40938,203.0,229.0,240.0,271.0,1,places_top,False
train/00000006/00006899.jpg,95612,0.0,0.01,0.63,0.99,0.42233,0.38984,0.58415,0.67833,75.0,0.0,314.0,272.0,1,coco,False
train/00000019/00019087.jpg,39036,0.89,0.34,0.11,0.65,0.91455,0.41239,0.19455,0.30834,587.0,145.0,637.0,198.0,1,coco_val,False
train/00000053/00053186.jpg,5346,0.21,0.25,0.63,0.75,0.50274,0.41818,0.70013,0.60545,154.0,222.0,278.0,371.0,1,places_top,False
train/00000017/00017177.jpg,27385,0.01,0.14,0.46,0.76,0.25,0.30838,0.382,0.54192,90.0,53.0,150.0,135.0,1,coco_val,False
train/00000000/00000564.jpg,90398,0.39,0.11,0.4,0.89,0.55333,0.16667,0.85,0.0066667,119.0,51.0,184.0,105.0,1,actions,False
train/00000107/00107850.jpg,52668,0.02,0.01,0.31,0.34,0.14545,0.34235,0.88727,0.72799,69.0,149.0,107.0,195.0,1,places_top,False
train/00000064/00064420.jpg,72133,0.21,0.14,0.42,0.67,0.37727,0.20909,0.40727,0.32909,156.0,120.0,209.0,185.0,1,places_top,False
train/00000061/00061200.jpg,97671,0.02,0.01,0.23,0.74,0.19636,0.080401,0.44,0.04402,89.0,1.0,142.0,58.0,1,places_top,False
train/00000027/00027478.jpg,39419,0.11,0.18,0.26,1.0,0.15636,0.30946,0.098182,0.41126,110.0,123.0,155.0,175.0,1,places_top,False
train/00000103/00103239.jpg,110422,0.25,0.22,0.55,0.6,0.49178,0.29091,0.35196,0.65818,222.0,179.0,266.0,240.0,1,places_top,False
train/00000013/00013822.jpg,16847,0.38,0.47,0.62,0.53,0.86915,0.57304,0.52305,0.4494,351.0,298.0,427.0,438.0,1,coco,False
train/00000061/00061719.jpg,83383,0.28,0.28,0.58,0.81,0.52912,0.32545,0.72969,0.36364,233.0,252.0,286.0,320.0,1,places_top,False
train/00000023/00023943.jpg,40049,0.0,0.33,0.57,0.67,0.47523,0.46112,0.72748,0.45952,79.0,165.0,188.0,299.0,1,pascal,False
train/00000057/00057489.jpg,75680,0.05,0.26,0.46,1.01,0.32909,0.51645,0.48727,0.63982,117.0,149.0,276.0,334.0,1,places_top,False
train/00000039/00039148.jpg,66615,0.07,0.14,0.91,0.61,0.85791,0.24182,0.42987,0.57818,396.0,104.0,475.0,204.0,1,places_top,False
train/00000072/00072065.jpg,40593,0.03,0.02,1.03,0.91,0.65038,0.41636,0.22835,0.66545,270.0,52.0,512.0,353.0,1,places_top,False
train/00000097/00097631.jpg,87833,0.19,0.24,0.34,0.54,0.26909,0.54091,0.48,0.81091,184.0,245.0,225.0,295.0,1,places_top,False
train/00000084/00084407.jpg,34940,0.09,0.28,0.81,0.85,0.46436,0.40909,0.46162,0.99455,156.0,207.0,312.0,420.0,1,places_top,False
train/00000050/00050696.jpg,78046,0.14,0.2,0.33,0.87,0.25818,0.29273,0.65273,0.38545,146.0,106.0,225.0,204.0,1,places_top,False
train/00000031/00031840.jpg,121697,0.23,0.26,0.35,0.92,0.28727,0.34961,0.22182,0.50273,201.0,153.0,231.0,185.0,1,places_top,False
train/00000003/00003237.jpg,6595,0.04,0.12,0.57,0.88,0.47,0.2675,0.88667,0.3575,82.0,67.0,138.0,138.0,1,actions,False
train/00000003/00003155.jpg,53802,0.12,0.01,0.64,0.98,0.57982,0.27333,0.64634,0.7,212.0,7.0,291.0,108.0,1,actions,False
train/00000010/00010643.jpg,68760,0.0,0.55,0.7,0.22,0.58751,0.66,0.44797,0.72182,273.0,394.0,335.0,446.0,1,coco,False
train/00000116/00116946.jpg,100016,0.31,0.07,0.99,0.94,0.76364,0.19091,0.44545,0.79815,552.0,0.0,771.0,183.0,1,places_top,False
train/00000024/00024162.jpg,58717,0.38,0.12,0.51,0.86,0.46909,0.26362,0.49818,0.39006,334.0,86.0,380.0,145.0,1,places_top,False
train/00000005/00005840.jpg,46486,0.38,0.18,0.3,0.8,0.64182,0.33664,0.73091,0.80662,363.0,85.0,432.0,179.0,1,coco,False
train/00000105/00105229.jpg,61365,0.45,0.31,0.58,0.71,0.78909,0.61153,0.52,0.4592,598.0,296.0,634.0,333.0,1,places_top,False
train/00000100/00100387.jpg,101048,0.18,0.04,0.77,0.89,0.68182,0.37873,0.60182,0.69161,401.0,66.0,533.0,194.0,1,places_top,False
train/00000062/00062123.jpg,49385,0.11,0.08,0.35,0.97,0.27273,0.22037,0.53636,0.46436,161.0,80.0,237.0,162.0,1,places_top,False
train/00000000/00000094.jpg,70464,0.13,0.22,0.55,0.78,0.45,0.31316,0.66,0.37105,87.0,83.0,158.0,167.0,1,actions,False
train/00000018/00018359.jpg,53835,0.0,0.26,0.43,0.74,0.23818,0.41028,0.63091,0.33415,54.0,112.0,161.0,217.0,1,coco_val,False
train/00000000/00000770.jpg,51475,0.5,0.04,0.37,0.61,0.75721,0.15,0.38692,0.55,333.0,14.0,382.0,68.0,1,actions,False
train/00000107/00107500.jpg,36329,0.04,0.26,0.35,0.66,0.23636,0.3515,0.94182,0.29266,151.0,135.0,200.0,207.0,1,places_top,False
train/00000090/00090691.jpg,2009,0.43,0.26,0.7,0.72,0.55273,0.39571,0.52,0.57034,348.0,144.0,410.0,222.0,1,places_top,False
train/00000083/00083765.jpg,49626,0.03,0.02,0.28,0.96,0.18182,0.16554,0.21455,0.53838,83.0,18.0,155.0,113.0,1,places_top,False
train/00000058/00058089.jpg,68680,0.3,0.23,0.65,0.85,0.46364,0.38818,0.74727,0.21091,258.0,120.0,402.0,308.0,1,places_top,False
train/00000003/00003733.jpg,8714,0.24,0.12,0.73,0.88,0.638,0.328,0.892,0.634,206.0,63.0,345.0,246.0,1,actions,False
train/00000091/00091845.jpg,33681,0.23,0.03,0.51,0.91,0.33818,0.21623,0.51818,0.79348,175.0,21.0,264.0,136.0,1,places_top,False
train/00000024/00024867.jpg,95845,0.25,0.1,0.61,0.73,0.4411,0.19636,0.4938,0.88545,194.0,131.0,245.0,198.0,1,places_top,False
train/00000098/00098659.jpg,18147,0.12,0.09,0.68,0.98,0.59091,0.19674,0.7,0.53291,316.0,33.0,403.0,149.0,1,places_top,False
train/00000040/00040777.jpg,13621,0.21,0.21,0.31,0.69,0.41273,0.32818,0.49273,0.45909,302.0,154.0,331.0,185.0,1,places_top,False
train/00000090/00090941.jpg,67169,0.01,0.05,0.3,0.94,0.030909,0.12828,0.3,0.19067,0.0,21.0,39.0,142.0,1,places_top,False
train/00000063/00063334.jpg,69302,0.21,0.08,0.77,0.68,0.29273,0.32591,0.24364,0.63873,178.0,91.0,269.0,185.0,1,places_top,False
train/00000037/00037593.jpg,85086,0.16,0.35,0.35,0.64,0.25455,0.41754,0.28909,0.53153,154.0,190.0,186.0,232.0,1,places_top,False
train/00000009/00009496.jpg,119681,0.12,0.03,0.52,0.87,0.48909,0.20182,0.72727,0.62121,248.0,17.0,343.0,146.0,1,coco,False
train/00000086/00086114.jpg,78397,-0.01,0.02,0.46,1.01,0.30182,0.23065,0.45091,0.66752,163.0,26.0,315.0,192.0,1,places_top,False
train/00000014/00014333.jpg,111067,0.8,0.09,0.2,0.9,0.88545,0.18,0.51091,0.44909,555.0,53.0,624.0,110.0,1,coco,False
train/00000105/00105248.jpg,111427,0.11,0.13,0.3,0.98,0.37273,0.18702,0.89455,0.59023,228.0,62.0,300.0,147.0,1,places_top,False
train/00000118/00118532.jpg,18817,0.28,0.38,0.13,0.32,0.39902,0.43011,0.41175,0.50768,480.0,368.0,527.0,421.0,1,sun,False
train/00000007/00007455.jpg,46891,0.54,0.27,0.28,0.56,0.72364,0.33515,0.63455,0.61636,434.0,129.0,490.0,189.0,1,coco,False
train/00000048/00048233.jpg,10070,0.16,0.09,0.33,1.08,0.41091,0.46702,0.23091,0.36807,296.0,174.0,395.0,289.0,1,places_top,False
train/00000089/00089950.jpg,75864,0.22,0.04,0.37,0.72,0.30909,0.10223,0.36727,0.24533,189.0,32.0,224.0,80.0,1,places_top,False
train/00000118/00118947.jpg,91798,0.49,0.24,0.14,0.7,0.57062,0.31723,0.5326,0.27057,142.0,50.0,159.0,70.0,1,sun,False
train/00000046/00046994.jpg,6076,0.03,0.04,0.56,0.97,0.43273,0.12805,0.72182,0.28977,260.0,37.0,359.0,128.0,1,places_top,False
train/00000037/00037226.jpg,72315,0.13,0.04,0.83,0.94,0.53091,0.17501,0.62909,0.33395,253.0,5.0,379.0,159.0,1,places_top,False
train/00000078/00078996.jpg,46813,0.18,0.31,0.47,0.61,0.27273,0.37727,0.29636,0.45091,174.0,158.0,212.0,203.0,1,places_top,False
train/00000011/00011219.jpg,79839,0.02,0.26,0.22,0.72,0.16727,0.38309,0.26182,0.54622,49.0,116.0,118.0,196.0,1,coco,False
train/00000016/00016046.jpg,27053,0.54,0.23,0.14,0.75,0.64727,0.2996,0.82182,0.25758,380.0,88.0,413.0,125.0,1,coco_val,False
train/00000072/00072951.jpg,47803,0.14,0.16,0.84,0.99,0.46,0.21422,0.56727,0.76883,266.0,64.0,337.0,166.0,1,places_top,False
train/00000008/00008783.jpg,78671,0.0,0.0,0.26,0.99,0.13818,0.078182,0.49818,0.56061,8.0,0.0,99.0,71.0,1,coco,False
train/00000043/00043322.jpg,82072,0.07,0.09,0.38,0.9,0.31304,0.21136,0.7785,0.45928,157.0,55.0,253.0,156.0,1,places_top,False
train/00000018/00018297.jpg,123999,0.49,0.03,0.49,0.96,0.63636,0.19474,0.48727,0.60958,386.0,11.0,482.0,133.0,1,coco_val,False
train/00000028/00028089.jpg,48596,0.19,0.07,0.79,0.99,0.42364,0.27607,0.57091,0.44538,194.0,45.0,332.0,219.0,1,places_top,False
train/00000025/00025290.jpg,78808,0.36,0.02,0.49,0.77,0.50727,0.15316,0.30182,0.087678,336.0,48.0,388.0,101.0,1,places_top,False
train/00000053/00053946.jpg,37971,0.12,0.22,0.39,0.69,0.19636,0.28899,0.56727,0.5194,118.0,128.0,158.0,174.0,1,places_top,False
train/00000009/00009939.jpg,105658,0.69,0.21,0.31,0.67,0.82182,0.39091,0.57091,0.66485,502.0,103.0,602.0,215.0,1,coco,False
train/00000011/00011877.jpg,120703,0.23,0.14,0.12,0.83,0.33818,0.21556,0.82364,0.24788,179.0,50.0,218.0,94.0,1,coco,False
train/00000003/00003171.jpg,58695,0.04,0.22,0.96,0.72,0.80235,0.3214,0.62767,0.4424,347.0,66.0,405.0,131.0,1,actions,False
train/00000050/00050554.jpg,62658,0.0,0.12,0.54,0.99,0.32963,0.3125,0.73148,0.30469,32.0,68.0,192.0,231.0,1,places_top,False
train/00000019/00019507.jpg,83268,0.0,0.0,0.78,0.99,0.47002,0.25273,0.75344,0.83091,94.0,1.0,258.0,248.0,1,coco_val,False
train/00000067/00067717.jpg,30894,0.12,0.23,0.26,0.7,0.18727,0.34,0.24727,0.72545,104.0,130.0,144.0,191.0,1,places_top,False
train/00000032/00032009.jpg,90057,0.32,0.18,0.54,0.44,0.84182,0.31567,0.84545,0.45634,550.0,119.0,593.0,171.0,1,places_top,False
train/00000093/00093153.jpg,66687,0.11,0.03,0.58,0.94,0.42545,0.20865,0.48364,0.57146,229.0,0.0,379.0,190.0,1,places_top,False
train/00000008/00008656.jpg,26410,0.21,0.37,0.17,0.38,0.29818,0.48707,0.31273,0.6196,169.0,134.0,207.0,176.0,1,coco,False
train/00000118/00118845.jpg,69625,0.01,0.12,0.21,0.65,0.13237,0.19667,0.53986,0.34333,33.0,35.0,68.0,77.0,1,sun,False
train/00000046/00046059.jpg,104673,0.18,0.04,0.73,1.03,0.50732,0.23273,0.73908,0.33273,137.0,73.0,293.0,246.0,1,places_top,False
train/00000017/00017903.jpg,67043,0.0,0.41,0.51,0.59,0.32364,0.57884,0.50364,0.14656,24.0,175.0,214.0,366.0,1,coco_val,False
train/00000115/00115451.jpg,123591,0.38,0.07,0.78,0.99,0.44273,0.19273,0.28182,0.50909,218.0,90.0,296.0,192.0,1,places_top,False
train/00000089/00089546.jpg,114556,0.12,0.22,0.55,0.99,0.38364,0.28783,0.71818,0.41567,190.0,82.0,312.0,213.0,1,places_top,False
train/00000074/00074427.jpg,33719,0.17,0.12,0.54,0.98,0.44744,0.28564,0.9438,0.89655,305.0,102.0,362.0,174.0,1,places_top,False
train/00000060/00060641.jpg,5104,0.29,0.08,0.45,0.69,0.40364,0.17734,0.52,0.56563,290.0,51.0,329.0,98.0,1,places_top,False
train/00000069/00069787.jpg,123299,0.06,0.07,0.2,0.49,0.12727,0.13199,0.38,0.66227,86.0,42.0,117.0,78.0,1,places_top,False
train/00000089/00089182.jpg,60616,0.07,0.06,0.49,0.86,0.36602,0.20182,0.65586,0.65636,113.0,56.0,218.0,202.0,1,places_top,False
train/00000063/00063675.jpg,3290,0.41,0.14,0.68,0.81,0.56592,0.44545,0.56828,0.79636,248.0,154.0,290.0,200.0,1,places_top,False
train/00000062/00062220.jpg,36026,0.15,0.22,0.34,0.83,0.22182,0.28016,0.34182,0.47383,134.0,111.0,177.0,162.0,1,places_top,False
train/00000038/00038475.jpg,108312,0.26,0.09,0.42,0.71,0.47576,0.10371,0.48787,0.28234,351.0,26.0,383.0,71.0,1,places_top,False
train/00000094/00094272.jpg,108682,0.26,0.09,0.64,0.78,0.34182,0.18049,0.26182,0.30884,243.0,39.0,315.0,127.0,1,places_top,False
train/00000107/00107684.jpg,53058,0.03,0.06,0.59,1.0,0.14137,0.28711,0.8852,0.24023,25.0,110.0,91.0,180.0,1,places_top,False
train/00000009/00009362.jpg,96375,0.42,0.01,0.58,0.99,0.6503,0.26,0.47091,0.93818,233.0,3.0,433.0,234.0,1,coco,False
train/00000023/00023350.jpg,51311,0.2,0.0,0.46,1.0,0.406,0.172,0.256,0.628,161.0,1.0,237.0,110.0,1,pascal,False
train/00000039/00039909.jpg,96262,0.14,0.19,0.52,1.05,0.43818,0.36636,0.82,0.82182,251.0,91.0,375.0,252.0,1,places_top,False
train/00000031/00031755.jpg,62328,0.01,0.16,0.2,0.8,0.13818,0.25632,0.19273,0.46988,69.0,92.0,123.0,160.0,1,places_top,False
train/00000011/00011957.jpg,70148,0.3,0.0,0.31,0.59,0.43273,0.053076,0.32364,0.58175,263.0,0.0,305.0,39.0,1,coco,False
train/00000072/00072431.jpg,99420,0.05,0.0,0.58,1.0,0.44,0.23718,0.59273,0.50723,170.0,9.0,327.0,199.0,1,places_top,False
train/00000117/00117291.jpg,19006,0.02,-0.08,0.66,0.93,0.52093,0.12182,0.65352,0.55455,200.0,3.0,318.0,144.0,1,places_top,False
train/00000043/00043777.jpg,93817,0.22,0.1,0.55,0.87,0.32909,0.28727,0.44364,0.44545,173.0,81.0,277.0,195.0,1,places_top,False
train/00000034/00034956.jpg,9383,0.04,0.09,0.64,0.95,0.29895,0.18,0.58616,0.20545,74.0,70.0,156.0,165.0,1,places_top,False
train/00000113/00113089.jpg,28877,0.08,0.02,0.3,0.74,0.20727,0.16182,0.19818,0.87909,140.0,29.0,189.0,103.0,1,places_top,False
train/00000065/00065951.jpg,27867,0.25,0.26,0.37,0.74,0.33636,0.33507,0.57273,0.26716,191.0,155.0,221.0,188.0,1,places_top,False
train/00000013/00013189.jpg,8035,0.2,0.37,0.14,0.61,0.26727,0.41273,0.19091,0.51939,160.0,178.0,196.0,222.0,1,coco,False
train/00000051/00051494.jpg,12058,0.19,0.0,0.35,0.77,0.41818,0.15316,0.38182,0.42724,255.0,31.0,326.0,122.0,1,places_top,False
train/00000075/00075466.jpg,33034,0.3,0.14,0.45,0.63,0.38909,0.21865,0.48182,0.31567,239.0,81.0,278.0,132.0,1,places_top,False
train/00000012/00012863.jpg,99019,0.64,0.48,0.26,0.51,0.69516,0.59043,0.63153,0.7318,436.0,207.0,496.0,284.0,1,coco,False
train/00000074/00074975.jpg,40494,0.43,0.2,0.59,0.99,0.48182,0.29174,0.28727,0.4472,371.0,95.0,429.0,175.0,1,places_top,False
train/00000084/00084865.jpg,11851,0.24,0.01,0.44,0.62,0.33455,0.13853,0.45455,0.56395,205.0,21.0,275.0,118.0,1,places_top,False
train/00000064/00064585.jpg,82169,0.45,0.05,0.58,0.84,0.52909,0.15364,0.63455,0.17545,387.0,50.0,431.0,102.0,1,places_top,False
train/00000067/00067100.jpg,122617,0.03,0.35,0.37,0.98,0.29455,0.46119,0.52182,0.58732,115.0,165.0,210.0,280.0,1,places_top,False
train/00000016/00016848.jpg,87276,0.21,0.24,0.44,0.38,0.46545,0.39576,0.60182,0.58242,267.0,159.0,327.0,219.0,1,coco_val,True
train/00000023/00023589.jpg,41136,0.34,0.3,0.26,0.19,0.48133,0.33,0.62267,0.66,167.0,148.0,185.0,171.0,1,pascal,False
train/00000046/00046351.jpg,112654,0.12,0.1,0.81,0.99,0.56545,0.29583,0.26727,0.26142,333.0,86.0,417.0,190.0,1,places_top,False
train/00000033/00033781.jpg,53783,0.29,0.12,0.64,0.89,0.5,0.16727,0.6625,0.57091,196.0,86.0,276.0,177.0,1,places_top,False
train/00000030/00030749.jpg,98369,0.36,0.12,0.68,0.61,0.58364,0.23782,0.47818,0.28454,409.0,59.0,495.0,156.0,1,places_top,False
train/00000024/00024419.jpg,25359,0.01,0.24,0.22,0.93,0.13273,0.28622,0.32909,0.36104,36.0,115.0,87.0,171.0,1,places_top,False
train/00000107/00107298.jpg,25426,0.04,0.02,0.3,0.77,0.26909,0.14,0.71273,0.75364,148.0,13.0,219.0,90.0,1,places_top,False
train/00000063/00063167.jpg,37281,0.33,0.13,0.75,1.0,0.40545,0.40679,0.28909,0.55209,299.0,117.0,404.0,259.0,1,places_top,False
train/00000112/00112804.jpg,90302,0.16,0.04,0.94,0.98,0.61273,0.5,0.57091,0.93091,421.0,30.0,670.0,375.0,1,places_top,False
train/00000115/00115010.jpg,11417,0.01,0.27,0.14,0.73,0.094545,0.32,0.41818,0.29818,27.0,127.0,77.0,190.0,1,places_top,False
train/00000070/00070977.jpg,11380,-0.01,0.01,0.62,0.99,0.43455,0.23064,0.71091,0.70889,279.0,7.0,389.0,162.0,1,places_top,False
train/00000065/00065528.jpg,69444,0.32,0.01,0.79,0.7,0.57739,0.14909,0.42503,0.59636,264.0,12.0,357.0,144.0,1,places_top,False
train/00000118/00118601.jpg,38834,0.59,0.5,0.15,0.45,0.65292,0.57245,0.60492,0.60979,314.0,191.0,343.0,226.0,1,sun,False
train/00000002/00002784.jpg,81280,0.47,0.15,0.48,0.84,0.80025,0.27,0.5397,0.4325,312.0,62.0,376.0,141.0,1,actions,False
train/00000077/00077831.jpg,31641,0.24,0.08,0.49,0.98,0.64,0.25503,0.49091,0.27444,424.0,82.0,504.0,177.0,1,places_top,False
train/00000069/00069858.jpg,30074,0.0,0.04,0.31,0.97,0.24364,0.26,0.43091,0.30091,3.0,8.0,204.0,220.0,1,places_top,False
train/00000092/00092454.jpg,123633,0.28,0.05,0.49,0.71,0.41728,0.2148,0.52395,0.73469,350.0,39.0,417.0,129.0,1,places_top,False
train/00000015/00015575.jpg,77423,0.44,0.33,0.27,0.54,0.65663,0.48,0.71084,0.2,206.0,229.0,227.0,254.0,1,coco_val,False
train/00000029/00029812.jpg,27962,0.1,0.09,0.43,1.0,0.32545,0.23818,0.59455,0.41545,158.0,63.0,264.0,182.0,1,places_top,False
train/00000088/00088449.jpg,119857,0.03,0.19,0.41,1.04,0.21455,0.38774,0.87273,0.44507,35.0,125.0,171.0,267.0,1,places_top,False
train/00000093/00093843.jpg,26872,0.22,0.26,0.4,0.98,0.36727,0.38257,0.81273,0.6775,218.0,144.0,297.0,233.0,1,places_top,False
train/00000064/00064465.jpg,34558,0.23,0.08,0.33,0.78,0.46182,0.18075,0.54,0.19363,309.0,63.0,343.0,103.0,1,places_top,False
train/00000000/00000543.jpg,42491,0.36,0.31,0.25,0.45,0.50485,0.34182,0.48302,0.28364,214.0,210.0,254.0,249.0,1,actions,False
train/00000003/00003042.jpg,122785,0.07,0.04,0.86,0.9,0.37455,0.44,0.36545,0.83636,104.0,44.0,335.0,364.0,1,actions,False
train/00000030/00030631.jpg,91137,-0.01,0.18,0.44,1.05,0.30664,0.35603,0.48242,0.47471,42.0,96.0,175.0,269.0,1,places_top,False
train/00000062/00062345.jpg,52220,0.04,0.29,0.28,0.56,0.1944,0.33636,0.61642,0.57818,73.0,202.0,105.0,237.0,1,places_top,False
train/00000118/00118331.jpg,102449,0.13,0.25,0.16,0.39,0.24182,0.31794,0.63091,0.27112,269.0,282.0,402.0,415.0,1,sun,False
train/00000103/00103296.jpg,120482,0.34,0.01,0.47,1.01,0.55273,0.54364,0.39636,0.36364,406.0,225.0,471.0,293.0,1,places_top,False
train/00000010/00010436.jpg,37003,0.41,0.0,0.56,0.94,0.78727,0.24545,0.58364,0.79818,457.0,1.0,620.0,186.0,1,coco,False
train/00000003/00003138.jpg,123714,0.09,0.03,0.91,0.97,0.41667,0.2475,0.37333,0.7125,65.0,28.0,191.0,178.0,1,actions,False
train/00000083/00083056.jpg,81069,0.07,0.27,0.25,0.55,0.13581,0.30727,0.096289,0.30182,62.0,221.0,94.0,260.0,1,places_top,False
train/00000001/00001427.jpg,15553,0.33,0.34,0.3,0.3,0.38405,0.37485,0.8408,0.35304,196.0,309.0,247.0,362.0,1,actions,False
train/00000021/00021195.jpg,53574,0.84,0.5,0.16,0.5,0.89733,0.566,0.68933,0.592,328.0,254.0,371.0,303.0,1,pascal,False
train/00000000/00000020.jpg,83912,0.24,0.23,0.47,0.77,0.485,0.42,0.0925,0.36333,187.0,67.0,277.0,163.0,1,actions,False
train/00000085/00085316.jpg,36353,0.05,0.08,0.22,0.99,0.22909,0.27354,0.97636,0.74263,145.0,87.0,229.0,191.0,1,places_top,False
train/00000100/00100259.jpg,69669,0.09,0.29,0.22,0.71,0.15455,0.31703,0.32727,0.27607,104.0,147.0,135.0,180.0,1,places_top,False
train/00000098/00098041.jpg,123524,0.04,0.24,0.19,0.72,0.11818,0.29897,0.21818,0.28478,74.0,136.0,105.0,169.0,1,places_top,False
train/00000032/00032578.jpg,86092,0.01,0.23,0.24,0.46,0.15273,0.26758,0.79091,0.30039,50.0,93.0,136.0,179.0,1,places_top,False
train/00000046/00046448.jpg,8175,0.09,0.1,0.58,1.0,0.41455,0.14678,0.59636,0.17512,206.0,11.0,294.0,107.0,1,places_top,True
train/00000078/00078116.jpg,122445,0.26,0.14,0.37,0.87,0.31273,0.24737,0.24909,0.26871,304.0,98.0,350.0,150.0,1,places_top,False
train/00000046/00046981.jpg,22541,0.04,0.04,0.56,1.0,0.36,0.23134,0.82364,0.38212,186.0,19.0,309.0,182.0,1,places_top,False
train/00000066/00066208.jpg,51509,0.01,0.15,0.34,1.17,0.16727,0.2883,0.68545,0.1648,22.0,101.0,110.0,191.0,1,places_top,False
train/00000108/00108947.jpg,36226,0.16,0.14,0.53,1.09,0.34545,0.25246,0.32182,0.63873,224.0,70.0,307.0,187.0,1,places_top,False
train/00000044/00044430.jpg,75739,0.17,0.26,0.32,0.85,0.38364,0.29238,0.50727,0.26224,323.0,123.0,365.0,169.0,1,places_top,False
train/00000083/00083375.jpg,30072,0.2,-0.07,0.67,0.89,0.57875,0.18364,0.64676,0.38727,231.424,96.768,343.04,262.08,1,places_top,True
train/00000057/00057126.jpg,40180,0.12,0.25,0.35,0.56,0.30609,0.34026,0.389,0.46314,214.0,128.0,266.0,198.0,1,places_top,False
train/00000050/00050532.jpg,118070,0.21,0.24,0.82,0.73,0.57091,0.29219,0.43636,0.25117,430.0,121.0,497.0,186.0,1,places_top,False
train/00000072/00072653.jpg,36677,0.04,0.2,0.76,1.0,0.53091,0.40727,0.22909,0.28182,355.0,127.0,517.0,307.0,1,places_top,False
train/00000028/00028660.jpg,115718,0.15,0.18,0.46,0.89,0.36545,0.37969,0.43273,0.52461,207.0,94.0,318.0,243.0,1,places_top,False
train/00000008/00008443.jpg,9765,0.0,0.09,0.48,0.9,0.03,0.35843,0.646,0.46084,3.0,30.0,26.0,211.0,1,coco,True
train/00000061/00061489.jpg,21339,0.04,0.14,0.49,1.0,0.19455,0.34235,0.023636,0.72799,110.0,105.0,189.0,212.0,1,places_top,False
train/00000082/00082186.jpg,69707,0.07,0.12,0.45,1.0,0.28182,0.23818,0.44909,0.37182,138.0,58.0,232.0,174.0,1,places_top,False
train/00000079/00079577.jpg,18383,0.18,0.3,0.38,1.0,0.24562,0.36019,0.3838,0.48871,153.0,162.0,205.0,217.0,1,places_top,False
train/00000023/00023863.jpg,49283,0.34,0.1,0.54,0.7,0.578,0.25733,0.23,0.588,278.0,29.0,375.0,153.0,1,pascal,False
train/00000019/00019149.jpg,50469,0.36,0.28,0.16,0.7,0.46545,0.31382,0.73455,0.31656,273.0,113.0,310.0,154.0,1,coco_val,False
train/00000076/00076332.jpg,66841,0.11,0.38,0.85,0.67,0.38081,0.43818,0.38081,0.67818,150.0,201.0,236.0,315.0,1,places_top,False
train/00000009/00009900.jpg,34883,0.25,0.5,0.46,0.5,0.65153,0.5313,0.34244,0.40281,395.0,243.0,446.0,287.0,1,coco,False
train/00000044/00044500.jpg,20283,0.44,0.17,0.54,0.87,0.5,0.32052,0.57818,0.42966,299.0,120.0,358.0,191.0,1,places_top,False
train/00000094/00094516.jpg,39333,0.24,0.04,0.38,0.62,0.31636,0.12091,0.58364,0.27909,225.0,33.0,262.0,79.0,1,places_top,False
train/00000097/00097829.jpg,71483,0.08,0.09,0.4,0.97,0.22,0.30065,0.63091,0.28426,87.0,104.0,176.0,202.0,1,places_top,False
train/00000057/00057049.jpg,49030,0.0,0.0,0.41,0.97,0.28727,0.23954,0.50545,0.80339,98.0,0.0,261.0,196.0,1,places_top,False
train/00000081/00081004.jpg,109388,0.01,0.05,0.51,1.02,0.34364,0.30528,0.42545,0.71314,147.0,29.0,295.0,221.0,1,places_top,False
train/00000076/00076987.jpg,40840,0.05,-0.01,0.67,0.99,0.36545,0.24702,0.51091,0.67409,149.0,0.0,314.0,185.0,1,places_top,False
train/00000013/00013135.jpg,113976,0.83,0.12,0.17,0.87,0.96727,0.20499,0.90364,0.22411,607.0,52.0,640.0,125.0,1,coco,False
train/00000050/00050153.jpg,6608,0.38,0.31,0.59,0.67,0.46909,0.38115,0.57818,0.59217,290.0,158.0,329.0,206.0,1,places_top,False
train/00000111/00111407.jpg,100545,0.05,0.16,0.88,0.98,0.58466,0.37091,0.74577,0.76364,174.0,145.0,409.0,420.0,1,places_top,False
train/00000081/00081778.jpg,114728,0.11,0.12,0.88,0.75,0.4552,0.19455,0.6105,0.24182,156.0,107.0,241.0,206.0,1,places_top,False
train/00000034/00034954.jpg,88903,0.01,0.16,0.15,0.7,0.081818,0.2,0.058182,0.16182,49.0,86.0,76.0,118.0,1,places_top,False
train/00000117/00117943.jpg,111457,0.24,0.25,0.44,0.97,0.37455,0.33992,0.77455,0.54123,209.0,118.0,304.0,232.0,1,places_top,False
train/00000045/00045209.jpg,75052,0.24,0.01,0.42,0.7,0.35455,0.094954,0.98,0.71101,219.0,22.0,257.0,73.0,1,places_top,False
train/00000016/00016609.jpg,88469,0.24,0.0,0.24,0.75,0.40182,0.063977,0.36727,0.77251,237.0,0.0,274.0,46.0,1,coco_val,False
train/00000110/00110427.jpg,52395,0.02,0.24,0.23,0.52,0.080994,0.29091,0.039581,0.26182,36.0,168.0,79.0,217.0,1,places_top,False
train/00000021/00021346.jpg,57423,0.03,0.26,0.15,0.72,0.122,0.31081,0.332,0.61111,34.0,84.0,67.0,121.0,1,pascal,False
train/00000028/00028006.jpg,104257,0.08,0.12,0.35,1.08,0.37091,0.1944,0.25636,0.23078,239.0,55.0,321.0,146.0,1,places_top,False
train/00000082/00082208.jpg,36713,0.35,0.21,0.67,0.68,0.5,0.26716,0.56909,0.30354,319.0,104.0,358.0,152.0,1,places_top,False
train/00000011/00011202.jpg,10337,0.39,0.01,0.49,0.82,0.5,0.19091,0.60909,0.79091,264.0,12.0,360.0,153.0,1,coco,False
train/00000017/00017840.jpg,72520,0.18,0.19,0.4,0.52,0.38727,0.27044,0.36182,0.70581,232.0,91.0,274.0,141.0,1,coco_val,False
train/00000067/00067812.jpg,100400,0.38,0.24,0.59,0.82,0.51636,0.27794,0.79273,0.56031,356.0,108.0,403.0,162.0,1,places_top,False
train/00000117/00117997.jpg,57095,0.37,0.33,0.51,0.65,0.44182,0.35933,0.58182,0.34962,283.0,167.0,308.0,196.0,1,places_top,False
train/00000060/00060362.jpg,58719,0.05,0.04,0.63,0.98,0.40182,0.38,0.69818,0.53,132.0,9.0,349.0,236.0,1,places_top,False
train/00000017/00017704.jpg,40359,0.34,0.19,0.25,0.5,0.42,0.26075,0.6,0.67672,236.0,85.0,273.0,135.0,1,coco_val,False
train/00000083/00083061.jpg,18222,0.04,0.2,0.17,0.95,0.14182,0.26454,0.32182,0.48905,69.0,92.0,124.0,156.0,1,places_top,False
train/00000058/00058613.jpg,63457,0.34,0.32,0.51,0.73,0.45091,0.4903,0.53636,0.69403,268.0,214.0,315.0,275.0,1,places_top,False
train/00000118/00118475.jpg,43610,0.03,0.51,0.23,0.34,0.11,0.55763,0.71667,0.67789,16.0,160.0,28.0,174.0,1,sun,False
train/00000017/00017871.jpg,22769,0.47,0.05,0.51,0.93,0.53455,0.33377,0.34909,0.57358,325.0,26.0,470.0,198.0,1,coco_val,False
train/00000006/00006554.jpg,80612,0.2,0.01,0.75,0.99,0.49,0.24474,0.198,0.84234,224.0,5.0,314.0,135.0,1,coco,False
train/00000114/00114160.jpg,73314,0.29,0.22,0.7,0.9,0.43636,0.42636,0.37636,0.96364,305.0,134.0,378.0,244.0,1,places_top,False
train/00000080/00080445.jpg,11258,0.15,0.16,0.53,0.98,0.40364,0.27216,0.84909,0.41216,229.0,83.0,332.0,200.0,1,places_top,False
train/00000096/00096906.jpg,43110,0.42,0.14,0.67,0.99,0.52727,0.27549,0.72364,0.58488,369.0,83.0,428.0,167.0,1,places_top,False
train/00000059/00059802.jpg,46659,0.27,0.09,0.45,0.76,0.40182,0.20392,0.44545,0.3275,260.0,64.0,312.0,133.0,1,places_top,False
train/00000043/00043825.jpg,91953,0.06,0.17,0.37,0.92,0.19818,0.32217,0.016364,0.29537,122.0,109.0,192.0,183.0,1,places_top,False
train/00000063/00063549.jpg,123255,0.32,0.2,0.59,0.98,0.38182,0.47332,0.34727,0.50485,249.0,187.0,339.0,292.0,1,places_top,False
train/00000032/00032975.jpg,83244,0.2,0.05,0.58,1.01,0.39909,0.21091,0.78909,0.32,141.0,120.0,212.0,196.0,1,places_top,False
train/00000055/00055531.jpg,47362,0.33,0.06,0.62,0.61,0.54,0.16814,0.77273,0.8781,387.0,26.0,461.0,129.0,1,places_top,False
train/00000078/00078671.jpg,90205,0.32,0.24,0.57,0.63,0.43179,0.3,0.68514,0.78364,203.0,186.0,235.0,224.0,1,places_top,False
train/00000092/00092848.jpg,70793,0.09,0.24,0.37,0.91,0.11636,0.45149,0.038182,0.67463,41.0,133.0,134.0,252.0,1,places_top,False
train/00000086/00086716.jpg,29505,0.08,0.04,0.31,0.94,0.21636,0.16455,0.27455,0.35545,126.0,32.0,187.0,108.0,1,places_top,False
train/00000072/00072156.jpg,55342,0.02,0.01,0.81,0.96,0.43107,0.35341,0.70198,0.63718,88.0,10.0,327.0,278.0,1,places_top,False
train/00000040/00040517.jpg,53776,0.03,0.04,0.46,0.92,0.24909,0.1582,0.13636,0.35781,101.0,0.0,274.0,181.0,1,places_top,False
train/00000081/00081671.jpg,95695,0.08,0.21,0.46,0.95,0.14545,0.23818,0.42727,0.42909,39.0,83.0,120.0,161.0,1,places_top,False
train/00000078/00078490.jpg,84649,0.17,0.14,0.47,0.73,0.33818,0.25018,0.24182,0.40541,207.0,87.0,262.0,148.0,1,places_top,False
train/00000116/00116684.jpg,106888,0.07,0.15,0.25,0.64,0.20727,0.18227,0.59636,0.24048,106.0,71.0,147.0,122.0,1,places_top,False
train/00000109/00109657.jpg,94558,0.29,0.3,0.49,0.71,0.45636,0.39048,0.56909,0.56297,289.0,149.0,362.0,239.0,1,places_top,False
train/00000012/00012348.jpg,115329,0.0,0.0,0.52,0.99,0.30848,0.32545,0.31091,0.33273,77.0,153.0,238.0,265.0,1,coco,True
train/00000106/00106237.jpg,60878,0.16,0.0,0.39,0.75,0.24182,0.071818,0.16909,0.08,189.0,2.0,241.0,58.0,1,places_top,False
train/00000109/00109361.jpg,42969,0.05,0.09,0.41,0.98,0.34182,0.23531,0.45636,0.34538,185.0,42.0,278.0,161.0,1,places_top,False
train/00000044/00044221.jpg,69144,0.3,0.25,0.44,1.01,0.37636,0.32545,0.51636,0.23576,221.0,132.0,271.0,198.0,1,places_top,False
train/00000007/00007444.jpg,57846,0.41,0.22,0.59,0.78,0.75588,0.38249,0.56305,0.723,378.0,148.0,510.0,325.0,1,coco,False
train/00000010/00010839.jpg,107265,0.19,0.5,0.31,0.28,0.48542,0.64722,0.010417,0.29444,223.0,224.0,239.0,242.0,1,coco,True
train/00000105/00105058.jpg,117495,0.06,0.03,0.45,0.92,0.39496,0.14727,0.73519,0.34727,141.0,58.0,209.0,136.0,1,places_top,False
train/00000010/00010145.jpg,124903,0.0,0.0,0.42,1.0,0.12364,0.046667,0.40727,0.48303,5.0,3.0,168.0,165.0,1,coco,True
train/00000009/00009804.jpg,64011,0.24,0.44,0.36,0.49,0.37851,0.50545,0.5594,0.71455,130.0,289.0,177.0,346.0,1,coco,False
train/00000056/00056492.jpg,38195,0.23,0.28,0.41,0.69,0.35091,0.34414,0.45273,0.51094,235.0,137.0,281.0,195.0,1,places_top,False
train/00000106/00106381.jpg,76623,0.05,0.24,0.45,0.84,0.34364,0.30108,0.48909,0.82529,196.0,120.0,246.0,183.0,1,places_top,False
train/00000046/00046091.jpg,21094,0.01,0.21,0.74,0.7,0.55273,0.39609,0.53091,0.68867,380.0,105.0,491.0,254.0,1,places_top,False
train/00000110/00110430.jpg,90503,0.33,0.02,0.88,1.02,0.49818,0.22843,0.33818,0.82017,356.0,26.0,464.0,158.0,1,places_top,False
train/00000013/00013167.jpg,46523,0.4,0.03,0.21,0.38,0.49273,0.083053,0.51091,0.60628,291.0,12.0,331.0,63.0,1,coco,False
train/00000070/00070757.jpg,37856,0.03,0.11,0.52,1.0,0.43273,0.32527,0.52364,0.86332,253.0,28.0,391.0,204.0,1,places_top,False
train/00000080/00080526.jpg,25300,0.22,0.02,0.53,1.02,0.42364,0.16727,0.48909,0.30364,274.0,32.0,346.0,134.0,1,places_top,False
train/00000009/00009948.jpg,72656,0.64,0.22,0.23,0.6,0.812,0.27962,0.838,0.49526,381.0,97.0,414.0,133.0,1,coco,False
train/00000013/00013120.jpg,40371,0.34,0.0,0.24,0.4,0.4475,0.093333,0.4975,0.42333,154.0,1.0,193.0,50.0,1,coco,False
train/00000013/00013497.jpg,97466,0.0,0.27,0.14,0.73,0.081818,0.3341,0.74545,0.29619,25.0,132.0,75.0,192.0,1,coco,False
train/00000078/00078363.jpg,82757,0.0,0.22,0.21,0.91,0.15455,0.28656,0.025455,0.26473,101.0,126.0,136.0,165.0,1,places_top,False
train/00000011/00011545.jpg,22742,0.77,0.16,0.2,0.6,0.84,0.22364,0.56,0.22364,537.0,90.0,574.0,131.0,1,coco,False
train/00000084/00084290.jpg,16314,0.07,0.18,0.84,0.87,0.51091,0.25455,0.86,0.77636,118.0,77.0,298.0,301.0,1,places_top,False
train/00000034/00034616.jpg,18405,0.02,0.17,0.2,0.73,0.15782,0.26367,0.18691,0.69054,96.0,110.0,124.0,148.0,1,places_top,False
train/00000045/00045267.jpg,116247,0.11,0.1,0.58,0.99,0.43273,0.30909,0.47818,0.50545,267.0,71.0,376.0,191.0,1,places_top,False
train/00000086/00086388.jpg,38453,0.25,0.03,0.86,0.88,0.5097,0.20545,0.83228,0.47273,169.0,51.0,287.0,197.0,1,places_top,False
train/00000030/00030826.jpg,16635,0.13,0.15,0.87,0.91,0.33818,0.40398,0.51818,0.9225,102.0,56.0,273.0,272.0,1,places_top,False
train/00000112/00112421.jpg,19411,0.05,0.21,0.4,1.08,0.26545,0.28414,0.77455,0.28414,118.0,113.0,192.0,185.0,1,places_top,False
train/00000105/00105926.jpg,71066,0.16,0.09,0.41,0.94,0.20909,0.18545,0.17636,0.55742,127.0,54.0,181.0,120.0,1,places_top,False
train/00000028/00028949.jpg,69217,0.02,0.27,0.51,0.82,0.28398,0.37091,0.36328,0.6,68.0,207.0,174.0,340.0,1,places_top,False
train/00000072/00072095.jpg,67920,0.26,0.08,0.5,0.94,0.39091,0.16679,0.63091,0.23472,333.0,54.0,385.0,120.0,1,places_top,False
train/00000090/00090801.jpg,123744,0.26,0.04,0.7,0.83,0.571,0.14727,0.93693,0.82545,229.0,53.0,310.0,157.0,1,places_top,False
train/00000040/00040858.jpg,97925,0.36,0.2,0.62,0.84,0.5,0.27929,0.58545,0.68918,312.0,97.0,359.0,159.0,1,places_top,False
train/00000067/00067425.jpg,53588,0.41,0.01,0.58,0.86,0.5,0.24842,0.63455,0.76854,342.0,17.0,457.0,166.0,1,places_top,False
train/00000113/00113086.jpg,35966,0.4,0.16,0.58,0.85,0.54727,0.34141,0.35273,0.90469,402.0,147.0,445.0,205.0,1,places_top,False
train/00000003/00003956.jpg,34177,0.0,0.27,0.5,0.58,0.428,0.46,0.774,0.535,133.0,106.0,241.0,242.0,1,actions,False
train/00000096/00096188.jpg,40655,0.4,0.11,0.54,0.41,0.45091,0.18091,0.79091,0.69091,327.0,68.0,369.0,123.0,1,places_top,False
train/00000089/00089519.jpg,64044,0.27,0.33,0.57,0.89,0.44364,0.41026,0.60364,0.386,223.0,151.0,317.0,261.0,1,places_top,False
train/00000087/00087214.jpg,10823,0.1,0.06,0.71,0.98,0.51818,0.21053,0.17636,0.54642,363.0,2.0,529.0,191.0,1,places_top,False
train/00000010/00010244.jpg,76216,0.11,0.18,0.2,0.81,0.21273,0.24545,0.26182,0.33273,93.0,87.0,141.0,144.0,1,coco,False
train/00000074/00074914.jpg,33652,0.25,0.03,0.48,0.96,0.38,0.13597,0.51455,0.20389,243.0,30.0,300.0,98.0,1,places_top,False
train/00000093/00093009.jpg,47285,0.23,0.16,0.35,0.63,0.28909,0.19455,0.85091,0.38818,209.0,84.0,236.0,118.0,1,places_top,False
train/00000104/00104557.jpg,6154,0.34,0.19,0.46,0.78,0.53545,0.28727,0.46727,0.77091,242.0,191.0,285.0,244.0,1,places_top,False
train/00000020/00020577.jpg,100732,0.19,0.01,0.14,0.37,0.24,0.070667,0.474,0.64133,104.0,2.0,134.0,40.0,1,pascal,False
train/00000000/00000989.jpg,93279,0.1,0.05,0.6,0.95,0.5675,0.2757,0.69,0.60654,150.0,32.0,268.0,188.0,1,actions,False
train/00000049/00049142.jpg,29930,0.45,0.08,0.56,0.98,0.58436,0.35934,0.54255,0.48512,433.0,155.0,477.0,205.0,1,places_top,False
train/00000008/00008389.jpg,22111,0.46,0.0,0.15,0.71,0.5,0.12393,0.64545,0.41825,294.0,18.0,336.0,64.0,1,coco,True
train/00000089/00089680.jpg,27478,0.11,0.04,0.88,0.99,0.44364,0.44288,0.70364,0.49728,223.0,139.0,376.0,316.0,1,places_top,False
train/00000013/00013220.jpg,19524,0.48,0.09,0.41,0.76,0.70364,0.2301,0.47818,0.64514,437.0,85.0,473.0,124.0,1,coco,False
train/00000044/00044294.jpg,42397,0.1,0.25,0.31,0.77,0.14727,0.32545,0.11273,0.40455,107.0,125.0,170.0,210.0,1,places_top,False
train/00000079/00079941.jpg,97829,0.06,0.23,0.32,1.07,0.24545,0.43455,0.57455,0.18909,150.0,190.0,208.0,257.0,1,places_top,False
train/00000033/00033062.jpg,68058,0.19,0.11,0.88,0.97,0.45636,0.20545,0.57818,0.48364,276.0,43.0,383.0,171.0,1,places_top,False
train/00000036/00036449.jpg,83239,0.26,-0.01,0.67,0.79,0.73091,0.52741,0.55091,0.48903,512.0,63.0,763.0,342.0,1,places_top,False
train/00000023/00023755.jpg,16106,0.0,0.02,0.43,0.98,0.228,0.24667,0.338,0.772,58.0,7.0,154.0,142.0,1,pascal,False
train/00000081/00081388.jpg,50902,0.32,0.05,0.44,0.99,0.41636,0.20545,0.54727,0.25455,280.0,63.0,335.0,136.0,1,places_top,False
train/00000049/00049950.jpg,27138,0.14,0.28,0.3,0.63,0.23273,0.29141,0.38909,0.35447,135.0,138.0,164.0,171.0,1,places_top,False
train/00000057/00057140.jpg,100061,0.29,0.3,0.75,0.57,0.51213,0.37636,0.55093,0.59273,203.0,182.0,302.0,318.0,1,places_top,False
train/00000047/00047408.jpg,40492,0.12,0.12,0.91,1.1,0.62909,0.2418,0.46909,0.2817,396.0,50.0,492.0,180.0,1,places_top,False
train/00000063/00063956.jpg,101653,0.21,0.09,0.39,0.7,0.34909,0.18636,0.58,0.74545,233.0,51.0,283.0,104.0,1,places_top,False
train/00000051/00051594.jpg,11020,0.17,0.31,0.61,0.76,0.28324,0.55455,0.76282,0.13455,16.0,374.0,158.0,496.0,1,places_top,False
train/00000113/00113774.jpg,30990,0.09,0.15,0.39,0.75,0.29,0.26727,0.93909,0.97091,111.0,167.0,166.0,237.0,1,places_top,False
train/00000091/00091780.jpg,20978,0.21,0.19,0.51,0.84,0.42,0.26958,0.26545,0.16287,275.0,109.0,335.0,163.0,1,places_top,False
train/00000005/00005947.jpg,45989,0.48,0.29,0.29,0.7,0.62727,0.45083,0.45636,0.24597,386.0,165.0,452.0,230.0,1,coco,False
train/00000083/00083030.jpg,88312,0.42,0.12,0.56,1.02,0.48182,0.23805,0.65455,0.40541,317.0,103.0,352.0,146.0,1,places_top,False
train/00000052/00052124.jpg,83656,0.28,0.29,0.48,0.97,0.32545,0.45065,0.28727,0.60966,234.0,160.0,315.0,271.0,1,places_top,False
train/00000116/00116967.jpg,79208,0.29,0.11,0.46,0.65,0.40545,0.25261,0.06,0.45634,246.0,75.0,318.0,169.0,1,places_top,False
train/00000071/00071278.jpg,89422,0.24,0.02,0.95,0.96,0.54366,0.20364,0.2332,0.4,240.0,5.0,444.0,238.0,1,places_top,False
train/00000008/00008352.jpg,107129,0.0,0.16,0.99,0.72,0.1968,0.32364,0.72125,0.93636,8.0,98.0,131.0,285.0,1,coco,False
train/00000043/00043792.jpg,44374,0.24,0.22,0.44,0.44,0.386,0.28727,0.49515,0.43636,164.0,156.0,211.0,217.0,1,places_top,False
train/00000013/00013054.jpg,9292,0.81,0.08,0.19,0.91,0.93933,0.30842,0.40253,0.34995,610.0,32.0,640.0,193.0,1,coco,False
train/00000116/00116009.jpg,51747,0.27,0.12,0.59,0.91,0.47455,0.25848,0.26182,0.85131,294.0,74.0,353.0,161.0,1,places_top,False
train/00000105/00105134.jpg,20431,0.16,0.09,0.63,0.76,0.42079,0.22,0.63549,0.18,161.0,64.0,248.0,178.0,1,places_top,False
train/00000105/00105023.jpg,103603,0.39,0.15,0.71,0.83,0.54727,0.36145,0.62727,0.7282,373.0,109.0,454.0,225.0,1,places_top,False
train/00000105/00105765.jpg,32224,0.08,0.22,0.33,0.9,0.20909,0.24533,0.45818,0.40783,117.0,102.0,163.0,151.0,1,places_top,False
train/00000046/00046786.jpg,11214,0.13,0.03,0.56,0.96,0.44182,0.27151,0.47818,0.30687,266.0,0.0,365.0,113.0,1,places_top,False
train/00000059/00059919.jpg,87310,0.39,0.04,0.59,0.98,0.62464,0.20909,0.59972,0.99818,264.0,94.0,356.0,207.0,1,places_top,False
train/00000117/00117757.jpg,111529,-0.01,-0.03,0.23,0.97,0.098182,0.12091,0.28364,0.94455,13.0,0.0,96.0,116.0,1,places_top,False
train/00000036/00036235.jpg,20080,0.29,0.05,0.48,0.48,0.40364,0.12315,0.41636,0.49727,287.0,15.0,336.0,87.0,1,places_top,False
train/00000016/00016169.jpg,64966,0.73,0.15,0.16,0.85,0.77818,0.25758,0.26909,0.42485,480.0,77.0,538.0,154.0,1,coco_val,False
train/00000001/00001017.jpg,53294,0.49,0.02,0.49,0.98,0.75075,0.17544,0.30302,0.63492,262.0,8.0,348.0,120.0,1,actions,False
train/00000007/00007495.jpg,4267,0.18,0.22,0.24,0.7,0.33636,0.26364,0.65636,0.31636,167.0,134.0,216.0,193.0,1,coco,False
train/00000013/00013989.jpg,91441,0.36,0.18,0.22,0.43,0.42545,0.26837,0.41636,0.59119,249.0,126.0,295.0,192.0,1,coco,False
train/00000107/00107866.jpg,82405,0.24,0.0,0.39,0.38,0.33818,0.033636,0.74545,0.18909,242.0,0.0,284.0,44.0,1,places_top,False
train/00000068/00068834.jpg,25729,0.15,0.03,0.85,0.91,0.21563,0.19636,0.0078125,0.91455,75.0,75.0,166.0,174.0,1,places_top,False
train/00000014/00014162.jpg,41505,0.42,0.23,0.29,0.67,0.58983,0.29,0.72208,0.41333,197.0,65.0,219.0,91.0,1,coco,False
train/00000110/00110470.jpg,115384,0.29,0.22,0.43,0.79,0.55636,0.24636,0.71455,0.35273,400.0,108.0,430.0,145.0,1,places_top,False
train/00000102/00102917.jpg,9698,0.31,0.04,0.52,0.64,0.49636,0.11445,0.61455,0.42617,346.0,23.0,390.0,79.0,1,places_top,False
train/00000049/00049569.jpg,111633,-0.01,0.11,0.39,1.0,0.21455,0.25499,0.6,0.48175,129.0,70.0,169.0,121.0,1,places_top,False
train/00000091/00091562.jpg,70739,0.39,0.35,0.5,0.93,0.45455,0.40479,0.32,0.58433,330.0,183.0,362.0,221.0,1,places_top,False
train/00000056/00056596.jpg,55689,0.01,0.3,0.53,1.03,0.24,0.48364,0.52364,0.96091,17.0,118.0,206.0,343.0,1,places_top,False
train/00000015/00015928.jpg,22137,0.0,0.3,0.26,0.48,0.12545,0.37981,0.53636,0.5,47.0,131.0,92.0,190.0,1,coco_val,False
train/00000066/00066946.jpg,31541,0.18,0.14,0.38,0.39,0.37455,0.42182,0.50818,0.43818,129.0,286.0,194.0,347.0,1,places_top,False
train/00000061/00061406.jpg,19407,0.09,0.02,0.31,0.76,0.21273,0.095703,0.65818,0.83152,137.0,23.0,178.0,79.0,1,places_top,False
train/00000063/00063674.jpg,66370,0.44,0.28,0.53,0.74,0.68364,0.45641,0.56545,0.51938,451.0,222.0,478.0,252.0,1,places_top,False
train/00000053/00053713.jpg,56032,0.06,0.27,0.31,0.96,0.10364,0.29141,0.64364,0.28656,55.0,116.0,109.0,171.0,1,places_top,False
train/00000094/00094150.jpg,106034,0.22,0.11,0.47,0.48,0.39636,0.17852,0.39636,0.31182,277.0,49.0,324.0,110.0,1,places_top,False
train/00000025/00025860.jpg,66301,0.35,0.27,0.48,0.68,0.58727,0.30112,0.66,0.43451,381.0,141.0,417.0,184.0,1,places_top,False
train/00000080/00080647.jpg,58629,0.24,0.16,0.69,0.78,0.62,0.33091,0.62545,0.40727,416.0,107.0,483.0,178.0,1,places_top,False
train/00000040/00040640.jpg,118626,0.35,-0.03,0.68,0.69,0.50727,0.14738,0.46727,0.60029,418.0,0.0,522.0,123.0,1,places_top,False
train/00000047/00047414.jpg,124459,0.15,0.07,0.47,0.6,0.52545,0.31182,0.33818,0.11545,395.0,147.0,431.0,188.0,1,places_top,False
train/00000089/00089857.jpg,81053,0.13,0.15,0.99,1.03,0.79576,0.30541,0.4394,0.26338,486.0,72.0,650.0,258.0,1,places_top,False
train/00000104/00104158.jpg,20363,0.29,0.14,0.63,0.97,0.64545,0.25182,0.48909,0.42636,444.0,28.0,558.0,147.0,1,places_top,False
train/00000011/00011240.jpg,114884,0.63,0.26,0.37,0.65,0.89273,0.37766,0.82,0.50816,550.0,115.0,610.0,195.0,1,coco,False
train/00000057/00057094.jpg,105760,0.27,0.21,0.51,0.7,0.50586,0.28711,0.37695,0.48633,254.0,109.0,302.0,170.0,1,places_top,False
train/00000075/00075170.jpg,77375,0.14,0.31,0.41,0.7,0.33091,0.46362,0.29818,0.69888,193.0,155.0,280.0,266.0,1,places_top,False
train/00000108/00108808.jpg,72403,0.45,0.34,0.56,0.72,0.49636,0.386,0.55273,0.43451,324.0,173.0,359.0,214.0,1,places_top,False
train/00000077/00077461.jpg,95711,0.11,0.05,0.5,0.94,0.37455,0.29545,0.48,0.83,186.0,34.0,320.0,197.0,1,places_top,False
train/00000034/00034996.jpg,15072,0.25,0.13,0.88,1.05,0.53818,0.24364,0.89273,0.57636,214.0,95.0,334.0,229.0,1,places_top,False
train/00000021/00021801.jpg,33716,0.04,0.09,0.82,0.91,0.63,0.31867,0.862,0.42267,234.0,45.0,329.0,160.0,1,pascal,False
train/00000081/00081100.jpg,98700,0.19,0.31,0.3,0.9,0.23091,0.41885,0.47091,0.52484,164.0,179.0,197.0,226.0,1,places_top,False
train/00000001/00001170.jpg,69201,0.18,0.1,0.66,0.76,0.56434,0.2,0.50268,0.26,205.0,29.0,264.0,85.0,1,actions,False
train/00000037/00037707.jpg,118406,0.15,0.04,0.42,0.84,0.23636,0.14346,0.076364,0.26473,152.0,26.0,219.0,112.0,1,places_top,False
train/00000064/00064476.jpg,47669,0.31,0.09,0.44,0.69,0.40909,0.18712,0.36909,0.16772,260.0,79.0,295.0,113.0,1,places_top,False
train/00000118/00118047.jpg,24088,0.35,0.32,0.5,0.59,0.45621,0.36182,0.59244,0.44545,206.0,214.0,243.0,265.0,1,places_top,False
train/00000001/00001925.jpg,9903,0.08,0.03,0.39,0.97,0.2984,0.21,0.81337,0.79333,58.0,5.0,113.0,65.0,1,actions,False
train/00000074/00074615.jpg,85192,0.27,0.03,0.66,1.0,0.4,0.12163,0.47273,0.13134,224.0,26.0,281.0,86.0,1,places_top,False
train/00000114/00114422.jpg,73758,0.02,0.11,0.19,0.36,0.11266,0.14727,0.22258,0.28364,40.0,95.0,65.0,122.0,1,places_top,False
train/00000005/00005378.jpg,71569,0.31,0.06,0.68,0.81,0.69455,0.32477,0.32727,0.57119,417.0,24.0,594.0,221.0,1,coco,False
train/00000027/00027970.jpg,31382,0.08,0.08,0.36,0.89,0.22909,0.14104,0.41455,0.35205,132.0,47.0,182.0,107.0,1,places_top,False
train/00000065/00065424.jpg,1934,0.27,0.0,0.79,0.94,0.53,0.16182,0.52727,0.91818,210.0,8.0,367.0,229.0,1,places_top,False
train/00000022/00022707.jpg,72283,0.04,0.12,0.54,0.88,0.34267,0.334,0.66533,0.822,67.0,69.0,172.0,197.0,1,pascal,False
train/00000107/00107291.jpg,67202,0.15,0.17,0.8,0.93,0.50818,0.30545,0.62273,0.92,224.0,174.0,299.0,266.0,1,places_top,False
train/00000077/00077994.jpg,91159,0.39,0.16,0.65,0.88,0.55273,0.22208,0.75818,0.24758,342.0,75.0,406.0,156.0,1,places_top,False
train/00000016/00016427.jpg,39800,0.05,0.43,0.28,0.56,0.18,0.52464,0.64909,0.24537,72.0,181.0,129.0,252.0,1,coco_val,False
train/00000019/00019348.jpg,70882,0.13,0.0,0.18,0.7,0.238,0.033133,0.442,0.36446,110.0,0.0,144.0,16.0,1,coco_val,False
train/00000101/00101664.jpg,52829,0.33,0.21,0.64,0.78,0.51819,0.2988,0.44545,0.38124,229.0,171.0,290.0,249.0,1,places_top,False
train/00000089/00089944.jpg,7529,0.16,0.13,0.74,0.98,0.59434,0.22909,0.70653,0.27818,178.0,104.0,330.0,255.0,1,places_top,False
train/00000090/00090058.jpg,123931,0.39,0.06,0.68,0.92,0.49184,0.22182,0.31775,0.37091,225.0,81.0,331.0,215.0,1,places_top,False
train/00000011/00011397.jpg,94452,0.11,0.0,0.42,0.79,0.41273,0.046667,0.43091,0.84424,234.0,1.0,279.0,31.0,1,coco,True
train/00000079/00079030.jpg,84136,0.15,0.28,0.41,0.91,0.32727,0.3375,0.36909,0.45392,187.0,129.0,250.0,203.0,1,places_top,False
train/00000071/00071662.jpg,13469,0.38,0.3,0.54,0.57,0.45909,0.32909,0.54636,0.46182,219.0,230.0,245.0,256.0,1,places_top,False
train/00000035/00035995.jpg,30195,0.14,0.14,0.73,0.88,0.35545,0.22545,0.61727,0.15455,113.0,145.0,206.0,230.0,1,places_top,False
train/00000010/00010458.jpg,8011,0.52,0.01,0.47,0.66,0.64664,0.1,0.78186,0.64909,357.0,14.0,416.0,100.0,1,coco,False
train/00000083/00083111.jpg,110673,0.0,0.01,0.14,0.62,0.081818,0.043359,0.80182,0.43164,22.0,0.0,85.0,67.0,1,places_top,False
train/00000019/00019328.jpg,84146,0.0,0.43,0.16,0.5,0.11364,0.48545,0.18182,0.41091,30.0,283.0,69.0,329.0,1,coco_val,False
train/00000052/00052206.jpg,83714,0.02,0.15,0.2,0.66,0.11818,0.23563,0.31636,0.21623,42.0,92.0,88.0,142.0,1,places_top,False
train/00000043/00043255.jpg,83898,0.39,0.29,0.86,0.74,0.53638,0.37455,0.43936,0.49818,256.0,191.0,326.0,275.0,1,places_top,False
train/00000095/00095079.jpg,98141,0.0,0.08,0.15,0.85,0.04,0.20545,0.78727,0.11,0.0,52.0,44.0,145.0,1,places_top,False
train/00000018/00018894.jpg,53014,0.34,0.41,0.44,0.59,0.52364,0.51212,0.36545,0.65515,328.0,194.0,392.0,274.0,1,coco_val,False
train/00000098/00098257.jpg,104601,0.26,0.23,0.88,0.74,0.53848,0.33091,0.78036,0.66,217.0,183.0,309.0,309.0,1,places_top,False
train/00000096/00096721.jpg,91321,0.29,0.03,0.5,1.01,0.42,0.15544,0.60545,0.40504,266.0,33.0,328.0,108.0,1,places_top,False
train/00000024/00024298.jpg,66512,0.02,0.01,0.6,0.98,0.36909,0.26545,0.96727,0.53818,120.0,36.0,299.0,220.0,1,places_top,False
train/00000112/00112174.jpg,92691,0.03,0.05,0.29,0.58,0.19818,0.132,0.038182,0.22195,126.0,13.0,203.0,115.0,1,places_top,False
train/00000055/00055998.jpg,22404,0.02,0.06,0.45,1.02,0.33273,0.2399,0.67818,0.47262,161.0,27.0,275.0,167.0,1,places_top,False
train/00000094/00094215.jpg,84323,0.02,0.29,0.6,0.78,0.37091,0.37727,0.61273,0.36636,166.0,105.0,302.0,258.0,1,places_top,False
train/00000051/00051416.jpg,57996,0.19,0.22,0.97,0.76,0.43091,0.4952,0.83636,0.046293,193.0,151.0,342.0,346.0,1,places_top,False
train/00000019/00019121.jpg,43154,0.2,0.08,0.8,0.91,0.68182,0.38606,0.34364,0.47333,405.0,48.0,637.0,348.0,1,coco_val,False
train/00000021/00021126.jpg,49002,0.69,0.5,0.17,0.5,0.712,0.59867,0.326,0.57467,344.0,188.0,414.0,253.0,1,pascal,False
train/00000065/00065629.jpg,22654,0.01,0.05,0.25,0.87,0.18909,0.21091,0.16364,0.80273,81.0,47.0,182.0,182.0,1,places_top,False
train/00000107/00107469.jpg,125171,0.35,0.15,0.53,0.74,0.41273,0.22593,0.22727,0.3666,276.0,80.0,323.0,144.0,1,places_top,False
train/00000065/00065434.jpg,13435,0.46,0.29,0.55,0.96,0.53636,0.35306,0.58969,0.31677,369.0,151.0,411.0,198.0,1,places_top,False
train/00000064/00064676.jpg,36112,0.04,0.22,0.6,0.77,0.62,0.54364,0.61455,0.8,266.0,309.0,370.0,439.0,1,places_top,False
train/00000007/00007260.jpg,6477,0.47,0.02,0.35,0.94,0.6625,0.11333,0.6125,0.92,126.0,2.0,142.0,23.0,1,coco,False
train/00000075/00075184.jpg,101712,0.39,0.1,0.53,1.09,0.48213,0.18,0.5201,0.2,308.0,55.0,375.0,137.0,1,places_top,False
train/00000106/00106256.jpg,100230,0.08,0.09,0.18,0.51,0.13091,0.15909,0.53636,0.45091,93.0,63.0,115.0,92.0,1,places_top,False
train/00000088/00088182.jpg,79821,0.17,0.29,0.42,0.7,0.32727,0.36943,0.68364,0.44016,181.0,131.0,250.0,216.0,1,places_top,False
train/00000097/00097066.jpg,53321,0.19,0.14,0.31,0.92,0.26364,0.24974,0.64727,0.41567,153.0,103.0,212.0,158.0,1,places_top,False
train/00000021/00021534.jpg,15230,0.44,0.13,0.18,0.76,0.538,0.22,0.188,0.452,257.0,51.0,292.0,95.0,1,pascal,False
train/00000000/00000056.jpg,119858,0.59,0.1,0.4,0.9,0.80155,0.20333,0.79047,0.18333,346.0,29.0,426.0,99.0,1,actions,False
train/00000093/00093233.jpg,78488,0.21,0.2,0.4,0.93,0.36364,0.28075,0.57636,0.27101,215.0,108.0,262.0,161.0,1,places_top,False
train/00000030/00030591.jpg,46364,0.02,0.14,0.24,0.54,0.058182,0.32799,0.12364,0.5807,0.0,50.0,51.0,196.0,1,places_top,False
train/00000101/00101295.jpg,33139,0.19,0.21,0.5,0.71,0.32364,0.29625,0.47273,0.53532,215.0,110.0,258.0,172.0,1,places_top,False
train/00000010/00010909.jpg,31306,0.81,0.41,0.18,0.59,0.91091,0.47256,0.53455,0.6235,577.0,177.0,613.0,222.0,1,coco,False
train/00000048/00048993.jpg,42804,0.27,0.18,0.47,0.57,0.60727,0.25746,0.49091,0.2235,403.0,110.0,438.0,152.0,1,places_top,False
train/00000026/00026419.jpg,69591,0.11,0.32,0.49,0.77,0.38255,0.34335,0.50618,0.2588,203.0,123.0,303.0,226.0,1,places_top,False
train/00000052/00052434.jpg,7947,0.14,0.06,0.4,0.89,0.31818,0.19182,0.60545,0.44273,181.0,48.0,261.0,133.0,1,places_top,False
train/00000014/00014194.jpg,54574,0.0,0.07,0.9,0.93,0.508,0.476,0.74267,0.54,1.0,44.0,237.0,330.0,1,coco,False
train/00000021/00021935.jpg,15653,0.18,0.2,0.39,0.79,0.4436,0.3231,0.4336,0.33202,212.0,67.0,259.0,136.0,1,pascal,False
train/00000097/00097238.jpg,47613,0.04,0.29,0.31,0.81,0.17455,0.33277,0.71818,0.25327,103.0,149.0,141.0,188.0,1,places_top,False
train/00000007/00007726.jpg,37132,0.49,0.18,0.47,0.81,0.70727,0.38364,0.79636,0.92182,393.0,86.0,502.0,243.0,1,coco,False
train/00000067/00067621.jpg,120304,0.01,0.03,0.19,0.47,0.14831,0.14545,0.17742,0.29455,45.0,54.0,105.0,144.0,1,places_top,True
train/00000016/00016639.jpg,76480,0.38,0.31,0.28,0.68,0.53636,0.39917,0.79636,0.64716,321.0,136.0,353.0,183.0,1,coco_val,False
train/00000058/00058238.jpg,6894,0.03,0.12,0.17,0.62,0.096364,0.17829,0.71636,0.18339,47.0,67.0,82.0,113.0,1,places_top,False
train/00000035/00035460.jpg,112351,0.28,0.09,0.64,0.96,0.48364,0.24533,0.47636,0.27929,292.0,66.0,396.0,190.0,1,places_top,False
train/00000092/00092708.jpg,114790,0.2,0.18,0.8,0.96,0.46223,0.23573,0.22223,0.36373,223.0,149.0,290.0,222.0,1,places_top,False
train/00000076/00076726.jpg,11754,0.09,0.18,0.45,0.85,0.26958,0.3,0.3763,0.77273,77.0,144.0,153.0,252.0,1,places_top,False
train/00000102/00102501.jpg,12044,0.31,0.19,0.67,0.98,0.55455,0.32818,0.56364,0.99364,404.0,108.0,449.0,171.0,1,places_top,False
train/00000016/00016023.jpg,82642,0.7,0.12,0.3,0.76,0.808,0.29598,0.558,0.61494,382.0,41.0,458.0,136.0,1,coco_val,False
train/00000103/00103424.jpg,48656,0.0,0.0,0.39,0.82,0.18227,0.12909,0.24776,0.058182,49.0,44.0,116.0,117.0,1,places_top,False
train/00000040/00040340.jpg,78832,0.06,0.2,0.86,0.88,0.29219,0.40909,0.21836,0.64909,78.0,184.0,204.0,331.0,1,places_top,False
train/00000106/00106758.jpg,72300,0.01,-0.12,0.3,1.05,0.29273,0.080739,0.2,0.90591,202.0,0.0,263.0,57.0,1,places_top,False
train/00000006/00006447.jpg,50442,0.65,0.13,0.32,0.73,0.83835,0.32439,0.57835,0.8885,502.0,15.0,640.0,228.0,1,coco,False
train/00000095/00095477.jpg,97745,0.2,0.29,0.56,0.62,0.48364,0.37938,0.36909,0.73303,344.0,149.0,393.0,218.0,1,places_top,False
train/00000077/00077360.jpg,58674,0.05,0.05,0.37,0.97,0.26213,0.20772,0.40759,0.26135,112.0,53.0,193.0,146.0,1,places_top,False
train/00000045/00045491.jpg,92904,0.24,0.24,0.54,1.0,0.48364,0.35545,0.79818,0.24364,300.0,129.0,399.0,253.0,1,places_top,False
train/00000113/00113084.jpg,121538,0.12,0.2,0.34,0.93,0.24727,0.26697,0.28182,0.3218,156.0,106.0,201.0,155.0,1,places_top,False
train/00000058/00058444.jpg,111140,0.2,0.06,0.5,0.76,0.32274,0.19233,0.77607,0.29751,206.0,33.0,290.0,148.0,1,places_top,False
train/00000104/00104369.jpg,39080,0.01,0.11,0.25,0.56,0.13091,0.16542,0.40545,0.60609,73.0,60.0,103.0,98.0,1,places_top,False
train/00000072/00072131.jpg,104079,0.0,0.01,0.33,0.58,0.2138,0.27636,0.55578,0.33818,0.0,2.0,167.0,321.0,1,places_top,False
train/00000075/00075302.jpg,65484,0.31,0.27,0.72,0.95,0.57636,0.33022,0.44,0.42724,364.0,125.0,432.0,224.0,1,places_top,False
train/00000080/00080565.jpg,80799,0.23,0.05,1.02,0.77,0.2718,0.26909,0.78253,0.46727,66.0,133.0,194.0,234.0,1,places_top,False
train/00000107/00107895.jpg,47286,0.42,0.05,0.54,0.91,0.60182,0.12568,0.45151,0.33658,437.0,35.0,486.0,95.0,1,places_top,False
train/00000091/00091467.jpg,62389,0.24,0.18,0.42,0.62,0.34961,0.24,0.86914,0.36727,146.0,156.0,200.0,222.0,1,places_top,False
train/00000076/00076264.jpg,6201,0.03,0.08,0.73,0.96,0.58727,0.4837,0.62,0.77981,388.0,109.0,518.0,294.0,1,places_top,False
train/00000016/00016878.jpg,118675,0.24,0.32,0.24,0.68,0.342,0.38955,0.792,0.3597,144.0,108.0,186.0,155.0,1,coco_val,False
train/00000113/00113851.jpg,70907,0.06,0.18,0.74,0.91,0.26909,0.48091,0.26,0.8,133.0,148.0,235.0,256.0,1,places_top,False
train/00000008/00008348.jpg,98335,0.45,0.49,0.21,0.33,0.59091,0.56545,0.52909,0.42,339.0,233.0,389.0,285.0,1,coco,False
train/00000084/00084283.jpg,76294,0.06,0.03,0.65,1.02,0.44545,0.26818,0.76182,0.98,185.0,0.0,379.0,212.0,1,places_top,False
train/00000044/00044754.jpg,20766,0.08,0.24,0.39,0.74,0.23091,0.28182,0.66,0.38273,126.0,125.0,182.0,180.0,1,places_top,False
train/00000042/00042785.jpg,69009,0.28,0.06,0.55,0.64,0.45395,0.18053,0.58485,0.2949,307.0,55.0,348.0,110.0,1,places_top,False
train/00000015/00015637.jpg,37661,0.39,0.49,0.29,0.51,0.50364,0.64271,0.38727,0.83756,304.0,213.0,371.0,298.0,1,coco_val,False
train/00000064/00064975.jpg,90766,0.2,0.24,0.45,0.95,0.34364,0.3375,0.59091,0.56306,184.0,133.0,246.0,208.0,1,places_top,False
train/00000107/00107676.jpg,69790,0.06,0.01,0.15,0.59,0.10182,0.1593,0.085455,0.15144,60.0,66.0,86.0,98.0,1,places_top,False
train/00000000/00000648.jpg,87931,0.06,0.18,0.4,0.7,0.37333,0.305,0.50667,0.785,82.0,73.0,132.0,141.0,1,actions,False
train/00000026/00026069.jpg,104775,0.41,0.24,0.69,1.03,0.50655,0.39706,0.59745,0.15452,320.0,163.0,378.0,229.0,1,places_top,False
train/00000052/00052894.jpg,120820,0.25,0.17,0.43,0.76,0.37091,0.27929,0.50364,0.51213,207.0,111.0,265.0,180.0,1,places_top,False
train/00000040/00040208.jpg,55814,0.01,0.09,0.42,1.01,0.33636,0.32818,0.45818,0.41273,93.0,6.0,286.0,253.0,1,places_top,False
train/00000041/00041206.jpg,31999,0.22,0.15,0.66,0.98,0.4,0.24636,0.69636,0.5,178.0,29.0,334.0,201.0,1,places_top,False
train/00000083/00083834.jpg,113257,0.25,0.08,0.85,0.91,0.59818,0.27121,0.41636,0.8105,414.0,50.0,554.0,237.0,1,places_top,False
train/00000106/00106202.jpg,37997,0.01,0.23,0.31,0.91,0.26,0.29273,0.55818,0.2,127.0,82.0,220.0,202.0,1,places_top,False
train/00000015/00015810.jpg,118752,0.41,0.2,0.56,0.78,0.82182,0.3341,0.36182,0.31752,466.0,106.0,617.0,242.0,1,coco_val,False
train/00000030/00030655.jpg,45946,0.11,0.09,0.34,0.92,0.26545,0.21865,0.46909,0.52911,114.0,51.0,191.0,135.0,1,places_top,False
train/00000044/00044188.jpg,115728,0.16,0.16,0.36,0.91,0.23455,0.29467,0.19455,0.32532,198.0,99.0,275.0,187.0,1,places_top,False
train/00000063/00063530.jpg,95418,0.41,0.15,0.49,0.77,0.58727,0.43982,0.62122,0.46543,432.0,209.0,455.0,235.0,1,places_top,False
train/00000108/00108765.jpg,42900,0.14,0.28,0.29,0.73,0.21818,0.31386,0.20364,0.36398,132.0,141.0,160.0,178.0,1,places_top,False
train/00000090/00090708.jpg,79630,0.29,0.13,0.53,0.47,0.44355,0.20311,0.44131,0.44375,260.0,68.0,298.0,119.0,1,places_top,False
train/00000022/00022896.jpg,20679,0.37,0.17,0.6,0.48,0.79333,0.276,0.996,0.678,297.0,83.0,360.0,159.0,1,pascal,True
train/00000020/00020236.jpg,102067,0.59,0.62,0.41,0.38,0.74242,0.73091,0.82727,0.79091,295.0,425.0,362.0,497.0,1,coco_val,False
train/00000116/00116972.jpg,33732,0.28,0.2,0.73,0.72,0.48903,0.27091,0.47259,0.43818,220.0,136.0,295.0,250.0,1,places_top,False
train/00000019/00019715.jpg,91937,0.07,0.1,0.22,0.59,0.14,0.14573,0.55818,0.20296,62.0,46.0,98.0,80.0,1,coco_val,False
train/00000011/00011600.jpg,44998,0.58,0.13,0.36,0.87,0.80249,0.40182,0.63353,0.56,323.0,150.0,427.0,292.0,1,coco,False
train/00000089/00089138.jpg,50826,0.26,0.1,0.82,0.83,0.51455,0.39685,0.53091,0.73702,271.0,71.0,402.0,250.0,1,places_top,False
train/00000009/00009647.jpg,23663,0.29,0.68,0.21,0.31,0.48233,0.85287,0.68778,0.40681,193.0,324.0,321.0,470.0,1,coco,False
train/00000042/00042804.jpg,120046,0.26,0.2,0.44,0.42,0.52909,0.23078,0.46727,0.45392,341.0,60.0,418.0,155.0,1,places_top,False
train/00000081/00081669.jpg,6801,0.3,0.28,0.68,0.74,0.43152,0.32509,0.52684,0.12509,198.0,164.0,238.0,206.0,1,places_top,False
train/00000066/00066531.jpg,8073,0.03,0.23,0.16,0.66,0.10545,0.42872,0.092727,0.56305,70.0,212.0,102.0,246.0,1,places_top,False
train/00000110/00110660.jpg,65862,0.14,0.04,0.42,0.87,0.34007,0.14648,0.49816,0.36328,137.0,30.0,197.0,98.0,1,places_top,False
train/00000015/00015073.jpg,44415,0.84,0.28,0.15,0.49,0.87818,0.38037,0.74727,0.34231,543.0,123.0,610.0,196.0,1,coco_val,False
train/00000069/00069320.jpg,108280,0.06,0.1,0.14,0.72,0.13818,0.17102,0.21455,0.18747,79.0,63.0,115.0,107.0,1,places_top,False
train/00000015/00015653.jpg,25010,0.39,0.08,0.25,0.62,0.50182,0.17089,0.23636,0.13563,302.0,34.0,367.0,112.0,1,coco_val,False
train/00000066/00066562.jpg,92868,0.27,0.11,0.37,0.55,0.58545,0.46187,0.50364,0.64059,369.0,187.0,425.0,256.0,1,places_top,False
train/00000086/00086887.jpg,16757,0.05,0.03,0.51,0.67,0.40953,0.11636,0.48903,0.30182,153.0,11.0,249.0,132.0,1,places_top,False
train/00000067/00067811.jpg,112673,0.11,0.33,0.3,0.78,0.21636,0.41786,0.39636,0.35215,113.0,155.0,181.0,240.0,1,places_top,False
train/00000047/00047834.jpg,17515,0.35,0.23,0.54,0.71,0.56297,0.30464,0.75661,0.28464,224.0,187.0,306.0,279.0,1,places_top,False
train/00000052/00052523.jpg,33014,0.13,0.24,0.28,0.69,0.21091,0.26958,0.64182,0.54366,123.0,119.0,158.0,161.0,1,places_top,False
train/00000011/00011638.jpg,60449,0.06,0.28,0.2,0.58,0.20364,0.33679,0.62545,0.52543,82.0,152.0,135.0,212.0,1,coco,False
train/00000087/00087432.jpg,82789,0.14,0.07,0.28,0.78,0.20182,0.27201,0.31273,0.58974,73.0,63.0,165.0,174.0,1,places_top,False
train/00000008/00008364.jpg,123080,0.15,0.19,0.77,0.74,0.4903,0.38364,0.34485,0.92545,171.0,121.0,332.0,349.0,1,coco,False
train/00000060/00060276.jpg,31317,0.39,0.13,0.61,0.73,0.48469,0.21273,0.36225,0.11818,225.28,156.884,272.384,220.672,1,places_top,True
train/00000115/00115485.jpg,73468,0.18,0.27,0.42,0.96,0.48364,0.38115,0.70545,0.38843,298.0,168.0,337.0,211.0,1,places_top,False
train/00000036/00036126.jpg,53617,0.26,0.02,0.61,1.02,0.46909,0.17759,0.83636,0.7673,277.0,25.0,401.0,171.0,1,places_top,False
train/00000017/00017624.jpg,117319,0.02,0.2,0.22,0.75,0.12182,0.29136,0.38545,0.31744,43.0,53.0,68.0,81.0,1,coco_val,False
train/00000007/00007352.jpg,4778,0.64,0.32,0.36,0.66,0.75344,0.38364,0.41825,0.36909,314.0,204.0,376.0,271.0,1,coco,False
train/00000022/00022030.jpg,73348,0.53,0.47,0.31,0.4,0.694,0.644,0.41,0.76667,328.0,215.0,363.0,256.0,1,pascal,False
train/00000017/00017522.jpg,64416,0.7,0.38,0.13,0.61,0.76727,0.44909,0.77273,0.43697,464.0,182.0,501.0,229.0,1,coco_val,False
train/00000115/00115863.jpg,61952,0.32,0.33,0.66,0.67,0.45877,0.40182,0.35205,0.92364,205.0,221.0,273.0,297.0,1,places_top,False
train/00000046/00046880.jpg,76524,0.08,0.12,0.96,1.06,0.77455,0.19182,0.36909,0.31455,522.0,45.0,670.0,188.0,1,places_top,False
train/00000048/00048358.jpg,32437,0.23,0.25,0.62,1.01,0.49091,0.43446,0.68,0.62562,331.0,156.0,424.0,252.0,1,places_top,False
train/00000051/00051175.jpg,86699,0.2,0.25,0.32,0.77,0.28909,0.29626,0.71455,0.29141,173.0,137.0,203.0,172.0,1,places_top,False
train/00000020/00020712.jpg,96831,0.0,0.04,0.42,0.96,0.306,0.39333,0.654,0.436,0.0,32.0,177.0,264.0,1,pascal,False
train/00000102/00102542.jpg,120260,0.4,0.27,0.52,0.69,0.48,0.35545,0.64182,0.66091,346.0,159.0,369.0,189.0,1,places_top,False
train/00000086/00086068.jpg,97281,0.02,0.18,0.31,1.03,0.20727,0.23,0.72545,0.30909,113.0,91.0,164.0,143.0,1,places_top,False
train/00000049/00049191.jpg,1186,0.2,0.05,0.46,0.69,0.34727,0.17374,0.37091,0.60569,187.0,27.0,244.0,111.0,1,places_top,False
train/00000036/00036115.jpg,117183,0.01,0.31,0.21,0.78,0.078182,0.36091,0.16,0.44545,21.0,159.0,72.0,213.0,1,places_top,False
train/00000043/00043894.jpg,68603,0.19,0.19,0.58,0.74,0.41268,0.32364,0.57761,0.63818,156.0,139.0,240.0,241.0,1,places_top,False
train/00000058/00058514.jpg,18599,0.04,0.11,0.4,0.98,0.26909,0.34926,0.66,0.69381,63.0,49.0,235.0,257.0,1,places_top,False
train/00000095/00095424.jpg,102823,0.05,0.12,0.24,0.71,0.13091,0.19142,0.97455,0.95878,68.0,70.0,107.0,119.0,1,places_top,False
train/00000050/00050996.jpg,90549,0.25,0.22,0.53,0.93,0.46727,0.39062,0.57273,0.92109,314.0,151.0,380.0,234.0,1,places_top,False
train/00000100/00100328.jpg,70965,0.39,0.27,0.5,0.69,0.45818,0.33022,0.50545,0.66493,293.0,145.0,320.0,180.0,1,places_top,False
train/00000083/00083426.jpg,16234,0.31,0.16,0.45,0.88,0.36364,0.23238,0.62,0.093107,253.0,97.0,275.0,120.0,1,places_top,False
train/00000087/00087995.jpg,72898,0.01,0.24,0.46,1.02,0.32182,0.35545,0.64909,0.60636,126.0,125.0,264.0,253.0,1,places_top,False
train/00000086/00086512.jpg,23432,0.15,0.17,0.39,0.91,0.32364,0.29287,0.53818,0.59231,147.0,103.0,218.0,189.0,1,places_top,False
train/00000084/00084204.jpg,113812,0.27,0.25,0.49,0.98,0.36727,0.33091,0.34,0.68,258.0,111.0,327.0,208.0,1,places_top,False
train/00000059/00059069.jpg,123884,0.32,0.06,0.44,0.5,0.32294,0.12909,0.38358,0.73636,152.0,63.0,188.0,111.0,1,places_top,False
train/00000042/00042799.jpg,116757,0.25,0.0,0.41,0.36,0.36727,0.034553,0.40909,0.28097,255.0,0.0,298.0,33.0,1,places_top,False
train/00000082/00082638.jpg,39200,0.43,0.27,0.56,0.61,0.82909,0.30112,0.78727,0.6431,554.0,138.0,582.0,174.0,1,places_top,False
train/00000095/00095614.jpg,42487,0.21,0.26,0.45,0.65,0.32909,0.29626,0.28727,0.3666,196.0,133.0,230.0,177.0,1,places_top,False
train/00000117/00117538.jpg,34311,0.14,0.24,0.44,1.01,0.37709,0.54502,0.44255,0.57655,147.0,166.0,279.0,355.0,1,places_top,False
train/00000064/00064245.jpg,75515,0.01,0.21,0.39,0.62,0.32818,0.28364,0.50545,0.64364,136.0,174.0,187.0,243.0,1,places_top,False
train/00000024/00024757.jpg,6692,0.16,0.15,0.37,0.89,0.30364,0.25288,0.54,0.50245,164.0,85.0,225.0,156.0,1,places_top,False
train/00000017/00017683.jpg,95766,0.21,0.12,0.29,0.83,0.41091,0.19553,0.59818,0.2739,226.0,51.0,272.0,101.0,1,coco_val,False
train/00000015/00015910.jpg,42723,0.1,0.46,0.47,0.45,0.44667,0.58182,0.31091,0.83455,180.0,296.0,269.0,421.0,1,coco_val,False
train/00000050/00050559.jpg,109375,0.22,0.12,0.52,0.81,0.4062,0.26134,0.69165,0.58588,224.0,53.0,320.0,173.0,1,places_top,False
train/00000101/00101667.jpg,123337,0.0,0.05,0.29,0.98,0.19818,0.14848,0.48182,0.35697,32.0,1.0,153.0,125.0,1,places_top,False
train/00000069/00069678.jpg,95412,0.04,0.15,0.26,0.52,0.13636,0.25746,0.096364,0.50485,69.0,81.0,117.0,145.0,1,places_top,False
train/00000070/00070442.jpg,100614,0.15,0.13,0.29,0.56,0.18364,0.2305,0.087273,0.30938,101.0,82.0,150.0,142.0,1,places_top,False
train/00000016/00016565.jpg,31120,0.04,0.02,0.35,0.77,0.26727,0.15333,0.67636,0.61152,106.0,10.0,202.0,143.0,1,coco_val,False
train/00000091/00091836.jpg,7604,0.22,0.27,0.36,0.65,0.50242,0.34632,0.48304,0.42394,327.0,146.0,361.0,194.0,1,places_top,False
train/00000028/00028935.jpg,60303,0.39,0.21,0.51,0.75,0.63818,0.23273,0.55091,0.21091,484.0,97.0,512.0,131.0,1,places_top,False
train/00000033/00033170.jpg,5474,0.32,0.23,0.57,0.79,0.48091,0.30545,0.61727,0.32545,208.0,194.0,262.0,261.0,1,places_top,False
train/00000048/00048856.jpg,77300,0.04,0.16,0.21,0.85,0.13091,0.31082,0.21818,0.45392,49.0,136.0,89.0,179.0,1,places_top,False
train/00000003/00003230.jpg,66539,0.08,0.21,0.92,0.79,0.44333,0.35337,0.61667,0.54567,103.0,90.0,165.0,187.0,1,actions,False
train/00000013/00013083.jpg,44993,0.79,0.16,0.2,0.83,0.81273,0.25515,0.72,0.45636,510.0,75.0,564.0,143.0,1,coco,False
train/00000009/00009153.jpg,114516,0.0,0.28,0.38,0.7,0.18727,0.39455,0.59939,0.17273,0.0,182.0,102.0,322.0,1,coco,False
train/00000048/00048080.jpg,87490,0.21,0.2,0.54,0.85,0.71091,0.48364,0.61273,0.69364,508.0,198.0,582.0,296.0,1,places_top,True
train/00000071/00071190.jpg,4633,0.15,0.05,0.51,0.95,0.41636,0.16921,0.69455,0.49559,190.0,21.0,274.0,131.0,1,places_top,False
train/00000019/00019792.jpg,115193,0.17,0.24,0.45,0.75,0.41609,0.36063,0.27538,0.79948,170.0,62.0,217.0,118.0,1,coco_val,False
train/00000053/00053124.jpg,112841,0.0,0.13,0.22,0.99,0.13636,0.34495,0.89273,0.36127,2.0,102.0,118.0,241.0,1,places_top,False
train/00000044/00044058.jpg,2044,0.41,0.15,0.59,1.08,0.73728,0.41323,0.74213,0.53936,463.0,139.0,528.0,225.0,1,places_top,False
train/00000099/00099567.jpg,50285,0.26,-0.04,0.69,0.89,0.44,0.22707,0.38364,0.79392,271.0,14.0,382.0,155.0,1,places_top,False
train/00000016/00016533.jpg,30791,0.01,0.09,0.21,0.68,0.083636,0.21636,0.38909,0.61636,0.0,8.0,70.0,155.0,1,coco_val,False
train/00000013/00013421.jpg,82513,0.29,0.13,0.17,0.53,0.43818,0.19455,0.65455,0.41515,234.0,57.0,291.0,122.0,1,coco,False
train/00000010/00010965.jpg,18709,0.56,0.04,0.44,0.77,0.87091,0.1769,0.57091,0.42469,545.0,24.0,639.0,132.0,1,coco,False
train/00000054/00054413.jpg,70193,0.22,0.03,0.81,0.99,0.71489,0.19636,0.55168,0.45818,351.0,83.0,451.0,195.0,1,places_top,False
train/00000016/00016680.jpg,21261,0.39,0.5,0.27,0.35,0.5436,0.54545,0.90877,0.92727,203.0,323.0,239.0,364.0,1,coco_val,False
train/00000061/00061107.jpg,119608,0.09,0.16,0.79,1.0,0.28182,0.45376,0.032727,0.75842,135.0,168.0,295.0,296.0,1,places_top,True
train/00000098/00098858.jpg,17107,0.31,0.14,0.67,0.57,0.50727,0.21489,0.60727,0.64256,329.0,49.0,411.0,165.0,1,places_top,False
train/00000009/00009629.jpg,104549,0.41,0.18,0.32,0.39,0.63866,0.32545,0.60059,0.57273,244.8,189.8,288.2,226.2,1,coco,True
train/00000016/00016750.jpg,88611,0.48,0.44,0.3,0.55,0.52727,0.58175,0.36909,0.43187,323.0,193.0,446.0,314.0,1,coco_val,False
train/00000101/00101769.jpg,52699,0.03,0.17,0.24,0.93,0.15091,0.27031,0.54182,0.44258,65.0,96.0,141.0,181.0,1,places_top,False
train/00000055/00055090.jpg,20497,0.0,0.05,0.17,1.0,0.092727,0.17787,0.29455,0.31116,30.0,45.0,91.0,123.0,1,places_top,False
train/00000054/00054201.jpg,7415,0.14,0.05,0.29,0.48,0.21091,0.12688,0.11273,0.49214,106.0,37.0,137.0,80.0,1,places_top,False
train/00000106/00106232.jpg,27533,0.06,0.08,0.21,0.5,0.13455,0.16044,0.58909,0.53881,71.0,56.0,104.0,93.0,1,places_top,False
train/00000115/00115607.jpg,35958,0.23,0.13,0.35,0.55,0.30364,0.20742,0.50545,0.3168,218.0,85.0,242.0,111.0,1,places_top,False
train/00000079/00079648.jpg,69159,0.31,0.05,0.48,0.85,0.36582,0.14182,0.17553,0.29818,178.0,61.0,221.0,119.0,1,places_top,False
train/00000006/00006692.jpg,66602,0.58,0.34,0.42,0.64,0.79295,0.47657,0.4274,0.27717,490.0,178.0,621.0,308.0,1,coco,False
train/00000045/00045973.jpg,122918,0.01,0.08,0.43,1.07,0.25636,0.18391,0.60545,0.65392,108.0,0.0,270.0,152.0,1,places_top,False
train/00000107/00107311.jpg,64564,0.05,0.11,0.32,0.9,0.11273,0.31727,0.94182,0.62545,37.0,119.0,101.0,189.0,1,places_top,False
train/00000080/00080840.jpg,124050,0.21,0.14,0.47,0.85,0.50364,0.41026,0.35455,0.386,324.0,159.0,399.0,232.0,1,places_top,False
train/00000031/00031121.jpg,44130,0.29,0.26,0.42,1.04,0.36153,0.37769,0.72032,0.28631,248.0,166.0,293.0,221.0,1,places_top,False
train/00000027/00027965.jpg,101471,0.27,0.25,0.56,0.94,0.5194,0.28015,0.50485,0.42923,362.0,83.0,425.0,171.0,1,places_top,False
train/00000046/00046713.jpg,3915,0.15,0.15,0.82,1.05,0.51273,0.21364,0.25455,0.23545,387.0,59.0,479.0,160.0,1,places_top,False
train/00000004/00004106.jpg,87109,0.22,0.19,0.35,0.71,0.45333,0.23333,0.66667,0.27867,108.0,72.0,141.0,109.0,1,actions,False
train/00000004/00004712.jpg,56919,0.49,0.28,0.46,0.65,0.80189,0.52595,0.66569,0.84412,394.0,112.0,505.0,236.0,1,actions,False
train/00000015/00015444.jpg,36609,0.81,0.34,0.12,0.59,0.84545,0.38918,0.18545,0.36268,530.0,165.0,572.0,207.0,1,coco_val,False
train/00000084/00084267.jpg,17143,0.07,0.16,0.22,0.6,0.18,0.22835,0.70182,0.27201,93.0,99.0,126.0,134.0,1,places_top,False
train/00000089/00089573.jpg,53698,0.16,0.08,0.88,1.0,0.61455,0.41523,0.4,0.45156,374.0,52.0,584.0,292.0,1,places_top,False
train/00000117/00117129.jpg,17058,0.25,0.38,0.51,0.71,0.45636,0.43727,0.53091,0.75909,304.0,164.0,368.0,251.0,1,places_top,False
train/00000114/00114673.jpg,99503,0.29,0.2,0.39,0.72,0.53636,0.22182,0.36727,0.33091,394.0,87.0,434.0,140.0,1,places_top,False
train/00000106/00106608.jpg,17856,0.26,0.12,0.34,0.65,0.53273,0.21616,0.32545,0.21909,417.0,68.0,470.0,133.0,1,places_top,False
train/00000071/00071681.jpg,2449,0.23,0.09,0.89,0.66,0.58239,0.20182,0.16788,0.58727,286.0,57.0,369.0,173.0,1,places_top,False
train/00000096/00096201.jpg,5999,0.39,0.32,0.58,0.66,0.45455,0.3763,0.40727,0.55093,287.0,167.0,322.0,206.0,1,places_top,False
train/00000084/00084681.jpg,64063,0.25,0.14,0.71,0.96,0.51273,0.22347,0.59091,0.41512,364.0,73.0,418.0,144.0,1,places_top,False
train/00000089/00089068.jpg,85410,0.27,0.16,0.54,0.66,0.37818,0.22656,0.083636,0.39609,268.0,80.0,333.0,176.0,1,places_top,False
train/00000101/00101206.jpg,87529,0.1,0.15,0.29,0.48,0.2275,0.19273,0.31481,0.48909,85.0,114.0,121.0,157.0,1,places_top,False
train/00000031/00031158.jpg,82149,0.03,0.23,0.2,0.81,0.10969,0.32731,0.28182,0.34547,58.0,130.0,117.0,201.0,1,places_top,False
train/00000057/00057579.jpg,95891,0.39,0.03,0.52,0.92,0.43636,0.18045,0.73818,0.46006,277.0,39.0,352.0,141.0,1,places_top,False
train/00000068/00068773.jpg,64935,0.36,0.17,0.52,0.88,0.51818,0.36182,0.59273,0.90727,316.0,117.0,390.0,206.0,1,places_top,False
train/00000028/00028049.jpg,95496,0.16,0.04,0.65,0.63,0.52727,0.32,0.22364,0.58727,348.0,118.0,460.0,208.0,1,places_top,True
train/00000023/00023359.jpg,114499,0.28,0.18,0.27,0.48,0.396,0.26847,0.636,0.58374,142.0,53.0,221.0,142.0,1,pascal,False
train/00000015/00015678.jpg,125150,0.65,0.67,0.26,0.3,0.78,0.72838,0.41273,0.44291,478.0,291.0,543.0,359.0,1,coco_val,False
train/00000105/00105231.jpg,62228,0.29,0.07,0.49,1.04,0.39818,0.29082,0.44364,0.17401,277.0,133.0,320.0,181.0,1,places_top,False
train/00000083/00083610.jpg,25111,0.23,0.24,0.39,0.94,0.34,0.36736,0.44545,0.32531,269.0,148.0,333.0,225.0,1,places_top,False
train/00000026/00026249.jpg,40680,0.03,0.1,0.31,0.95,0.14909,0.20827,0.85818,0.26056,44.0,60.0,152.0,169.0,1,places_top,False
train/00000092/00092524.jpg,118642,0.2,0.21,0.43,0.72,0.35091,0.26716,0.62364,0.71344,209.0,103.0,251.0,160.0,1,places_top,False
train/00000013/00013805.jpg,9319,0.46,0.32,0.21,0.61,0.578,0.39552,0.26,0.54478,280.0,107.0,313.0,148.0,1,coco,False
train/00000036/00036650.jpg,74479,0.13,0.14,0.88,0.77,0.54727,0.17545,0.74,0.80545,334.0,0.0,477.0,165.0,1,places_top,False
train/00000009/00009800.jpg,116843,0.71,0.81,0.29,0.18,0.83598,0.84727,0.52458,0.22909,326.0,512.0,386.0,572.0,1,coco,True
train/00000030/00030246.jpg,125448,0.3,0.28,0.71,0.65,0.5163,0.44182,0.52173,0.56,219.0,252.0,309.0,351.0,1,places_top,False
train/00000001/00001524.jpg,60477,0.14,0.14,0.43,0.67,0.35464,0.28667,0.56015,0.65333,102.0,42.0,155.0,107.0,1,actions,False
train/00000098/00098396.jpg,65202,-0.03,0.26,0.7,0.87,0.47504,0.41455,0.46006,0.78909,161.0,182.0,285.0,366.0,1,places_top,False
train/00000095/00095953.jpg,121836,0.2,0.2,0.71,0.92,0.34182,0.48083,0.37818,0.76558,238.0,158.0,310.0,247.0,1,places_top,False
train/00000006/00006333.jpg,99582,0.0,0.0,0.54,1.0,0.10727,0.25084,0.44,0.56845,3.0,0.0,201.0,217.0,1,coco,False
train/00000100/00100245.jpg,58771,0.38,0.35,0.57,0.76,0.50182,0.45149,0.48909,0.74739,316.0,193.0,361.0,250.0,1,places_top,False
train/00000109/00109129.jpg,12899,0.33,0.06,0.83,0.94,0.57273,0.44258,0.24909,0.81445,425.0,100.0,631.0,287.0,1,places_top,False
train/00000009/00009710.jpg,38647,0.13,0.25,0.65,0.53,0.24782,0.57849,0.72472,0.42395,51.0,334.0,129.0,400.0,1,coco,False
train/00000054/00054350.jpg,38138,0.17,0.25,0.68,0.72,0.57636,0.29641,0.42545,0.34339,407.0,124.0,450.0,179.0,1,places_top,False
train/00000092/00092167.jpg,80496,0.18,0.3,0.37,0.92,0.35067,0.40705,0.682,0.037373,204.0,172.0,278.0,240.0,1,places_top,False
train/00000070/00070449.jpg,23640,0.08,0.16,0.76,0.81,0.42,0.26851,0.48,0.26043,224.0,83.0,333.0,199.0,1,places_top,False
train/00000051/00051684.jpg,89905,0.01,0.36,0.37,0.8,0.30909,0.42909,0.48,0.48909,185.0,171.0,252.0,253.0,1,places_top,False
train/00000029/00029294.jpg,14585,0.08,0.09,0.38,1.0,0.22727,0.35545,0.43818,0.97455,48.0,55.0,186.0,223.0,1,places_top,False
train/00000002/00002603.jpg,48272,0.51,0.25,0.41,0.75,0.74115,0.38667,0.81195,0.54667,292.0,74.0,346.0,146.0,1,actions,False
train/00000071/00071427.jpg,117079,0.16,0.16,0.36,0.87,0.27091,0.27654,0.62545,0.41956,200.0,106.0,240.0,157.0,1,places_top,False
train/00000016/00016036.jpg,83202,0.21,0.0,0.74,0.78,0.64443,0.18545,0.62808,0.76545,225.0,77.0,288.0,157.0,1,coco_val,False
train/00000000/00000662.jpg,69178,0.47,0.17,0.53,0.76,0.54709,0.40667,0.53139,0.70333,206.0,52.0,287.0,155.0,1,actions,False
train/00000080/00080531.jpg,46848,0.46,0.14,0.54,0.79,0.49091,0.24334,0.34,0.25234,302.0,100.0,342.0,144.0,1,places_top,False
train/00000079/00079963.jpg,70142,0.21,0.28,0.43,0.78,0.35091,0.34648,0.48364,0.48081,235.0,147.0,282.0,211.0,1,places_top,False
train/00000058/00058449.jpg,15571,0.43,0.1,0.56,0.88,0.71273,0.39034,0.56545,0.29713,497.0,192.0,585.0,291.0,1,places_top,False
train/00000113/00113983.jpg,120635,0.1,0.04,0.74,0.95,0.63091,0.44811,0.90182,0.86047,444.0,180.0,501.0,249.0,1,places_top,False
train/00000012/00012255.jpg,92171,0.52,0.0,0.48,0.91,0.73273,0.12182,0.36545,0.39091,465.0,0.0,537.0,70.0,1,coco,False
train/00000118/00118983.jpg,69471,0.56,0.51,0.12,0.4,0.596,0.54187,0.079333,0.55187,150.0,130.0,164.0,145.0,1,sun,False
train/00000071/00071848.jpg,42351,0.38,-0.01,0.8,0.98,0.48727,0.26591,0.16364,0.85455,269.0,23.0,415.0,191.0,1,places_top,False
train/00000078/00078530.jpg,72709,0.08,0.26,0.24,0.65,0.13075,0.32796,0.6604,0.22781,91.0,136.0,127.0,175.0,1,places_top,False
train/00000030/00030158.jpg,61686,0.02,0.1,0.17,0.74,0.11527,0.16068,0.23891,0.27432,63.0,54.0,106.0,104.0,1,places_top,False
train/00000080/00080571.jpg,2409,0.1,0.19,0.93,0.93,0.35455,0.72148,0.35636,0.34414,203.0,335.0,346.0,459.0,1,places_top,False
train/00000055/00055611.jpg,33931,0.29,-0.03,0.68,0.92,0.52,0.096364,0.59273,0.26545,324.0,0.0,441.0,84.0,1,places_top,False
train/00000043/00043984.jpg,36272,0.28,0.07,0.75,1.0,0.49273,0.26716,0.38,0.66008,315.0,64.0,394.0,178.0,1,places_top,False
train/00000053/00053417.jpg,9507,0.45,0.17,0.57,0.97,0.59818,0.42091,0.70364,0.43727,397.0,184.0,468.0,253.0,1,places_top,False
train/00000101/00101734.jpg,123489,0.12,0.31,0.36,0.63,0.23078,0.33818,0.14831,0.33818,106.0,208.0,136.0,245.0,1,places_top,False
train/00000002/00002235.jpg,95426,0.01,0.01,0.67,0.99,0.40974,0.18667,0.50475,0.24333,103.0,0.0,200.0,115.0,1,actions,False
train/00000032/00032391.jpg,21089,0.0,0.11,0.3,0.97,0.19818,0.36903,0.82909,0.26473,3.0,79.0,159.0,243.0,1,places_top,False
train/00000016/00016936.jpg,58159,0.14,0.1,0.15,0.59,0.212,0.14,0.384,0.18533,92.0,39.0,123.0,75.0,1,coco_val,False
train/00000056/00056491.jpg,70521,0.29,0.19,0.48,0.61,0.59217,0.48364,0.3472,0.56909,271.0,290.2,348.0,344.8,1,places_top,True
train/00000084/00084302.jpg,96550,0.27,0.09,0.56,1.11,0.71636,0.16529,0.65455,0.52183,478.0,33.0,559.0,142.0,1,places_top,False
train/00000006/00006066.jpg,77216,0.26,0.28,0.57,0.33,0.74254,0.39636,0.44005,0.60545,268.4,208.8,321.6,280.2,1,coco,True
train/00000113/00113973.jpg,76433,0.17,0.29,0.34,0.8,0.29818,0.35818,0.44909,0.82727,197.0,158.0,235.0,208.0,1,places_top,False
train/00000106/00106076.jpg,15270,0.0,0.17,0.15,0.64,0.10182,0.44422,0.12909,0.58246,1.0,122.0,100.0,272.0,1,places_top,True
train/00000088/00088100.jpg,111919,0.32,0.3,0.57,0.89,0.45091,0.44177,0.23455,0.67146,370.0,166.0,446.0,277.0,1,places_top,False
train/00000047/00047175.jpg,5540,0.02,0.25,0.91,0.89,0.78364,0.33273,0.32818,0.33273,333.0,179.0,454.0,315.0,1,places_top,False
train/00000056/00056879.jpg,100301,0.01,0.13,0.21,0.81,0.1582,0.2076,0.091797,0.19006,62.0,82.0,99.0,130.0,1,places_top,False
train/00000115/00115923.jpg,66228,0.01,0.01,0.36,0.93,0.17014,0.20727,0.48787,0.25636,0.0,28.0,105.0,180.0,1,places_top,False
train/00000112/00112884.jpg,52302,0.04,0.13,0.75,0.63,0.33307,0.14031,0.62548,0.2082,0.0,1.0,189.0,232.0,1,places_top,False
train/00000098/00098566.jpg,122829,0.0,-0.04,0.29,0.98,0.24182,0.1323,0.29091,0.45097,102.0,0.0,227.0,98.0,1,places_top,False
train/00000093/00093990.jpg,22377,0.11,0.06,0.41,0.53,0.27551,0.12305,0.26252,0.32812,130.0,31.0,168.0,80.0,1,places_top,False
train/00000016/00016176.jpg,4857,0.01,0.12,0.4,0.87,0.24,0.31068,0.37636,0.58543,56.0,71.0,165.0,208.0,1,coco_val,False
train/00000039/00039061.jpg,7223,0.29,0.05,0.73,0.97,0.57031,0.15653,0.79333,0.37221,471.0,22.0,538.0,104.0,1,places_top,False
train/00000115/00115539.jpg,31404,0.0,0.25,0.25,0.68,0.11091,0.36205,0.29273,0.66194,25.0,133.0,85.0,216.0,1,places_top,False
train/00000017/00017413.jpg,104496,0.25,0.07,0.62,0.93,0.38182,0.15923,0.20727,0.57745,201.0,48.0,270.0,136.0,1,coco_val,False
train/00000008/00008806.jpg,39334,0.74,0.38,0.2,0.49,0.76182,0.42915,0.22727,0.4782,483.0,164.0,514.0,202.0,1,coco,False
train/00000000/00000626.jpg,27557,0.0,0.03,0.97,0.97,0.4125,0.27459,0.6775,0.86475,108.0,17.0,219.0,187.0,1,actions,False
train/00000008/00008193.jpg,14657,0.08,0.02,0.58,0.4,0.3736,0.14692,0.4216,0.31092,106.0,17.0,170.0,115.0,1,coco,False
train/00000030/00030845.jpg,48014,0.31,0.3,0.51,0.66,0.46847,0.32545,0.55093,0.34,220.0,194.0,256.0,233.0,1,places_top,False
train/00000073/00073838.jpg,68189,0.35,0.1,0.47,0.72,0.36,0.31809,0.50909,0.77165,224.0,132.0,255.0,170.0,1,places_top,False
train/00000116/00116945.jpg,61180,0.11,0.03,0.75,0.93,0.54,0.46182,0.68727,0.73455,341.0,167.0,487.0,305.0,1,places_top,True
train/00000097/00097952.jpg,90070,-0.01,0.26,0.33,0.87,0.27636,0.38449,0.28,0.46048,218.0,172.0,245.0,208.0,1,places_top,False
train/00000052/00052929.jpg,97644,0.1,0.0,0.45,0.97,0.26727,0.31809,0.34727,0.84926,133.0,47.0,242.0,212.0,1,places_top,False
train/00000096/00096197.jpg,583,0.25,0.1,0.8,0.9,0.43818,0.16554,0.63091,0.37389,280.0,61.0,355.0,123.0,1,places_top,False
train/00000049/00049308.jpg,35557,0.25,0.28,0.59,0.78,0.42773,0.4375,0.46094,0.71094,185.0,172.0,239.0,257.0,1,places_top,False
train/00000106/00106012.jpg,40705,0.19,0.17,0.57,0.74,0.57646,0.23636,0.42354,0.78182,272.0,122.0,347.0,226.0,1,places_top,False
train/00000095/00095989.jpg,119399,0.15,0.24,0.4,0.57,0.29091,0.32134,0.34364,0.7886,202.0,138.0,237.0,186.0,1,places_top,False
train/00000004/00004944.jpg,76922,0.24,0.03,0.63,0.96,0.52909,0.3895,0.51091,0.6556,253.0,61.0,462.0,295.0,1,coco,False
train/00000035/00035175.jpg,50952,0.29,0.12,0.71,0.86,0.39091,0.22347,0.42545,0.32751,252.0,63.0,317.0,151.0,1,places_top,False
train/00000063/00063419.jpg,28933,0.07,0.15,0.52,0.97,0.43091,0.4224,0.53273,0.73495,219.0,147.0,281.0,219.0,1,places_top,False
train/00000099/00099872.jpg,6545,0.33,-0.01,0.55,0.82,0.48,0.29492,0.53273,0.64766,320.0,46.0,417.0,177.0,1,places_top,False
train/00000106/00106576.jpg,19874,0.08,0.18,0.94,1.03,0.56273,0.24909,0.34727,0.92364,259.0,123.0,341.0,244.0,1,places_top,False
train/00000009/00009502.jpg,51723,0.03,0.22,0.27,0.36,0.11291,0.28727,0.56845,0.34,17.0,144.0,68.0,209.0,1,coco,False
train/00000081/00081621.jpg,33186,0.26,0.08,0.75,0.86,0.37395,0.62461,0.42,0.43915,250.0,277.0,332.0,366.0,1,places_top,True
train/00000045/00045263.jpg,22594,0.21,0.18,0.53,0.94,0.48545,0.31455,0.99818,0.36091,300.0,111.0,373.0,194.0,1,places_top,False
train/00000059/00059961.jpg,119946,0.08,0.14,0.64,0.97,0.46727,0.39006,0.63273,0.70553,250.0,102.0,347.0,229.0,1,places_top,False
train/00000030/00030247.jpg,107286,0.42,0.19,0.57,0.71,0.48545,0.23,0.43273,0.21909,361.0,84.0,407.0,145.0,1,places_top,False
train/00000089/00089196.jpg,50847,0.19,0.04,0.57,0.78,0.39091,0.2095,0.81636,0.22374,218.0,55.0,323.0,182.0,1,places_top,False
train/00000024/00024305.jpg,100588,0.23,0.07,0.43,0.9,0.44182,0.41,0.23455,0.075,293.0,155.0,429.0,291.0,1,places_top,False
train/00000005/00005688.jpg,68910,0.47,0.11,0.52,0.88,0.66182,0.27486,0.64,0.71566,398.0,60.0,480.0,184.0,1,coco,False
train/00000007/00007660.jpg,41735,0.26,0.11,0.7,0.71,0.3804,0.22727,0.40949,0.79818,95.0,68.0,180.0,169.0,1,coco,False
train/00000066/00066755.jpg,24399,0.07,0.1,0.69,0.97,0.40452,0.27496,0.59094,0.7695,143.0,115.0,274.0,292.0,1,places_top,False
train/00000090/00090714.jpg,77103,0.23,0.2,0.6,0.71,0.4188,0.20512,0.68789,0.1818,330.0,65.0,399.0,144.0,1,places_top,False
train/00000072/00072508.jpg,92954,0.08,-0.04,0.91,1.01,0.61818,0.093636,0.42364,0.42091,398.0,0.0,663.0,178.0,1,places_top,False
train/00000007/00007160.jpg,59971,0.02,0.13,0.77,0.36,0.36447,0.24156,0.75175,0.28994,182.0,76.0,271.0,185.0,1,coco,False
train/00000006/00006635.jpg,125395,0.44,0.04,0.36,0.65,0.51455,0.20424,0.29455,0.39818,311.0,17.0,406.0,142.0,1,coco,False
train/00000079/00079898.jpg,11264,0.27,0.07,0.54,0.99,0.48727,0.25455,0.62727,0.68,330.0,63.0,415.0,174.0,1,places_top,False
train/00000109/00109243.jpg,122580,0.29,0.02,0.45,0.98,0.40364,0.098047,0.30182,0.20767,262.0,21.0,316.0,86.0,1,places_top,False
train/00000045/00045914.jpg,77137,0.28,0.03,0.59,1.01,0.50909,0.15756,0.66727,0.29676,361.0,13.0,440.0,122.0,1,places_top,False
train/00000051/00051942.jpg,59810,0.29,0.07,0.62,0.92,0.47455,0.21091,0.92,0.48091,326.0,52.0,409.0,160.0,1,places_top,False
train/00000066/00066956.jpg,44850,0.12,0.02,0.24,0.48,0.21455,0.063072,0.40909,0.31572,166.0,10.0,200.0,51.0,1,places_top,False
train/00000080/00080726.jpg,48621,0.35,0.33,0.72,0.73,0.54,0.42636,0.65818,0.63091,389.0,167.0,441.0,231.0,1,places_top,False
train/00000062/00062328.jpg,46302,0.38,0.08,0.56,0.73,0.71091,0.24364,0.46849,0.35273,535.0,70.0,603.0,148.0,1,places_top,False
train/00000110/00110703.jpg,109147,-0.02,0.02,0.52,0.96,0.34,0.38242,0.73636,0.48906,199.0,123.0,323.0,267.0,1,places_top,True
train/00000116/00116979.jpg,27277,0.45,0.02,0.58,0.79,0.48182,0.14,0.26,0.27636,364.0,35.0,421.0,99.0,1,places_top,False
train/00000044/00044291.jpg,87781,0.39,0.07,0.67,0.66,0.50727,0.29408,0.50909,0.67883,331.0,50.0,442.0,201.0,1,places_top,False
train/00000071/00071209.jpg,114774,0.07,0.26,0.35,0.52,0.30909,0.36418,0.29636,0.47817,194.0,145.0,231.0,197.0,1,places_top,False
train/00000107/00107326.jpg,72294,0.23,-0.04,0.91,0.88,0.51232,0.16545,0.37431,0.41273,248.0,84.0,350.0,161.0,1,places_top,True
train/00000083/00083233.jpg,47389,0.02,0.15,0.16,0.85,0.14545,0.34244,0.51455,0.53803,84.0,144.0,119.0,185.0,1,places_top,True
train/00000017/00017357.jpg,12927,0.8,0.12,0.2,0.74,0.88364,0.18727,0.51818,0.53394,557.0,60.0,602.0,113.0,1,coco_val,False
train/00000040/00040413.jpg,18281,0.08,0.23,0.51,0.77,0.26364,0.36909,0.69455,0.46455,132.0,131.0,214.0,232.0,1,places_top,False
train/00000014/00014970.jpg,100990,0.04,0.39,0.29,0.6,0.10909,0.44968,0.26545,0.49371,28.0,221.0,79.0,275.0,1,coco_val,False
train/00000110/00110960.jpg,108657,0.02,0.06,0.47,0.82,0.31809,0.41636,0.57761,0.42,85.0,224.0,182.0,330.0,1,places_top,False
train/00000021/00021621.jpg,75804,0.53,0.07,0.33,0.93,0.584,0.18586,0.534,0.45812,276.0,24.0,333.0,92.0,1,pascal,False
train/00000060/00060584.jpg,68848,0.31,0.14,0.58,0.96,0.54727,0.2041,0.56727,0.81773,336.0,72.0,387.0,138.0,1,places_top,False
train/00000023/00023505.jpg,103614,0.53,0.27,0.12,0.37,0.632,0.316,0.828,0.70267,303.0,101.0,323.0,126.0,1,pascal,False
train/00000015/00015703.jpg,98972,0.06,0.13,0.16,0.53,0.1608,0.182,0.73869,0.28,40.0,67.0,71.0,105.0,1,coco_val,False
train/00000071/00071904.jpg,15352,0.08,0.16,0.87,0.96,0.37273,0.31591,0.11091,0.31364,206.0,91.0,310.0,222.0,1,places_top,False
train/00000027/00027335.jpg,58474,0.3,0.27,0.69,0.93,0.38909,0.41273,0.12182,0.32,295.0,146.0,399.0,279.0,1,places_top,False
train/00000050/00050498.jpg,100613,0.0,0.15,0.32,0.82,0.16287,0.33636,0.44422,0.74364,0.0,65.0,122.0,287.0,1,places_top,False
train/00000008/00008901.jpg,12660,0.24,0.4,0.57,0.17,0.30727,0.4657,0.41455,0.41426,154.0,205.0,224.0,272.0,1,coco,True
train/00000021/00021543.jpg,111998,0.19,0.08,0.54,0.92,0.41,0.29217,0.562,0.40361,131.0,25.0,217.0,153.0,1,pascal,False
train/00000031/00031791.jpg,87744,0.44,0.24,0.59,0.57,0.51364,0.29818,0.46727,0.60364,246.0,213.0,283.0,256.0,1,places_top,False
train/00000001/00001944.jpg,67868,0.52,0.26,0.35,0.68,0.62333,0.32486,0.54333,0.55932,180.0,91.0,214.0,131.0,1,actions,False
train/00000111/00111943.jpg,103243,0.17,0.2,0.41,0.66,0.32727,0.28325,0.55273,0.27678,249.0,101.0,308.0,174.0,1,places_top,False
train/00000082/00082187.jpg,119622,0.03,0.17,0.31,0.8,0.19455,0.26231,0.61818,0.18955,83.0,92.0,166.0,188.0,1,places_top,False
train/00000037/00037956.jpg,48963,0.23,0.23,0.43,0.98,0.5,0.41776,0.56364,0.28068,367.0,173.0,418.0,236.0,1,places_top,False
train/00000005/00005870.jpg,85354,0.66,0.18,0.26,0.66,0.72294,0.31455,0.78547,0.21091,275.0,184.0,317.0,226.0,1,coco,False
train/00000036/00036291.jpg,97238,0.09,0.04,0.32,0.98,0.24182,0.16182,0.32,0.30364,145.0,45.0,199.0,121.0,1,places_top,False
train/00000087/00087341.jpg,66235,0.31,0.05,1.02,1.0,0.76172,0.31836,0.76953,0.66016,276.0,0.0,505.0,243.0,1,places_top,False
train/00000083/00083851.jpg,45520,0.05,0.06,0.61,0.98,0.38182,0.29869,0.71636,0.60187,135.0,62.0,280.0,206.0,1,places_top,False
train/00000103/00103204.jpg,112110,0.2,0.23,0.44,0.79,0.30364,0.32372,0.61091,0.55795,151.0,125.0,211.0,195.0,1,places_top,False
train/00000068/00068150.jpg,6731,0.06,0.38,0.46,0.66,0.23,0.47455,0.15091,0.59455,92.0,293.0,176.0,404.0,1,places_top,False
train/00000030/00030802.jpg,49447,0.09,0.14,0.9,0.73,0.59944,0.39273,0.21137,0.16727,273.0,199.0,384.0,311.0,1,places_top,True
train/00000109/00109654.jpg,88812,0.13,0.22,0.24,0.7,0.19273,0.28414,0.078182,0.39086,113.0,121.0,149.0,155.0,1,places_top,False
train/00000022/00022124.jpg,83561,0.19,0.26,0.24,0.35,0.348,0.348,0.648,0.31333,133.0,100.0,180.0,156.0,1,pascal,False
train/00000014/00014567.jpg,54827,0.7,0.39,0.3,0.61,0.91818,0.48361,0.75455,0.64204,577.0,167.0,640.0,233.0,1,coco,False
train/00000048/00048059.jpg,60817,0.05,0.21,0.69,1.02,0.33091,0.38456,0.092727,0.095959,208.0,136.0,333.0,271.0,1,places_top,False
train/00000110/00110061.jpg,25067,0.36,0.06,0.44,0.61,0.41273,0.15319,0.63818,0.25696,284.0,47.0,324.0,91.0,1,places_top,False
train/00000050/00050116.jpg,49921,0.04,0.13,0.46,0.79,0.26909,0.40298,0.63091,0.3569,135.0,176.0,190.0,232.0,1,places_top,False
train/00000035/00035313.jpg,79005,0.15,0.13,0.96,1.05,0.47273,0.34909,0.54909,0.21091,208.0,184.0,357.0,363.0,1,places_top,False
train/00000081/00081268.jpg,120058,0.14,-0.01,0.5,0.75,0.60727,0.65,0.45091,0.46455,441.0,308.0,506.0,369.0,1,places_top,False
train/00000040/00040661.jpg,92394,0.42,0.31,0.58,0.65,0.53273,0.3375,0.48909,0.37145,356.0,148.0,393.0,190.0,1,places_top,False
train/00000013/00013957.jpg,7724,0.55,0.0,0.27,0.97,0.59636,0.053939,0.53636,0.31818,374.0,0.0,424.0,34.0,1,coco,False
train/00000116/00116762.jpg,91566,0.03,0.01,0.77,0.96,0.44,0.49455,0.79818,0.80545,163.0,125.0,364.0,320.0,1,places_top,False
train/00000081/00081501.jpg,75132,0.16,0.03,0.38,0.97,0.26545,0.12436,0.58545,0.32705,157.0,31.0,222.0,99.0,1,places_top,False
train/00000020/00020823.jpg,40675,0.31,0.05,0.47,0.83,0.51319,0.134,0.17546,0.77,193.0,34.0,237.0,88.0,1,pascal,False
train/00000084/00084518.jpg,30726,0.09,0.23,0.29,0.83,0.18909,0.31727,0.83273,0.44,116.0,131.0,157.0,184.0,1,places_top,False
train/00000102/00102989.jpg,68727,0.17,0.13,0.33,0.89,0.25091,0.28455,0.51273,0.50545,154.0,112.0,197.0,159.0,1,places_top,False
train/00000078/00078073.jpg,45717,0.3,0.11,0.78,0.96,0.38182,0.41273,0.32545,0.87909,277.0,55.0,491.0,325.0,1,places_top,False
train/00000069/00069347.jpg,11882,0.37,-0.04,0.48,0.51,0.49455,0.090103,0.52364,0.42724,321.0,18.0,351.0,57.0,1,places_top,False
train/00000061/00061266.jpg,1483,0.03,0.09,0.34,0.95,0.20545,0.25875,0.48182,0.28342,60.0,66.0,166.0,183.0,1,places_top,False
train/00000095/00095031.jpg,48633,0.22,0.26,0.48,0.61,0.32909,0.31108,0.7,0.90483,237.0,140.0,262.0,170.0,1,places_top,False
train/00000013/00013078.jpg,32380,0.14,0.39,0.54,0.61,0.24182,0.48303,0.35455,0.58242,124.0,184.0,178.0,253.0,1,coco,False
train/00000054/00054892.jpg,45207,0.0,0.08,0.3,0.97,0.22727,0.2,0.27636,0.3625,103.0,37.0,189.0,144.0,1,places_top,False
train/00000102/00102052.jpg,39282,0.35,0.02,0.78,0.97,0.45371,0.25206,0.37007,0.99226,297.0,4.0,478.0,194.0,1,places_top,True
train/00000013/00013676.jpg,84727,0.25,0.27,0.24,0.54,0.43818,0.3525,0.42545,0.8114,265.0,114.0,297.0,162.0,1,coco,False
train/00000002/00002471.jpg,5510,0.01,0.17,0.48,0.82,0.25,0.37333,0.345,0.65333,53.0,52.0,136.0,148.0,1,actions,False
train/00000031/00031918.jpg,68520,0.0,0.0,0.5,1.01,0.34,0.2235,0.49273,0.60914,238.0,246.0,260.0,273.0,1,places_top,False
train/00000075/00075563.jpg,108024,0.01,0.18,0.51,1.01,0.30227,0.38182,0.53636,0.43818,1.0,113.0,169.0,337.0,1,places_top,False
train/00000011/00011185.jpg,116143,0.13,0.13,0.74,0.54,0.31453,0.33818,0.32977,0.71455,89.0,87.0,215.0,260.0,1,coco,False
train/00000012/00012358.jpg,21418,0.34,0.26,0.12,0.58,0.38545,0.32014,0.31636,0.35829,237.0,119.0,265.0,157.0,1,coco,False
train/00000018/00018173.jpg,45327,0.43,0.36,0.14,0.48,0.47273,0.42881,0.42909,0.57666,297.0,157.0,329.0,197.0,1,coco_val,False
train/00000074/00074312.jpg,75989,0.03,0.24,0.33,0.84,0.17273,0.33888,0.52,0.74304,95.0,139.0,138.0,190.0,1,places_top,False
train/00000014/00014830.jpg,29285,0.18,0.41,0.78,0.58,0.63081,0.54182,0.67986,0.59818,156.0,270.0,286.0,406.0,1,coco,False
train/00000098/00098937.jpg,50085,0.0,0.36,0.5,0.63,0.23455,0.48051,0.25273,0.85567,106.0,152.0,202.0,276.0,1,places_top,False
train/00000087/00087738.jpg,58800,0.32,0.09,0.57,0.46,0.48182,0.16467,0.71818,0.3076,334.0,53.0,376.0,106.0,1,places_top,False
train/00000107/00107778.jpg,59782,0.01,0.08,0.19,0.35,0.073991,0.11091,0.054876,0.15818,18.0,60.0,51.0,101.0,1,places_top,False
train/00000004/00004141.jpg,33620,0.32,0.1,0.39,0.82,0.542,0.186,0.57,0.184,233.0,56.0,279.0,114.0,1,actions,False
train/00000018/00018894.jpg,4057,0.43,0.07,0.25,0.78,0.53636,0.49758,0.34182,0.66727,328.0,194.0,392.0,274.0,1,coco_val,False
train/00000040/00040956.jpg,115112,0.26,0.27,0.74,0.98,0.59273,0.53153,0.82364,0.72071,235.0,133.0,429.0,355.0,1,places_top,False
train/00000044/00044774.jpg,73464,0.17,0.21,0.56,0.79,0.46909,0.31324,0.056364,0.41996,293.0,128.0,338.0,182.0,1,places_top,False
train/00000085/00085408.jpg,29497,0.0,0.1,0.24,0.49,0.11,0.13818,0.08,0.15455,39.0,84.0,70.0,126.0,1,places_top,False
train/00000007/00007998.jpg,79919,0.12,0.28,0.25,0.5,0.17455,0.32545,0.25818,0.35091,63.0,161.0,123.0,235.0,1,coco,False
train/00000040/00040077.jpg,68970,0.35,0.08,0.75,0.99,0.37273,0.33047,0.42727,0.45352,251.0,109.0,335.0,205.0,1,places_top,False
train/00000013/00013606.jpg,5361,0.32,0.1,0.36,0.49,0.53701,0.27424,0.59014,0.54531,185.0,81.0,293.0,207.0,1,coco,False
train/00000066/00066450.jpg,33442,0.35,0.28,0.51,0.72,0.46182,0.33507,0.63455,0.80803,284.0,148.0,317.0,187.0,1,places_top,True
train/00000011/00011911.jpg,75411,0.45,0.05,0.48,0.95,0.67455,0.38528,0.36909,0.68301,398.0,35.0,556.0,228.0,1,coco,False
train/00000045/00045213.jpg,23060,-0.01,0.12,0.57,0.98,0.33918,0.36,0.86409,0.44727,19.0,118.0,187.0,314.0,1,places_top,False
train/00000069/00069252.jpg,115661,0.37,0.08,0.71,0.84,0.38469,0.22727,0.32703,0.82182,154.0,104.0,234.0,190.0,1,places_top,False
train/00000082/00082675.jpg,100662,0.26,0.06,0.38,0.47,0.34364,0.11345,0.38909,0.11893,238.0,47.0,267.0,81.0,1,places_top,False
train/00000012/00012252.jpg,22907,0.4,0.75,0.35,0.24,0.67273,0.78121,0.37455,0.32788,414.0,373.0,475.0,421.0,1,coco,False
train/00000095/00095970.jpg,4518,0.23,0.23,0.33,0.69,0.30364,0.31032,0.45151,0.42654,206.0,144.0,236.0,183.0,1,places_top,False
train/00000008/00008482.jpg,122524,0.38,0.18,0.21,0.51,0.50909,0.3056,0.4,0.64237,294.0,79.0,345.0,152.0,1,coco,False
train/00000037/00037944.jpg,120894,0.05,0.02,0.69,0.98,0.16364,0.20167,0.61091,0.2429,34.0,37.0,139.0,159.0,1,places_top,False
train/00000053/00053798.jpg,13953,0.16,0.18,0.33,1.03,0.31818,0.37332,0.54,0.6493,133.0,134.0,211.0,235.0,1,places_top,False
train/00000068/00068555.jpg,41916,0.24,0.15,0.64,0.62,0.39091,0.18364,0.51091,0.91273,152.0,52.0,231.0,170.0,1,places_top,False
train/00000089/00089431.jpg,76347,0.0,0.02,0.6,0.96,0.37636,0.11896,0.68,0.64979,212.0,-12.0,344.0,132.0,1,places_top,True
train/00000012/00012714.jpg,98762,0.76,0.21,0.24,0.78,0.8172,0.41559,0.50447,0.46761,503.0,92.0,640.0,240.0,1,coco,False
train/00000072/00072850.jpg,33684,0.09,0.04,0.25,0.66,0.18182,0.1419,0.36909,0.92875,95.0,43.0,135.0,95.0,1,places_top,False
train/00000012/00012694.jpg,69234,0.23,0.41,0.3,0.59,0.34909,0.48303,0.29091,0.70606,198.0,198.0,250.0,266.0,1,coco,False
train/00000073/00073248.jpg,60667,0.07,0.14,0.47,0.68,0.26831,0.25501,0.24142,0.79915,162.0,78.0,237.0,177.0,1,places_top,False
train/00000078/00078769.jpg,62719,0.18,0.04,0.38,0.89,0.3,0.12045,0.39636,0.28176,159.0,22.0,215.0,89.0,1,places_top,False
train/00000016/00016702.jpg,66124,0.2,0.54,0.33,0.45,0.30182,0.68894,0.14909,0.76992,172.0,217.0,245.0,302.0,1,coco_val,False
train/00000044/00044580.jpg,43451,0.21,0.1,0.54,0.96,0.39818,0.29,0.36182,0.31727,288.0,96.0,360.0,182.0,1,places_top,False
train/00000003/00003443.jpg,91607,0.53,0.3,0.3,0.61,0.71333,0.3361,0.71,0.70665,195.0,125.0,225.0,156.0,1,actions,False
train/00000089/00089323.jpg,95321,0.16,0.08,0.89,0.92,0.50182,0.43727,0.54,0.48636,294.0,71.0,512.0,324.0,1,places_top,False
train/00000067/00067700.jpg,118110,0.19,0.17,0.36,0.81,0.25455,0.26545,0.22909,0.80818,173.0,88.0,222.0,155.0,1,places_top,False
train/00000098/00098638.jpg,36494,0.05,0.02,0.55,0.99,0.30909,0.14319,0.66182,0.16498,128.0,8.0,275.0,156.0,1,places_top,False
train/00000053/00053010.jpg,93271,0.19,-0.03,0.41,0.6,0.28364,0.053722,0.14545,0.58974,157.0,0.0,223.0,60.0,1,places_top,False
train/00000100/00100569.jpg,8588,0.25,0.12,0.6,0.78,0.57806,0.23455,0.67496,0.63818,266.0,117.0,323.0,189.0,1,places_top,False
train/00000031/00031690.jpg,40005,0.37,0.11,0.64,0.84,0.44007,0.21094,0.27528,0.22266,219.0,71.0,289.0,145.0,1,places_top,False
train/00000064/00064464.jpg,54800,0.27,0.15,0.67,0.88,0.28888,0.24364,0.14213,0.93636,109.0,121.0,182.0,211.0,1,places_top,False
train/00000084/00084223.jpg,89755,0.02,0.04,0.68,0.84,0.40455,0.22,0.58727,0.48909,69.0,0.0,269.0,244.0,1,places_top,False
train/00000069/00069715.jpg,59264,0.1,0.3,0.3,0.72,0.17273,0.47332,0.59455,0.2041,83.0,210.0,127.0,261.0,1,places_top,False
train/00000109/00109363.jpg,8526,0.31,0.13,0.41,0.77,0.59273,0.16869,0.39455,0.24665,452.0,60.0,492.0,105.0,1,places_top,False
train/00000029/00029648.jpg,104341,0.32,0.04,0.78,0.93,0.62852,0.26364,0.47266,0.59455,249.0,85.0,356.0,254.0,1,places_top,False
train/00000005/00005213.jpg,12434,0.17,0.12,0.63,0.71,0.64909,0.27212,0.50364,0.40303,405.0,71.0,466.0,150.0,1,coco,False
train/00000073/00073260.jpg,17954,0.1,0.03,0.9,0.77,0.62727,0.11436,0.34,0.66008,372.0,1.0,543.0,147.0,1,places_top,False
train/00000118/00118451.jpg,29418,0.35,0.43,0.18,0.52,0.45233,0.48,0.60789,0.51,112.75,86.94,128.15,101.844,1,sun,True
train/00000049/00049383.jpg,119937,0.01,0.3,0.3,0.77,0.13091,0.42636,0.25273,0.63364,55.0,162.0,124.0,253.0,1,places_top,False
train/00000118/00118393.jpg,101770,0.35,0.27,0.28,0.23,0.40788,0.35455,0.36424,0.46182,694.0,694.0,954.0,1058.0,1,sun,False
train/00000117/00117362.jpg,89680,0.17,0.15,0.52,1.13,0.37273,0.27305,0.63273,0.28672,238.0,85.0,313.0,183.0,1,places_top,False
train/00000055/00055384.jpg,112724,0.05,0.07,0.24,0.89,0.16364,0.20515,0.49455,0.62415,96.0,43.0,163.0,131.0,1,places_top,False
train/00000115/00115504.jpg,114280,0.17,0.02,0.59,0.93,0.30078,0.082031,0.2832,0.13477,158.0,11.0,211.0,74.0,1,places_top,False
train/00000013/00013292.jpg,46235,0.64,0.42,0.24,0.57,0.80302,0.55382,0.76169,0.64196,481.0,214.0,526.0,276.0,1,coco,False
train/00000045/00045163.jpg,69622,0.38,0.28,0.6,0.67,0.54727,0.32818,0.56909,0.30364,392.0,129.0,428.0,168.0,1,places_top,False
train/00000069/00069946.jpg,56255,0.24,0.19,0.67,0.96,0.51455,0.41567,0.50727,0.78562,320.0,88.0,455.0,268.0,1,places_top,False
train/00000048/00048437.jpg,114292,0.08,0.08,0.18,0.6,0.11273,0.21563,0.076364,0.20469,80.0,94.0,107.0,124.0,1,places_top,False
train/00000007/00007897.jpg,103595,0.0,0.45,0.25,0.53,0.17455,0.67977,0.62364,0.79152,1.0,218.0,130.0,371.0,1,coco,False
train/00000015/00015288.jpg,17644,0.02,0.02,0.8,0.7,0.56788,0.13636,0.24303,0.56909,225.0,0.0,365.0,162.0,1,coco_val,False
train/00000037/00037402.jpg,11965,0.4,0.04,0.66,0.66,0.47818,0.25182,0.39091,0.59273,335.0,41.0,435.0,169.0,1,places_top,False
train/00000048/00048595.jpg,78331,-0.01,0.39,0.37,0.78,0.16727,0.47219,0.016364,0.44161,111.0,189.0,192.0,277.0,1,places_top,False
train/00000030/00030708.jpg,37817,0.0,0.13,0.18,0.63,0.085455,0.21563,0.26,0.9375,31.0,57.0,94.0,133.0,1,places_top,False
train/00000034/00034703.jpg,78253,0.16,0.04,0.69,0.93,0.40329,0.14727,0.5512,0.25818,150.0,67.0,230.0,172.0,1,places_top,False
train/00000049/00049434.jpg,36410,0.38,0.25,0.62,0.73,0.50909,0.35482,0.57091,0.80487,328.0,122.0,392.0,212.0,1,places_top,False
train/00000000/00000062.jpg,87367,0.52,0.18,0.48,0.82,0.71818,0.40182,0.31455,0.47818,470.0,89.0,676.0,298.0,1,actions,False
train/00000028/00028588.jpg,7373,0.01,0.02,0.43,0.9,0.35455,0.35451,0.88727,0.50275,37.0,18.0,298.0,318.0,1,places_top,False
train/00000108/00108313.jpg,25436,0.03,0.26,0.3,0.74,0.20545,0.32779,0.16727,0.45634,123.0,136.0,166.0,190.0,1,places_top,False
train/00000054/00054252.jpg,6021,0.24,-0.02,0.9,0.98,0.71818,0.24048,0.22909,0.64553,396.0,0.0,668.0,200.0,1,places_top,False
train/00000095/00095587.jpg,113477,0.37,0.24,0.51,0.62,0.58364,0.39909,0.50182,0.66909,434.0,176.0,473.0,224.0,1,places_top,False
train/00000048/00048062.jpg,108869,0.1,0.22,0.91,0.98,0.43818,0.32114,0.63455,0.40218,255.0,110.0,366.0,232.0,1,places_top,False
train/00000055/00055828.jpg,85023,0.42,0.05,0.68,0.98,0.71455,0.25455,0.96,0.2,387.0,18.0,498.0,167.0,1,places_top,False
train/00000046/00046646.jpg,47117,0.09,0.2,0.73,0.93,0.35818,0.39623,0.46727,0.68023,240.0,154.0,321.0,246.0,1,places_top,False
train/00000022/00022973.jpg,17686,0.01,0.25,0.66,0.66,0.34084,0.406,0.52703,0.462,16.0,128.0,137.0,254.0,1,pascal,False
train/00000092/00092793.jpg,111911,0.1,0.1,0.75,1.0,0.51818,0.41501,0.89636,0.45339,249.0,26.0,485.0,321.0,1,places_top,False
train/00000075/00075384.jpg,121195,0.38,0.03,0.62,0.71,0.50909,0.16397,0.38727,0.55067,353.0,29.0,423.0,131.0,1,places_top,False
train/00000067/00067391.jpg,59298,0.03,0.12,0.23,0.56,0.14727,0.2078,0.92909,0.54369,87.0,72.0,136.0,132.0,1,places_top,False
train/00000048/00048634.jpg,20124,0.03,0.06,0.51,0.96,0.39364,0.17636,0.57364,0.22364,105.0,73.0,219.0,196.0,1,places_top,False
train/00000064/00064627.jpg,81709,0.23,0.2,0.44,0.91,0.35091,0.27929,0.80364,0.26473,217.0,117.0,260.0,162.0,1,places_top,False
train/00000058/00058143.jpg,82075,0.17,0.08,0.59,1.0,0.66364,0.34961,0.43818,0.29766,449.0,88.0,584.0,261.0,1,places_top,False
train/00000019/00019211.jpg,51534,0.38,0.15,0.19,0.39,0.48909,0.21931,0.48727,0.50273,278.0,61.0,327.0,121.0,1,coco_val,False
train/00000069/00069649.jpg,79704,0.43,0.13,0.57,0.83,0.68364,0.19455,0.45636,0.89,488.0,47.0,548.0,130.0,1,places_top,False
train/00000070/00070559.jpg,118155,0.0,0.06,0.34,0.95,0.25455,0.25261,0.30364,0.614,93.0,47.0,195.0,167.0,1,places_top,False
train/00000102/00102106.jpg,2001,0.2,0.2,0.51,0.55,0.35455,0.25455,0.46182,0.71818,249.0,101.0,289.0,154.0,1,places_top,False
train/00000043/00043759.jpg,12147,0.25,0.04,0.6,0.52,0.47091,0.18031,0.36727,0.40977,263.0,12.0,382.0,166.0,1,places_top,False
train/00000104/00104214.jpg,110155,0.05,0.03,0.87,0.94,0.3375,0.44364,0.065849,0.82182,74.0,20.0,335.0,337.0,1,places_top,False
train/00000071/00071692.jpg,598,0.05,0.1,0.75,1.01,0.60909,0.29626,0.62,0.56064,387.0,58.0,486.0,190.0,1,places_top,False
train/00000080/00080560.jpg,110327,0.02,0.02,0.16,0.56,0.076364,0.11424,0.37818,0.40763,35.0,27.0,72.0,80.0,1,places_top,False
train/00000091/00091756.jpg,99457,0.29,0.08,0.49,0.56,0.41023,0.17273,0.85362,0.50364,181.0,95.0,228.0,160.0,1,places_top,False
train/00000113/00113494.jpg,24300,0.05,0.0,0.49,1.01,0.28,0.066364,0.81091,0.86,128.0,0.0,224.0,85.0,1,places_top,False
train/00000065/00065128.jpg,39581,0.19,-0.01,0.82,1.0,0.50242,0.27931,0.42969,0.65583,312.0,2.0,473.0,234.0,1,places_top,False
train/00000094/00094334.jpg,4666,0.41,0.3,0.56,0.7,0.49455,0.35545,0.57636,0.46455,353.0,153.0,385.0,194.0,1,places_top,False
train/00000013/00013293.jpg,18896,0.0,0.0,0.22,0.91,0.11455,0.17565,0.68727,0.74075,4.0,0.0,105.0,109.0,1,coco,False
train/00000027/00027415.jpg,88662,0.19,0.25,0.57,0.77,0.28182,0.28909,0.63091,0.29273,98.0,183.0,157.0,254.0,1,places_top,False
train/00000000/00000605.jpg,54893,0.18,0.21,0.32,0.7,0.39091,0.30872,0.5,0.72033,264.0,135.0,329.0,218.0,1,actions,False
train/00000075/00075741.jpg,93220,0.42,0.19,0.51,0.88,0.48545,0.34563,0.87455,0.19422,364.0,141.0,419.0,205.0,1,places_top,False
train/00000068/00068155.jpg,4812,0.15,0.1,0.7,0.63,0.38966,0.15707,0.014527,0.49404,171.0,23.0,276.0,170.0,1,places_top,False
train/00000043/00043436.jpg,2712,0.19,0.12,0.79,0.88,0.43107,0.39706,0.26744,0.74875,258.0,75.0,387.0,244.0,1,places_top,False
train/00000074/00074139.jpg,89517,0.03,0.13,0.24,0.67,0.16364,0.24533,0.18545,0.63582,86.0,90.0,123.0,141.0,1,places_top,False
train/00000018/00018665.jpg,91313,0.27,0.03,0.26,0.43,0.368,0.092,0.494,0.90533,172.0,14.0,197.0,43.0,1,coco_val,False
train/00000003/00003344.jpg,73145,0.32,0.32,0.22,0.25,0.49273,0.43725,0.56,0.53895,267.0,183.0,302.0,225.0,1,actions,False
train/00000067/00067624.jpg,58553,0.16,0.33,0.36,0.68,0.32,0.46823,0.36182,0.53858,183.0,219.0,204.0,241.0,1,places_top,False
train/00000050/00050225.jpg,105050,0.04,0.1,0.34,0.61,0.16727,0.16727,0.40455,0.092727,26.0,87.0,106.0,164.0,1,places_top,False
train/00000098/00098621.jpg,37329,0.18,0.19,0.5,0.8,0.27273,0.34868,0.16364,0.81393,158.0,104.0,231.0,202.0,1,places_top,False
train/00000029/00029298.jpg,24922,0.12,0.17,0.48,0.76,0.3935,0.29091,0.58739,0.48909,151.0,136.0,228.0,245.0,1,places_top,False
train/00000012/00012865.jpg,75679,0.12,0.0,0.2,0.38,0.3,0.091023,0.70364,0.11293,159.4,8.6,219.6,95.4,1,coco,True
train/00000049/00049251.jpg,16132,0.28,0.12,0.69,1.01,0.53545,0.25091,0.42364,0.39636,240.0,135.0,321.0,245.0,1,places_top,False
train/00000021/00021907.jpg,65536,0.0,0.08,0.37,0.92,0.328,0.39333,0.918,0.59067,45.0,31.0,150.0,152.0,1,pascal,False
train/00000091/00091556.jpg,95936,0.35,0.33,0.64,0.81,0.49455,0.39455,0.48636,0.42909,220.0,259.0,273.0,328.0,1,places_top,False
train/00000070/00070930.jpg,124012,0.01,0.13,0.35,0.88,0.17091,0.35,0.31636,0.81909,70.0,71.0,206.0,246.0,1,places_top,False
train/00000109/00109100.jpg,34688,0.02,0.1,0.21,0.44,0.18982,0.12525,0.52495,0.30707,67.584,61.746,99.328,97.89,1,places_top,True
train/00000087/00087115.jpg,112827,0.08,0.18,0.57,0.65,0.47545,0.27636,0.54909,0.66182,183.0,134.0,274.0,248.0,1,places_top,False
train/00000047/00047826.jpg,102034,0.09,0.12,0.77,1.05,0.69818,0.24603,0.50364,0.20507,523.0,81.0,603.0,163.0,1,places_top,False
train/00000023/00023067.jpg,84402,0.24,0.24,0.27,0.35,0.342,0.28933,0.148,0.54267,164.0,91.0,189.0,116.0,1,pascal,False
train/00000041/00041890.jpg,18968,0.21,0.11,0.71,1.02,0.50909,0.34235,0.66909,0.59217,230.0,69.0,373.0,247.0,1,places_top,False
train/00000054/00054560.jpg,34534,0.28,0.09,0.62,0.94,0.51455,0.18284,0.74969,0.4344,340.0,46.0,408.0,130.0,1,places_top,False
train/00000030/00030199.jpg,102745,0.36,0.16,0.59,0.42,0.40727,0.22593,0.52364,0.34235,247.0,78.0,303.0,131.0,1,places_top,False
train/00000029/00029243.jpg,66389,0.15,0.05,0.81,0.99,0.73636,0.25222,0.55636,0.59398,554.0,45.0,704.0,218.0,1,places_top,False
train/00000003/00003808.jpg,100931,0.27,0.03,0.73,0.97,0.60333,0.2694,0.31333,0.59091,158.0,13.0,299.0,174.0,1,actions,False
train/00000064/00064254.jpg,98485,0.24,0.07,0.34,0.55,0.31636,0.12528,0.63273,0.49419,226.0,39.0,259.0,80.0,1,places_top,False
train/00000048/00048236.jpg,64614,0.11,0.09,0.83,0.96,0.41455,0.30042,0.57455,0.30271,263.0,102.0,344.0,189.0,1,places_top,False
train/00000039/00039758.jpg,72738,0.14,0.23,0.22,0.95,0.26,0.36151,0.20182,0.36428,191.0,168.0,231.0,208.0,1,places_top,False
train/00000017/00017827.jpg,65418,0.75,0.0,0.25,0.66,0.81636,0.015152,0.38545,0.65273,511.0,1.0,578.0,40.0,1,coco_val,False
train/00000007/00007552.jpg,52727,0.23,0.06,0.29,0.93,0.38727,0.18485,0.61273,0.64545,208.0,41.0,274.0,127.0,1,coco,False
train/00000060/00060368.jpg,74581,0.05,0.07,0.18,0.68,0.14545,0.1299,0.31273,0.26149,81.0,43.0,114.0,84.0,1,places_top,False
train/00000061/00061722.jpg,33474,0.3,0.31,0.48,0.61,0.41786,0.36545,0.53559,0.72727,201.0,259.0,230.0,297.0,1,places_top,False
train/00000048/00048702.jpg,43863,0.16,0.04,0.37,0.96,0.32182,0.18091,0.35636,0.47,193.0,41.0,256.0,111.0,1,places_top,False
train/00000080/00080635.jpg,40677,0.13,0.04,0.55,0.75,0.62315,0.31273,0.66662,0.32727,261.0,166.0,326.0,237.0,1,places_top,False
train/00000084/00084676.jpg,65962,0.19,0.07,0.68,0.95,0.48182,0.19846,0.54364,0.49107,266.0,40.0,343.0,138.0,1,places_top,False
train/00000050/00050228.jpg,5298,0.39,0.15,0.51,0.84,0.51455,0.28171,0.77818,0.48787,314.0,113.0,353.0,162.0,1,places_top,False
train/00000044/00044264.jpg,4948,0.36,0.19,0.49,0.7,0.45455,0.28899,0.53455,0.39571,276.0,115.0,320.0,165.0,1,places_top,False
train/00000059/00059354.jpg,89316,0.1,0.05,0.74,0.82,0.5506,0.12727,0.70241,0.23091,227.0,39.0,307.0,133.0,1,places_top,False
train/00000105/00105913.jpg,50287,0.09,0.1,0.21,0.78,0.15636,0.16787,0.69455,0.33701,113.0,67.0,147.0,107.0,1,places_top,False
train/00000030/00030921.jpg,3806,0.24,0.15,0.7,0.54,0.46182,0.28545,0.33364,0.51818,191.0,121.0,284.0,243.0,1,places_top,False
train/00000037/00037654.jpg,48030,-0.01,0.11,0.3,0.68,0.18909,0.14589,0.098182,0.16785,138.0,56.0,170.0,95.0,1,places_top,False
train/00000097/00097572.jpg,26285,0.37,0.14,0.55,0.83,0.55273,0.5097,0.34364,0.47089,364.0,215.0,433.0,291.0,1,places_top,False
train/00000098/00098724.jpg,110886,0.19,-0.01,0.8,0.91,0.48545,0.14727,0.47332,0.83273,158.0,2.0,321.0,181.0,1,places_top,False
train/00000031/00031226.jpg,13181,0.06,0.12,0.79,0.98,0.44364,0.25343,0.094545,0.22905,326.0,90.0,383.0,159.0,1,places_top,False
train/00000095/00095475.jpg,113732,0.16,0.27,0.69,0.78,0.3,0.34727,0.62364,0.34727,199.0,146.0,250.0,211.0,1,places_top,False
train/00000052/00052320.jpg,60422,0.04,0.03,0.33,0.94,0.32,0.0707,0.49818,0.32294,143.0,0.0,228.0,73.0,1,places_top,False
train/00000069/00069885.jpg,68362,0.09,0.13,0.6,1.0,0.15273,0.2135,0.42909,0.34738,51.0,50.0,145.0,163.0,1,places_top,False
train/00000059/00059265.jpg,98024,0.27,0.14,0.81,0.96,0.44646,0.52727,0.44391,0.063636,174.2,326.4,319.8,470.6,1,places_top,True
train/00000061/00061309.jpg,26144,0.17,0.05,0.32,0.93,0.27818,0.14818,0.59091,0.15364,174.0,40.0,229.0,104.0,1,places_top,False
train/00000047/00047650.jpg,67209,0.28,0.18,0.75,0.78,0.28545,0.39097,0.24545,0.74389,202.0,151.0,278.0,221.0,1,places_top,False
train/00000016/00016934.jpg,20586,0.06,0.0,0.93,0.74,0.55333,0.25636,0.34,0.67273,239.0,2.0,444.0,256.0,1,coco_val,False
train/00000065/00065497.jpg,9288,0.21,0.09,0.47,0.97,0.46545,0.30839,0.16727,0.47089,291.0,89.0,371.0,190.0,1,places_top,False
train/00000093/00093881.jpg,100161,0.19,0.16,0.37,0.89,0.27636,0.26925,0.38364,0.43034,120.0,102.0,195.0,191.0,1,places_top,False
train/00000036/00036563.jpg,52331,0.16,0.4,0.57,0.64,0.70545,0.45893,0.66545,0.57392,534.0,213.0,576.0,262.0,1,places_top,False
train/00000039/00039143.jpg,62732,0.27,0.24,0.57,0.78,0.58182,0.35592,0.76,0.47713,352.0,143.0,403.0,215.0,1,places_top,False
train/00000047/00047343.jpg,32112,0.11,0.27,0.25,0.69,0.16364,0.31455,0.40545,0.30909,97.0,136.0,137.0,186.0,1,places_top,False
train/00000080/00080867.jpg,108104,0.11,0.32,0.21,0.71,0.26364,0.70859,0.59818,0.60914,103.0,296.0,217.0,432.0,1,places_top,False
train/00000108/00108836.jpg,102736,0.14,0.08,0.32,0.94,0.26182,0.22108,0.28909,0.36418,127.0,59.0,192.0,139.0,1,places_top,False
train/00000008/00008603.jpg,69875,0.56,0.28,0.42,0.52,0.761,0.31273,0.2825,0.089091,315.0,181.0,355.0,225.0,1,coco,False
train/00000081/00081889.jpg,94383,0.1,0.12,0.46,1.02,0.29636,0.23187,0.75818,0.88672,134.0,49.0,229.0,172.0,1,places_top,False
train/00000049/00049793.jpg,34786,0.33,0.17,0.51,0.5,0.35636,0.275,0.30909,0.39773,223.0,113.0,253.0,154.0,1,places_top,False
train/00000051/00051362.jpg,41996,0.07,0.03,0.32,0.96,0.16364,0.10223,0.30727,0.21623,87.0,27.0,144.0,97.0,1,places_top,False
train/00000014/00014021.jpg,56524,0.26,0.09,0.3,0.89,0.37273,0.18986,0.40909,0.30896,207.0,49.0,255.0,114.0,1,coco,False
train/00000092/00092483.jpg,109424,0.46,0.22,0.55,0.72,0.53411,0.30909,0.67296,0.35636,248.0,178.0,285.0,230.0,1,places_top,False
train/00000055/00055694.jpg,120951,-0.01,0.0,0.3,0.98,0.19091,0.23,0.24545,0.37455,7.0,0.0,164.0,158.0,1,places_top,False
train/00000014/00014250.jpg,110060,0.73,0.1,0.2,0.86,0.82727,0.15576,0.090909,0.10242,517.0,47.0,578.0,111.0,1,coco,False
train/00000072/00072416.jpg,114878,0.01,0.13,0.67,1.03,0.40545,0.33637,0.31818,0.96871,275.0,112.0,393.0,269.0,1,places_top,False
train/00000068/00068008.jpg,51793,0.09,0.05,0.86,0.93,0.41026,0.3,0.33022,0.7,130.0,39.0,291.0,264.0,1,places_top,False
train/00000097/00097524.jpg,86694,0.1,0.07,0.39,0.97,0.29615,0.16211,0.65,0.43359,113.0,35.0,168.0,102.0,1,places_top,False
train/00000099/00099083.jpg,20022,0.08,0.13,0.86,0.88,0.4178,0.29455,0.35615,0.69636,173.0,72.0,303.0,256.0,1,places_top,False
train/00000055/00055412.jpg,122336,0.13,0.16,0.25,0.55,0.22364,0.19545,0.51273,0.30738,133.0,89.0,162.0,121.0,1,places_top,False
train/00000007/00007537.jpg,56577,0.07,0.16,0.26,0.84,0.22443,0.30251,0.64405,0.75705,75.0,54.0,127.0,126.0,1,coco,False
train/00000103/00103094.jpg,16037,0.38,0.04,0.68,0.78,0.50545,0.15592,0.087273,0.89051,380.0,38.0,427.0,102.0,1,places_top,False
train/00000101/00101571.jpg,44137,-0.03,0.23,0.56,0.79,0.27091,0.38847,0.59636,0.41567,54.0,95.0,224.0,308.0,1,places_top,False
train/00000000/00000290.jpg,68425,0.04,0.19,0.29,0.6,0.2425,0.27667,0.625,0.85333,78.0,59.0,104.0,92.0,1,actions,False
train/00000041/00041925.jpg,104692,-0.01,0.04,0.36,1.04,0.21273,0.33022,0.58909,0.75952,25.0,47.0,178.0,234.0,1,places_top,False
train/00000098/00098485.jpg,111189,0.08,0.03,0.98,0.67,0.47273,0.19273,0.81636,0.6,133.0,41.0,275.0,205.0,1,places_top,False
train/00000012/00012269.jpg,5199,0.68,0.31,0.25,0.49,0.83634,0.368,0.62913,0.374,266.0,156.0,298.0,194.0,1,coco,False
train/00000054/00054761.jpg,92973,0.35,0.08,0.8,0.99,0.54464,0.19546,0.31773,0.28781,406.0,0.0,540.0,162.0,1,places_top,False
train/00000041/00041787.jpg,9930,0.05,0.2,0.71,0.99,0.34009,0.32182,0.50813,0.40545,68.0,135.0,199.0,298.0,1,places_top,False
train/00000088/00088339.jpg,14122,0.0,0.11,0.24,1.04,0.18,0.19455,0.30364,0.2,53.0,63.0,150.0,152.0,1,places_top,False
train/00000114/00114916.jpg,8914,0.36,0.02,0.69,0.94,0.51818,0.12462,0.76909,0.87538,359.0,4.0,442.0,117.0,1,places_top,False
train/00000090/00090965.jpg,123607,0.14,0.18,0.46,1.0,0.33256,0.36909,0.44283,0.52,106.0,145.0,185.0,238.0,1,places_top,False
train/00000114/00114450.jpg,19841,0.14,0.1,0.28,0.49,0.27091,0.13636,0.87364,0.69091,104.0,79.0,147.0,134.0,1,places_top,False
train/00000069/00069636.jpg,56478,0.33,0.01,0.94,1.0,0.64182,0.22182,0.43455,0.56818,475.0,28.0,588.0,163.0,1,places_top,False
train/00000025/00025518.jpg,28020,0.11,0.12,0.92,0.99,0.19818,0.40056,0.68182,0.30597,44.0,130.0,178.0,283.0,1,places_top,False
train/00000068/00068911.jpg,69623,0.09,0.18,0.28,0.67,0.18909,0.19972,0.64545,0.27727,84.0,79.0,117.0,124.0,1,places_top,False
train/00000097/00097539.jpg,111219,0.23,0.03,0.83,0.82,0.68545,0.15091,0.29636,0.80818,467.0,0.0,639.0,171.0,1,places_top,False
train/00000073/00073025.jpg,53218,0.12,0.19,0.63,0.89,0.49455,0.39253,0.66,0.73699,324.0,107.0,415.0,221.0,1,places_top,False
train/00000092/00092118.jpg,110575,0.12,0.11,0.3,0.96,0.20909,0.18909,0.34909,0.90364,125.0,69.0,171.0,127.0,1,places_top,False
train/00000003/00003423.jpg,71626,0.21,0.33,0.33,0.47,0.4375,0.40217,0.465,0.80652,153.0,153.0,198.0,212.0,1,actions,False
train/00000005/00005122.jpg,113381,0.12,0.35,0.32,0.57,0.17091,0.41597,0.59818,0.35232,77.0,157.0,117.0,200.0,1,coco,False
train/00000079/00079817.jpg,96737,0.1,-0.01,0.43,0.75,0.29219,0.11273,0.59023,0.40545,100.0,9.0,191.0,128.0,1,places_top,False
train/00000048/00048533.jpg,87134,0.08,0.17,0.42,0.89,0.27891,0.29644,0.11345,0.58187,147.0,97.0,222.0,202.0,1,places_top,False
train/00000018/00018343.jpg,13153,0.31,0.19,0.63,0.81,0.67727,0.28909,0.21136,0.36182,321.0,123.0,387.0,219.0,1,coco_val,False
train/00000092/00092731.jpg,69668,0.14,0.12,0.27,0.54,0.31273,0.28806,0.11818,0.29293,209.0,137.0,221.0,150.0,1,places_top,True
train/00000102/00102421.jpg,86669,0.19,0.15,0.5,0.47,0.34727,0.2788,0.42364,0.7567,238.0,92.0,283.0,156.0,1,places_top,False
train/00000115/00115045.jpg,23331,0.39,0.07,0.6,0.85,0.56182,0.17834,0.61455,0.19469,398.0,65.0,442.0,120.0,1,places_top,False
train/00000109/00109816.jpg,67087,0.12,0.27,0.33,0.82,0.19818,0.42966,0.37091,0.68191,114.0,156.0,176.0,246.0,1,places_top,False
train/00000115/00115550.jpg,61380,0.08,0.05,0.19,0.58,0.12727,0.14831,0.40182,0.74982,63.0,47.0,96.0,91.0,1,places_top,False
train/00000025/00025559.jpg,42822,0.37,0.3,0.66,0.72,0.52955,0.36909,0.44091,0.32727,248.0,203.0,287.0,248.0,1,places_top,False
train/00000081/00081185.jpg,17802,0.44,0.32,0.54,0.82,0.46909,0.40056,0.52182,0.44664,304.0,181.0,334.0,210.0,1,places_top,False
train/00000059/00059776.jpg,43649,0.21,0.16,0.88,1.0,0.55455,0.33825,0.95818,0.14635,306.0,92.0,446.0,256.0,1,places_top,False
train/00000027/00027603.jpg,84303,0.16,0.24,0.4,0.63,0.29636,0.30842,0.36182,0.43537,165.0,134.0,217.0,190.0,1,places_top,False
train/00000035/00035342.jpg,106906,0.15,0.27,0.63,0.62,0.57344,0.33818,0.49728,0.62545,269.0,235.0,325.0,292.0,1,places_top,False
train/00000010/00010081.jpg,52327,0.84,0.35,0.12,0.62,0.86909,0.39657,0.70909,0.3998,553.0,124.0,581.0,156.0,1,coco,False
train/00000044/00044088.jpg,124493,0.23,0.08,0.54,0.57,0.42182,0.17376,0.69273,0.26697,266.0,47.0,340.0,133.0,1,places_top,False
train/00000065/00065405.jpg,87174,0.46,0.01,0.55,0.69,0.57273,0.44348,0.23818,0.3845,384.0,164.0,493.0,301.0,1,places_top,False
train/00000009/00009842.jpg,102921,0.33,0.05,0.28,0.79,0.48398,0.26727,0.58412,0.38909,241.0,135.0,305.0,216.0,1,coco,False
train/00000080/00080425.jpg,76950,0.01,0.09,0.18,0.8,0.12727,0.14982,0.26909,0.37836,85.0,43.0,136.0,104.0,1,places_top,False
train/00000067/00067139.jpg,29830,0.02,0.02,0.3,1.0,0.23091,0.21865,0.43636,0.60914,77.0,14.0,190.0,149.0,1,places_top,False
train/00000005/00005978.jpg,16807,0.3,0.3,0.34,0.58,0.47636,0.47064,0.43455,0.86831,283.0,186.0,315.0,225.0,1,coco,False
train/00000075/00075248.jpg,87196,0.02,0.35,0.26,0.91,0.11091,0.38115,0.18364,0.42239,17.0,155.0,80.0,228.0,1,places_top,False
train/00000006/00006089.jpg,120432,0.03,0.07,0.67,0.91,0.33455,0.19442,0.73636,0.67606,144.0,54.0,233.0,157.0,1,coco,False
train/00000116/00116137.jpg,8729,0.14,0.17,0.25,0.86,0.25273,0.24559,0.37636,0.67635,177.0,80.0,231.0,144.0,1,places_top,False
train/00000075/00075441.jpg,81544,0.27,0.14,0.47,0.63,0.39636,0.2429,0.80364,0.61642,221.0,87.0,277.0,156.0,1,places_top,False
train/00000082/00082533.jpg,14596,0.06,0.1,0.84,0.81,0.69273,0.36418,0.65818,0.56549,423.0,136.0,482.0,210.0,1,places_top,False
train/00000045/00045202.jpg,71299,0.41,0.25,0.52,0.96,0.42364,0.34727,0.29455,0.63909,322.0,132.0,380.0,210.0,1,places_top,False
train/00000029/00029605.jpg,34635,0.17,0.31,0.35,0.77,0.30349,0.4098,0.36531,0.59171,166.0,169.0,214.0,231.0,1,places_top,False
train/00000098/00098957.jpg,13163,0.01,0.01,0.45,0.73,0.26473,0.22545,0.34477,0.64182,40.0,31.0,170.0,200.0,1,places_top,False
train/00000110/00110081.jpg,113295,0.43,0.3,0.58,0.63,0.64545,0.52919,0.45636,0.67514,432.0,203.0,517.0,309.0,1,places_top,False
train/00000020/00020336.jpg,22962,0.32,0.2,0.44,0.8,0.53,0.356,0.964,0.87867,206.0,75.0,290.0,182.0,1,imagenet,False
train/00000021/00021772.jpg,52053,0.25,0.03,0.44,0.86,0.34641,0.16,0.2275,0.86,76.0,11.0,117.0,69.0,1,pascal,False
train/00000101/00101558.jpg,13142,0.22,0.04,0.41,1.0,0.34545,0.16094,0.72727,0.14727,210.0,28.0,288.0,120.0,1,places_top,False
train/00000005/00005893.jpg,65233,0.73,0.37,0.27,0.62,0.87636,0.44033,0.81091,0.61663,533.0,128.0,609.0,228.0,1,coco,False
train/00000020/00020433.jpg,78110,0.0,0.01,0.22,0.65,0.076,0.12667,0.582,0.892,13.0,19.0,46.0,62.0,1,imagenet,False
train/00000022/00022385.jpg,36961,0.09,0.09,0.89,0.91,0.47297,0.24,0.58709,0.372,118.0,44.0,208.0,163.0,1,pascal,False
train/00000082/00082508.jpg,9032,0.01,0.27,0.14,0.8,0.092727,0.329,0.25273,0.33991,34.0,144.0,79.0,195.0,1,places_top,False
train/00000068/00068688.jpg,98386,0.24,0.37,0.39,0.68,0.34242,0.38955,0.46364,0.4154,219.0,188.0,240.0,213.0,1,places_top,False
train/00000106/00106658.jpg,55023,0.17,0.01,0.44,0.99,0.56055,0.77831,0.33984,0.40979,233.0,364.0,319.0,447.0,1,places_top,True
train/00000007/00007727.jpg,114016,0.0,0.0,0.68,0.98,0.34909,0.17692,0.57091,0.74642,92.0,0.0,251.0,161.0,1,coco,False
train/00000030/00030922.jpg,77977,0.25,0.21,0.77,0.76,0.60545,0.34434,0.66545,0.66112,418.0,96.0,500.0,202.0,1,places_top,False
train/00000111/00111653.jpg,99507,0.22,0.23,0.5,0.78,0.33636,0.25727,0.75818,0.25727,202.0,90.0,272.0,161.0,1,places_top,False
train/00000026/00026452.jpg,4471,-0.01,0.2,0.3,1.17,0.15455,0.33265,0.21091,0.47089,75.0,133.0,136.0,216.0,1,places_top,False
train/00000029/00029563.jpg,26422,0.07,0.22,0.3,1.08,0.21455,0.33507,0.45636,0.34235,90.0,137.0,156.0,214.0,1,places_top,False
train/00000029/00029059.jpg,119725,0.08,0.02,0.32,1.0,0.23636,0.23545,0.26545,0.23818,81.0,45.0,191.0,179.0,1,places_top,False
train/00000016/00016404.jpg,120801,0.2,0.24,0.57,0.76,0.64133,0.3,0.11333,0.252,222.0,138.0,285.0,185.0,1,coco_val,False
train/00000033/00033815.jpg,58758,0.13,0.2,0.68,0.78,0.53503,0.24727,0.76855,0.38909,215.0,159.0,293.0,239.0,1,places_top,False
train/00000007/00007530.jpg,77606,0.19,0.19,0.23,0.48,0.31091,0.25515,0.47091,0.33515,160.0,90.0,224.0,164.0,1,coco,False
train/00000023/00023189.jpg,42303,0.31,0.2,0.59,0.8,0.574,0.412,0.386,0.69467,272.0,76.0,376.0,206.0,1,pascal,False
train/00000106/00106092.jpg,117096,0.12,0.06,0.67,1.02,0.34545,0.28182,0.72909,0.066364,149.0,65.0,280.0,205.0,1,places_top,False
train/00000093/00093428.jpg,101007,0.11,0.21,0.83,0.97,0.36567,0.28909,0.33003,0.51455,150.0,162.0,239.0,282.0,1,places_top,False
train/00000024/00024383.jpg,112130,0.22,0.06,0.76,0.97,0.47473,0.25818,0.47702,0.68364,202.0,79.0,324.0,219.0,1,places_top,False
train/00000099/00099963.jpg,62845,0.08,0.0,0.29,0.43,0.29818,0.0076385,0.40364,0.21623,149.0,0.0,212.0,32.0,1,places_top,False
train/00000076/00076917.jpg,79985,0.14,0.37,0.46,0.63,0.35091,0.55772,0.41091,0.61269,182.0,173.0,300.0,324.0,1,places_top,False
train/00000075/00075744.jpg,14786,0.13,0.37,0.35,0.66,0.24182,0.44766,0.28727,0.60469,129.0,171.0,200.0,253.0,1,places_top,False
train/00000016/00016498.jpg,47506,0.3,0.12,0.17,0.48,0.36182,0.20637,0.37636,0.57069,203.0,52.0,248.0,112.0,1,coco_val,False
train/00000093/00093862.jpg,41687,0.02,0.31,0.24,0.78,0.10545,0.37711,0.045455,0.63654,52.0,159.0,98.0,218.0,1,places_top,False
train/00000091/00091349.jpg,123062,0.08,0.11,0.38,0.95,0.31818,0.23408,0.64545,0.3218,170.0,63.0,265.0,178.0,1,places_top,False
train/00000013/00013586.jpg,14464,0.29,0.03,0.55,0.82,0.6,0.29834,0.86909,0.91422,304.0,24.0,416.0,198.0,1,coco,False
train/00000049/00049079.jpg,119315,0.35,0.05,0.53,1.06,0.68909,0.29477,0.48,0.1492,452.0,131.0,507.0,186.0,1,places_top,False
train/00000110/00110546.jpg,25874,0.14,0.26,0.38,0.95,0.27455,0.40298,0.50545,0.39571,128.0,184.0,190.0,240.0,1,places_top,False
train/00000045/00045119.jpg,114991,0.15,0.05,0.66,0.97,0.24909,0.44818,0.88182,0.41545,0.0,71.0,216.0,356.0,1,places_top,False
train/00000042/00042946.jpg,93200,0.06,0.15,0.72,1.0,0.48077,0.36909,0.54327,0.41091,164.0,162.0,279.0,317.0,1,places_top,False
train/00000089/00089236.jpg,29647,0.0,0.09,0.17,0.33,0.12073,0.1751,0.11891,0.37096,69.0,50.0,114.0,101.0,1,places_top,False
train/00000046/00046998.jpg,17210,0.03,0.07,0.16,0.71,0.10364,0.1323,0.32,0.50817,56.0,36.0,98.0,91.0,1,places_top,False
train/00000088/00088261.jpg,28459,0.08,0.09,0.57,0.91,0.33594,0.28711,0.73828,0.69336,65.0,59.0,191.0,206.0,1,places_top,False
train/00000097/00097018.jpg,105986,0.35,0.22,0.62,1.0,0.52182,0.30383,0.83636,0.35953,312.0,123.0,366.0,189.0,1,places_top,False
train/00000102/00102766.jpg,101180,0.31,0.14,0.49,0.6,0.42909,0.2148,0.51636,0.64815,437.0,83.0,479.0,144.0,1,places_top,False
train/00000109/00109068.jpg,16225,0.31,0.02,0.69,0.98,0.46136,0.12545,0.82273,0.47273,206.0,38.0,248.0,96.0,1,places_top,False
train/00000104/00104043.jpg,62342,0.18,0.05,0.62,0.85,0.26727,0.28899,0.21818,0.54366,139.0,35.0,281.0,221.0,1,places_top,False
train/00000077/00077282.jpg,1627,0.18,0.13,0.54,0.98,0.26068,0.27636,0.23077,0.51091,92.0,116.0,171.0,218.0,1,places_top,False
train/00000100/00100303.jpg,38882,0.05,0.16,0.2,0.5,0.16727,0.21364,0.23455,0.45909,94.0,87.0,133.0,143.0,1,places_top,False
train/00000080/00080621.jpg,101720,0.2,0.0,0.36,0.94,0.34909,0.11619,0.4,0.11345,211.0,8.0,276.0,86.0,1,places_top,False
train/00000015/00015235.jpg,71691,0.33,0.41,0.56,0.45,0.48907,0.51455,0.25143,0.61636,193.0,263.0,277.0,367.0,1,coco_val,False
train/00000054/00054260.jpg,89288,0.06,0.23,0.28,0.55,0.18182,0.33507,0.63091,0.70616,66.0,116.0,136.0,193.0,1,places_top,False
train/00000077/00077492.jpg,97979,0.14,0.07,0.42,0.89,0.21886,0.15818,0.20588,0.20727,90.0,56.0,154.0,128.0,1,places_top,False
train/00000000/00000589.jpg,124564,0.33,0.16,0.25,0.49,0.36142,0.2875,0.41386,0.1725,174.0,92.0,207.0,134.0,1,actions,False
train/00000059/00059677.jpg,80044,0.22,0.0,0.57,0.7,0.45634,0.1,0.6528,0.66727,187.0,1.0,262.0,93.0,1,places_top,False
train/00000047/00047493.jpg,10458,0.31,0.14,0.68,0.91,0.40364,0.39811,0.56727,0.94152,270.0,148.0,375.0,275.0,1,places_top,False
train/00000108/00108661.jpg,7406,0.24,0.03,0.56,0.6,0.57646,0.26567,0.50363,0.49113,275.456,153.8,335.872,238.39,1,places_top,True
train/00000020/00020213.jpg,26043,0.11,0.02,0.35,0.46,0.20364,0.16275,0.63636,0.4799,81.0,17.0,174.0,137.0,1,coco_val,False
train/00000099/00099053.jpg,90233,0.39,0.2,0.69,0.96,0.43818,0.35205,0.30909,0.46604,296.0,132.0,368.0,214.0,1,places_top,False
train/00000092/00092560.jpg,16715,0.21,0.0,0.65,0.32,0.43695,0.032727,0.51645,0.31455,187.0,0.0,247.0,48.0,1,places_top,False
train/00000110/00110425.jpg,118743,0.19,0.28,0.33,0.65,0.29636,0.35447,0.26909,0.46362,191.0,161.0,214.0,192.0,1,places_top,False
train/00000079/00079978.jpg,19855,0.22,0.16,0.43,0.85,0.36727,0.39813,0.42727,0.51213,210.0,167.0,259.0,226.0,1,places_top,False
train/00000016/00016902.jpg,20941,0.0,0.35,0.22,0.38,0.14727,0.54121,0.76,0.51455,21.0,168.0,124.0,292.0,1,coco_val,False
train/00000067/00067922.jpg,40632,0.08,0.09,0.33,0.82,0.20364,0.17257,0.59818,0.48302,107.0,44.0,162.0,111.0,1,places_top,False
train/00000069/00069899.jpg,46102,0.0,0.18,0.45,1.01,0.23455,0.34165,0.49636,0.65835,40.0,83.0,173.0,247.0,1,places_top,False
train/00000111/00111251.jpg,440,0.17,0.29,0.33,0.57,0.26198,0.3474,0.13471,0.54277,136.0,148.0,168.0,184.0,1,places_top,False
train/00000077/00077834.jpg,27652,0.18,0.04,0.81,0.48,0.54381,0.12909,0.35763,0.46182,236.0,17.0,326.0,154.0,1,places_top,False
train/00000021/00021321.jpg,44153,0.55,0.26,0.15,0.31,0.664,0.33483,0.734,0.46096,303.0,84.0,337.0,127.0,1,pascal,False
train/00000011/00011256.jpg,23921,0.23,0.11,0.27,0.89,0.40727,0.20909,0.49818,0.39091,215.0,52.0,273.0,127.0,1,coco,False
train/00000100/00100588.jpg,51717,0.13,0.26,0.4,0.84,0.33636,0.37196,0.36909,0.78119,197.0,131.0,261.0,220.0,1,places_top,False
train/00000001/00001446.jpg,19021,0.28,0.5,0.13,0.4,0.34667,0.56887,0.85333,0.2741,87.0,199.0,106.0,218.0,1,actions,False
train/00000093/00093549.jpg,54179,0.19,0.2,0.3,0.66,0.38086,0.29883,0.14648,0.21875,191.0,142.0,208.0,162.0,1,places_top,False
train/00000038/00038830.jpg,48006,0.09,0.14,0.25,0.91,0.17636,0.22383,0.52545,0.25117,101.0,94.0,140.0,139.0,1,places_top,False
train/00000113/00113056.jpg,64903,0.08,0.35,0.27,0.62,0.18545,0.39909,0.13636,0.50818,126.0,182.0,151.0,216.0,1,places_top,False
train/00000047/00047858.jpg,61916,0.01,0.18,0.4,1.04,0.30727,0.45636,0.89455,0.69364,121.0,143.0,259.0,287.0,1,places_top,False
train/00000063/00063303.jpg,8359,0.04,0.13,0.48,0.9,0.31182,0.30182,0.38818,0.58364,93.0,118.0,207.0,254.0,1,places_top,False
train/00000097/00097943.jpg,94077,0.0,0.07,0.21,0.95,0.094545,0.28672,0.69091,0.30039,0.0,43.0,100.0,234.0,1,places_top,False
train/00000118/00118778.jpg,92282,0.09,0.13,0.17,0.32,0.19455,0.16909,0.42,0.43636,159.0,170.0,222.0,262.0,1,sun,False
train/00000018/00018916.jpg,27638,0.29,0.18,0.14,0.61,0.37091,0.23511,0.83818,0.24457,211.0,67.0,256.0,117.0,1,coco_val,False
train/00000086/00086508.jpg,7719,0.14,0.31,0.31,0.68,0.21873,0.33847,0.20835,0.4737,158.0,155.0,189.0,193.0,1,places_top,False
train/00000090/00090235.jpg,61820,0.37,0.28,0.52,0.61,0.44041,0.29409,0.34005,0.26791,219.0,211.0,247.0,239.0,1,places_top,False
train/00000042/00042130.jpg,76571,0.06,0.09,0.31,0.89,0.30727,0.21475,0.63273,0.79611,174.0,62.0,280.0,179.0,1,places_top,False
train/00000025/00025815.jpg,55836,0.35,-0.02,0.64,0.73,0.61091,0.17842,0.25455,0.28561,455.0,21.0,553.0,127.0,1,places_top,False
train/00000013/00013901.jpg,38228,0.63,0.15,0.34,0.85,0.74909,0.34157,0.21636,0.21319,470.0,63.0,613.0,202.0,1,coco,False
train/00000050/00050746.jpg,99082,0.23,-0.02,0.35,0.82,0.40727,0.49727,0.73818,0.54364,269.0,203.0,330.0,285.0,1,places_top,False
train/00000042/00042079.jpg,102483,0.17,0.12,0.74,0.82,0.39273,0.34434,0.40364,0.61196,244.0,67.0,374.0,251.0,1,places_top,False
train/00000080/00080569.jpg,93444,0.19,0.07,0.89,0.98,0.36545,0.38273,0.58,0.17,229.0,138.0,312.0,250.0,1,places_top,False
train/00000118/00118362.jpg,63859,0.79,0.24,0.12,0.65,0.82182,0.30273,0.34727,0.47503,519.0,117.0,557.0,161.0,1,sun,False
train/00000017/00017592.jpg,65036,0.46,0.33,0.12,0.62,0.53091,0.38827,0.77636,0.48637,316.0,141.0,350.0,186.0,1,coco_val,False
train/00000015/00015383.jpg,88391,0.34,0.1,0.4,0.86,0.64727,0.23103,0.48545,0.072484,395.0,60.0,444.0,105.0,1,coco_val,False
train/00000013/00013298.jpg,34987,0.0,0.29,0.43,0.71,0.29273,0.50821,0.46909,0.72451,58.0,120.0,199.0,284.0,1,coco,False
train/00000013/00013755.jpg,1601,0.4,0.33,0.17,0.5,0.50545,0.33409,0.61455,0.55455,294.0,142.0,326.0,175.0,1,coco,False
train/00000037/00037385.jpg,46790,0.02,0.2,0.52,1.01,0.092727,0.28656,0.94182,0.039169,0.0,83.0,118.0,247.0,1,places_top,False
train/00000061/00061299.jpg,56926,0.23,-0.02,0.62,0.99,0.63091,0.089844,0.77091,0.13906,455.0,16.0,501.0,73.0,1,places_top,False
train/00000050/00050359.jpg,86453,0.19,0.12,0.65,0.96,0.49091,0.22835,0.57636,0.39328,278.0,68.0,346.0,157.0,1,places_top,False
train/00000046/00046010.jpg,56738,0.02,0.02,0.37,0.87,0.38182,0.32273,0.48545,0.34455,257.0,137.0,296.0,182.0,1,places_top,False
train/00000053/00053394.jpg,87617,-0.01,-0.15,0.31,0.82,0.23818,0.13511,0.47818,0.77801,86.0,0.0,193.0,114.0,1,places_top,False
train/00000044/00044380.jpg,11132,0.38,0.1,0.75,0.83,0.62364,0.23545,0.66909,0.69909,423.0,57.0,507.0,169.0,1,places_top,False
train/00000101/00101453.jpg,47002,0.1,0.2,0.31,0.98,0.23455,0.24297,0.51636,0.28269,118.0,98.0,169.0,156.0,1,places_top,False
train/00000030/00030319.jpg,80852,0.0,0.09,0.42,0.99,0.37395,0.32458,0.40545,0.38275,229.0,77.0,328.0,183.0,1,places_top,False
train/00000079/00079307.jpg,61426,0.06,0.04,0.18,0.71,0.18182,0.14273,0.21455,0.43182,90.0,29.0,145.0,95.0,1,places_top,False
train/00000108/00108511.jpg,82746,0.14,0.19,0.27,0.95,0.19818,0.31859,0.14909,0.48351,132.0,119.0,177.0,182.0,1,places_top,False
train/00000066/00066061.jpg,15874,0.24,0.2,0.46,0.99,0.37636,0.3763,0.37818,0.57276,227.0,142.0,277.0,207.0,1,places_top,False
train/00000016/00016642.jpg,3114,0.0,0.12,0.38,0.8,0.28714,0.20545,0.38647,0.43273,65.0,75.0,130.0,142.0,1,coco_val,False
train/00000006/00006346.jpg,123695,0.4,0.17,0.44,0.83,0.48182,0.36611,0.36,0.3369,292.0,93.0,416.0,215.0,1,coco,False
train/00000037/00037457.jpg,99884,0.14,0.03,0.39,0.8,0.16727,0.17742,0.68182,0.31809,30.0,20.0,130.0,145.0,1,places_top,False
train/00000012/00012643.jpg,12869,0.33,0.11,0.25,0.77,0.39636,0.18364,0.58,0.17636,227.0,71.0,282.0,144.0,1,coco,False
train/00000057/00057614.jpg,11381,0.09,0.08,0.51,0.82,0.21636,0.34477,0.10545,0.74254,118.0,67.0,233.0,223.0,1,places_top,False
train/00000009/00009744.jpg,36057,0.43,0.12,0.48,0.48,0.62292,0.26727,0.54097,0.61273,242.0,122.0,293.0,178.0,1,coco,True
train/00000067/00067288.jpg,26109,0.04,0.03,0.61,0.76,0.36364,0.18398,0.16364,0.7458,160.0,24.0,248.0,157.0,1,places_top,False
train/00000080/00080485.jpg,32942,0.19,0.12,0.61,0.87,0.33091,0.30091,0.24364,0.57909,183.0,63.0,310.0,187.0,1,places_top,False
train/00000032/00032573.jpg,104835,0.33,0.2,0.72,0.86,0.49727,0.28909,0.77,0.29091,168.0,191.0,280.0,283.0,1,places_top,False
train/00000050/00050137.jpg,49939,0.27,0.15,0.54,0.66,0.56306,0.31455,0.53881,0.43636,242.0,169.0,310.0,249.0,1,places_top,False
train/00000081/00081703.jpg,4496,0.15,0.05,0.32,0.78,0.37636,0.38,0.30909,0.62545,278.0,143.0,330.0,215.0,1,places_top,False
train/00000116/00116466.jpg,83789,0.19,0.0,0.74,0.91,0.44727,0.088182,0.66545,0.80273,313.0,0.0,403.0,75.0,1,places_top,False
train/00000117/00117300.jpg,51105,0.09,0.28,0.51,0.97,0.33818,0.48913,0.39273,0.73906,154.0,113.0,289.0,286.0,1,places_top,False
train/00000031/00031923.jpg,78915,0.37,0.16,0.65,1.0,0.52727,0.33507,0.69273,0.68433,309.0,104.0,389.0,196.0,1,places_top,False
train/00000002/00002199.jpg,120393,0.12,0.04,0.89,0.87,0.4313,0.37432,0.41613,0.74368,29.0,9.0,136.0,144.0,1,actions,False
train/00000031/00031788.jpg,81156,0.01,0.01,0.33,0.99,0.21527,0.22329,0.48436,0.20755,26.0,13.0,162.0,158.0,1,places_top,False
train/00000021/00021503.jpg,123467,0.1,0.12,0.35,0.38,0.372,0.39189,0.456,0.58709,173.0,98.0,208.0,139.0,1,pascal,False
train/00000095/00095201.jpg,110059,0.03,0.21,0.24,0.48,0.11091,0.24636,0.63818,0.23273,60.0,95.0,105.0,152.0,1,places_top,False
train/00000043/00043253.jpg,88988,0.13,0.04,0.65,0.95,0.44727,0.29111,0.51818,0.72347,207.0,32.0,343.0,215.0,1,places_top,False
train/00000009/00009213.jpg,102879,0.21,0.2,0.3,0.63,0.396,0.38,0.414,0.492,167.0,83.0,221.0,152.0,1,coco,False
train/00000081/00081039.jpg,62037,0.01,0.0,0.7,0.9,0.63818,0.66978,0.85273,0.66008,397.0,272.0,489.0,349.0,1,places_top,True
train/00000045/00045082.jpg,82788,0.02,0.24,0.18,0.7,0.12364,0.29713,0.18545,0.40953,57.0,135.0,97.0,176.0,1,places_top,False
train/00000113/00113815.jpg,83659,0.02,0.0,0.45,0.96,0.45527,0.23378,0.63527,0.98057,263.0,46.0,348.0,153.0,1,places_top,False
train/00000063/00063874.jpg,21420,0.01,0.0,0.45,0.87,0.28171,0.061818,0.2138,0.12364,127.0,3.0,203.0,91.0,1,places_top,False
train/00000019/00019618.jpg,99296,0.4,0.44,0.53,0.48,0.54678,0.51,0.25439,0.63,178.0,225.0,209.0,265.0,1,coco_val,False
train/00000009/00009830.jpg,17930,0.05,0.03,0.18,0.57,0.138,0.089333,0.504,0.95067,53.0,12.0,80.0,47.0,1,coco,False
train/00000025/00025096.jpg,55732,0.25,0.08,0.41,0.47,0.32188,0.40182,0.32835,0.48727,147.0,327.0,183.0,371.0,1,places_top,False
train/00000056/00056764.jpg,103704,0.23,0.03,0.58,0.92,0.36424,0.23206,0.30605,0.25472,219.0,9.0,369.0,173.0,1,places_top,False
train/00000053/00053857.jpg,66245,0.01,0.01,0.2,0.8,0.094545,0.16727,0.63818,0.68545,26.0,36.0,108.0,125.0,1,places_top,False
train/00000004/00004461.jpg,73875,0.43,0.47,0.24,0.52,0.50443,0.61333,0.50665,0.14667,193.0,142.0,246.0,198.0,1,actions,False
train/00000098/00098772.jpg,7654,0.27,0.13,0.73,0.94,0.5262,0.31783,0.36984,0.71075,344.0,91.0,427.0,194.0,1,places_top,False
train/00000047/00047411.jpg,47886,0.13,0.06,0.94,0.86,0.23328,0.33655,0.42457,0.25413,64.0,108.0,163.0,260.0,1,places_top,False
train/00000017/00017867.jpg,68163,0.21,0.04,0.28,0.94,0.43636,0.14121,0.83455,0.49273,224.0,18.0,300.0,109.0,1,coco_val,True
train/00000066/00066926.jpg,97130,0.02,0.02,0.62,0.66,0.39091,0.22835,0.59818,0.48787,176.0,23.0,286.0,148.0,1,places_top,False
train/00000003/00003716.jpg,60990,0.14,0.03,0.7,0.93,0.43818,0.25091,0.23636,0.60727,203.0,18.0,387.0,246.0,1,actions,False
train/00000119/00119031.jpg,39109,0.71,0.39,0.21,0.31,0.75455,0.44833,0.64727,0.70424,535.0,214.0,561.0,245.0,1,sun,False
train/00000100/00100554.jpg,122849,0.2,0.24,0.4,0.58,0.35007,0.26909,0.45911,0.41818,155.0,183.0,182.0,217.0,1,places_top,False
train/00000032/00032121.jpg,7171,0.04,0.14,0.3,0.88,0.19455,0.18227,0.39091,0.25988,107.0,58.0,166.0,128.0,1,places_top,False
train/00000047/00047384.jpg,121485,0.08,0.19,0.74,1.01,0.26367,0.40146,0.66602,0.38686,84.0,161.0,160.0,261.0,1,places_top,False
train/00000111/00111078.jpg,52163,0.34,0.15,0.63,0.83,0.47273,0.23545,0.56182,0.70727,320.0,59.0,395.0,164.0,1,places_top,False
train/00000106/00106403.jpg,111171,0.23,0.1,0.47,1.07,0.51273,0.20107,0.39455,0.19847,367.0,67.0,426.0,141.0,1,places_top,False
train/00000070/00070113.jpg,110436,0.29,0.06,0.98,1.02,0.52,0.3646,0.27636,0.77299,280.0,27.0,457.0,249.0,1,places_top,False
train/00000081/00081194.jpg,121844,0.03,0.08,0.47,0.91,0.2433,0.21455,0.49727,0.38,86.0,81.0,164.0,189.0,1,places_top,False
train/00000047/00047626.jpg,83626,0.12,0.11,0.81,0.86,0.34475,0.26909,0.79998,0.14727,127.0,142.0,201.0,234.0,1,places_top,False
train/00000035/00035253.jpg,25930,0.23,0.26,0.56,0.91,0.64455,0.35091,0.44,0.33636,305.0,238.0,377.0,297.0,1,places_top,False
train/00000080/00080100.jpg,99621,0.19,0.14,0.33,0.63,0.33387,0.19455,0.23275,0.31091,153.0,101.0,198.0,153.0,1,places_top,False
train/00000082/00082923.jpg,89878,0.09,0.31,0.56,0.73,0.32909,0.40715,0.52545,0.78947,199.0,155.0,269.0,236.0,1,places_top,False
train/00000066/00066082.jpg,92250,0.11,0.09,0.29,0.82,0.2,0.17473,0.46182,0.94624,133.0,67.0,168.0,113.0,1,places_top,False
train/00000118/00118892.jpg,17161,0.0,0.5,0.12,0.39,0.052727,0.53636,0.14727,0.56788,32.0,481.0,79.0,545.0,1,sun,False
train/00000092/00092398.jpg,69466,0.44,0.08,0.64,0.81,0.6,0.19182,0.59091,0.75091,434.0,58.0,477.0,105.0,1,places_top,False
train/00000013/00013155.jpg,48132,0.2,0.02,0.48,0.47,0.50545,0.12909,0.65806,0.62909,155.0,19.0,245.0,144.0,1,coco,False
train/00000004/00004959.jpg,33869,0.19,0.39,0.21,0.44,0.32,0.44545,0.56545,0.74182,168.0,257.0,209.0,299.0,1,coco,False
train/00000102/00102168.jpg,6479,0.44,0.08,0.54,0.65,0.54727,0.17273,0.34182,0.75091,405.0,55.0,444.0,107.0,1,places_top,False
train/00000044/00044276.jpg,97981,0.03,0.07,0.46,1.0,0.36182,0.21091,0.59091,0.5,202.0,28.0,298.0,144.0,1,places_top,False
train/00000021/00021540.jpg,123011,0.6,0.16,0.22,0.7,0.676,0.27177,0.632,0.49399,314.0,55.0,361.0,118.0,1,pascal,False
train/00000023/00023253.jpg,52277,0.43,0.06,0.57,0.81,0.66517,0.188,0.83033,0.442,156.0,33.0,241.0,147.0,1,pascal,False
train/00000113/00113822.jpg,121139,0.16,0.19,0.41,0.84,0.30182,0.31727,0.47636,0.98273,192.0,108.0,248.0,182.0,1,places_top,False
train/00000008/00008434.jpg,62936,0.0,0.2,0.69,0.63,0.36604,0.4,0.63659,0.79091,56.0,143.0,189.0,291.0,1,coco,False
train/00000096/00096762.jpg,69628,0.19,0.25,0.81,0.98,0.34909,0.35763,0.17091,0.44798,224.0,125.0,308.0,235.0,1,places_top,False
train/00000061/00061279.jpg,67426,0.2,0.13,0.39,0.99,0.33455,0.2,0.44727,0.25455,214.0,56.0,272.0,117.0,1,places_top,False
train/00000052/00052647.jpg,100961,0.29,0.24,0.81,1.08,0.63273,0.36418,0.18727,0.46119,387.0,122.0,474.0,231.0,1,places_top,False
train/00000012/00012247.jpg,7911,0.24,0.44,0.32,0.52,0.38415,0.49959,0.27124,0.67821,248.0,211.0,286.0,259.0,1,coco,False
train/00000103/00103032.jpg,4750,0.26,0.26,0.41,0.64,0.32545,0.30667,0.36182,0.44249,203.0,136.0,229.0,169.0,1,places_top,False
train/00000039/00039815.jpg,90602,0.26,0.16,0.41,1.01,0.37273,0.29942,0.71091,0.19267,312.0,119.0,357.0,171.0,1,places_top,False
train/00000112/00112278.jpg,121105,0.01,0.04,0.46,0.98,0.36418,0.28182,0.5194,0.36545,44.0,67.0,196.0,271.0,1,places_top,False
train/00000086/00086154.jpg,120823,0.01,0.01,0.76,0.97,0.35156,0.44141,0.91992,0.78125,11.0,35.0,259.0,341.0,1,places_top,False
train/00000106/00106706.jpg,111993,0.26,0.22,0.37,0.79,0.40433,0.42139,0.73451,0.38621,291.0,197.0,318.0,226.0,1,places_top,False
train/00000015/00015633.jpg,64998,0.78,0.71,0.22,0.28,0.90545,0.88061,0.68,0.77879,552.0,341.0,640.0,478.0,1,coco_val,False
train/00000070/00070563.jpg,18558,0.13,0.12,0.32,0.88,0.23273,0.18747,0.53818,0.67271,130.0,65.0,188.0,130.0,1,places_top,False
train/00000087/00087879.jpg,26020,0.16,0.07,0.81,0.98,0.66545,0.33091,0.81273,0.23545,410.0,43.0,583.0,274.0,1,places_top,False
train/00000061/00061110.jpg,47769,0.36,0.09,0.51,0.52,0.59818,0.16348,0.70364,0.47249,339.0,64.0,363.0,94.0,1,places_top,False
train/00000066/00066727.jpg,14470,0.01,0.0,0.32,1.08,0.28414,0.21636,0.50243,0.86182,123.0,45.0,276.0,235.0,1,places_top,False
train/00000021/00021504.jpg,93506,0.15,0.13,0.85,0.71,0.59333,0.29,0.43333,0.458,149.0,70.0,258.0,221.0,1,pascal,False
train/00000056/00056223.jpg,32467,0.0,0.13,0.31,0.97,0.21455,0.36418,0.85636,0.31809,1.0,67.0,170.0,281.0,1,places_top,False
train/00000014/00014041.jpg,8613,0.57,0.6,0.22,0.39,0.66545,0.65515,0.4,0.37879,419.0,285.0,469.0,341.0,1,coco,False
train/00000072/00072811.jpg,15457,0.27,0.05,0.84,0.98,0.45636,0.26231,0.65091,0.22835,225.0,83.0,320.0,187.0,1,places_top,False
train/00000055/00055864.jpg,37976,0.02,0.22,0.29,1.03,0.14545,0.41379,0.63455,0.26927,9.0,170.0,130.0,283.0,1,places_top,False
train/00000110/00110832.jpg,38359,0.38,0.23,0.6,0.8,0.49091,0.26,0.39636,0.63909,368.0,116.0,400.0,149.0,1,places_top,False
train/00000014/00014309.jpg,45863,0.34,0.29,0.15,0.62,0.38,0.36953,0.78727,0.1086,231.0,103.0,256.0,134.0,1,coco,False
train/00000015/00015034.jpg,112534,0.57,0.14,0.19,0.8,0.64545,0.22891,0.41273,0.46675,406.0,70.0,444.0,113.0,1,coco_val,False
train/00000080/00080900.jpg,52441,-0.02,0.04,0.61,1.01,0.40364,0.29141,0.82,0.18712,98.0,36.0,294.0,275.0,1,places_top,False
train/00000002/00002887.jpg,31333,0.21,0.11,0.37,0.68,0.46727,0.20682,0.51091,0.65909,247.0,54.0,313.0,152.0,1,actions,False
train/00000054/00054702.jpg,92765,0.07,0.13,0.72,1.02,0.53636,0.32,0.30727,0.041818,367.0,122.0,507.0,226.0,1,places_top,False
train/00000098/00098762.jpg,65160,0.31,0.02,0.82,0.71,0.65818,0.17734,0.52545,0.64219,464.0,0.0,588.0,133.0,1,places_top,False
train/00000043/00043700.jpg,25239,0.03,0.13,0.37,1.04,0.19636,0.18712,0.37818,0.35205,86.0,65.0,148.0,132.0,1,places_top,False
train/00000083/00083163.jpg,42185,0.11,0.19,0.26,0.83,0.23091,0.27404,0.38545,0.49032,174.0,107.0,224.0,164.0,1,places_top,False
train/00000040/00040575.jpg,56198,0.02,0.23,0.24,0.89,0.13455,0.27156,0.79455,0.26359,33.0,103.0,111.0,190.0,1,places_top,False
train/00000055/00055939.jpg,71544,0.04,0.11,0.23,1.04,0.14618,0.45219,0.78436,0.48783,0.0,94.0,155.0,355.0,1,places_top,False
train/00000096/00096820.jpg,65044,-0.01,0.13,0.22,0.66,0.17636,0.34235,0.22909,0.72799,41.0,76.0,155.0,220.0,1,places_top,False
train/00000050/00050437.jpg,67179,0.19,0.06,0.39,1.0,0.26545,0.22598,0.27818,0.1473,150.0,75.0,223.0,167.0,1,places_top,False
train/00000001/00001959.jpg,36935,0.19,0.18,0.57,0.55,0.40727,0.33455,0.49182,0.42727,174.0,189.0,294.0,358.0,1,actions,False
train/00000091/00091197.jpg,92932,0.01,0.35,0.16,0.64,0.076364,0.37388,0.80545,0.34235,28.0,172.0,60.0,209.0,1,places_top,False
train/00000023/00023399.jpg,55621,0.63,0.39,0.17,0.35,0.748,0.42,0.704,0.53733,369.0,146.0,396.0,174.0,1,pascal,False
train/00000116/00116634.jpg,7337,0.42,0.04,0.66,0.74,0.46119,0.21455,0.39086,0.72545,205.0,74.0,274.0,164.0,1,places_top,False
train/00000029/00029738.jpg,24549,0.26,0.17,0.39,0.75,0.33091,0.21053,0.44,0.20234,223.0,88.0,269.0,144.0,1,places_top,False
train/00000070/00070422.jpg,28225,0.34,0.04,0.66,1.02,0.47527,0.16982,0.23527,0.15611,339.0,41.0,428.0,134.0,1,places_top,False
train/00000021/00021484.jpg,30537,0.78,0.53,0.17,0.28,0.8436,0.55876,0.2876,0.60093,418.0,173.0,434.0,191.0,1,pascal,False
train/00000064/00064673.jpg,80201,0.16,0.28,0.48,0.54,0.45709,0.38,0.47516,0.50545,210.0,200.0,247.0,245.0,1,places_top,False
train/00000071/00071045.jpg,30030,0.32,0.3,0.74,0.98,0.44,0.45845,0.18,0.79084,266.0,158.0,369.0,286.0,1,places_top,False
train/00000105/00105283.jpg,24461,0.18,0.08,0.78,0.97,0.45636,0.16741,0.57515,0.16741,297.0,55.0,362.0,122.0,1,places_top,False
train/00000106/00106347.jpg,40524,0.14,0.01,0.45,0.76,0.25455,0.10057,0.40909,0.48739,136.0,24.0,196.0,94.0,1,places_top,False
train/00000081/00081298.jpg,21921,0.07,0.24,0.2,0.64,0.12909,0.30112,0.46727,0.24048,75.0,139.0,98.0,168.0,1,places_top,False
train/00000039/00039104.jpg,96992,0.33,0.11,0.67,0.85,0.57955,0.16559,0.31336,0.18629,502.0,57.0,552.0,111.0,1,places_top,False
train/00000048/00048843.jpg,7135,0.32,0.29,0.57,0.88,0.41091,0.39896,0.19091,0.84408,295.0,159.0,357.0,242.0,1,places_top,False
train/00000054/00054898.jpg,86121,0.23,0.07,0.82,1.0,0.56364,0.13719,0.39273,0.14268,368.0,-1.0,504.0,141.0,1,places_top,True
train/00000017/00017727.jpg,78205,0.09,0.03,0.38,0.97,0.386,0.23574,0.558,0.22072,113.0,13.0,221.0,148.0,1,coco_val,False
train/00000068/00068099.jpg,115831,0.35,0.19,0.53,0.74,0.68,0.2371,0.28909,0.36204,489.0,98.0,534.0,151.0,1,places_top,False
train/00000060/00060547.jpg,34369,0.15,0.17,0.31,0.85,0.25818,0.23956,0.38364,0.74399,166.0,83.0,214.0,145.0,1,places_top,False
train/00000089/00089465.jpg,97325,0.15,0.18,0.4,0.84,0.28545,0.31567,0.53636,0.34235,130.0,113.0,207.0,205.0,1,places_top,False
train/00000062/00062488.jpg,64582,0.18,0.18,0.52,0.85,0.39244,0.24829,0.47722,0.50284,161.0,143.0,220.0,223.0,1,places_top,False
train/00000085/00085496.jpg,99635,0.16,0.05,0.68,0.9,0.54909,0.24,0.68,0.44545,202.0,59.0,336.0,226.0,1,places_top,False
train/00000116/00116279.jpg,92241,0.4,0.11,0.63,1.02,0.46618,0.49881,0.19709,0.6794,315.0,185.0,422.0,309.0,1,places_top,True
train/00000045/00045613.jpg,74494,0.18,0.04,0.52,0.9,0.25273,0.14499,0.54727,0.18322,158.0,20.0,217.0,93.0,1,places_top,False
train/00000054/00054351.jpg,21099,0.34,0.36,0.58,0.67,0.4375,0.43605,0.55273,0.55039,207.0,199.0,235.0,237.0,1,places_top,False
train/00000010/00010440.jpg,4275,0.51,0.28,0.3,0.48,0.62447,0.35091,0.42185,0.43818,234.0,194.0,276.0,245.0,1,coco,False
train/00000092/00092275.jpg,109221,0.41,0.18,0.66,0.64,0.50545,0.24,0.46727,0.24,248.0,163.0,303.0,214.0,1,places_top,False
train/00000115/00115852.jpg,5389,0.21,0.27,0.31,0.82,0.25818,0.34318,0.48909,0.61591,146.0,150.0,178.0,188.0,1,places_top,False
train/00000060/00060822.jpg,86814,0.21,0.03,0.41,0.96,0.55273,0.057926,0.63091,0.87892,330.0,2.0,431.0,74.0,1,places_top,True
train/00000057/00057723.jpg,34342,0.0,0.25,0.21,0.82,0.1,0.33025,0.49636,0.28096,23.0,124.0,96.0,198.0,1,places_top,False
train/00000063/00063177.jpg,73198,0.08,0.14,0.68,0.98,0.24909,0.26818,0.70727,0.32273,119.0,77.0,235.0,204.0,1,places_top,False
train/00000044/00044219.jpg,22748,0.19,0.21,0.46,0.93,0.31636,0.35205,0.30545,0.50485,186.0,113.0,248.0,201.0,1,places_top,False
train/00000060/00060102.jpg,39548,0.05,0.34,0.22,1.0,0.11455,0.40727,0.069091,0.36909,81.0,176.0,126.0,223.0,1,places_top,False
train/00000019/00019426.jpg,34124,0.37,0.07,0.41,0.64,0.52,0.39689,0.34727,0.68412,293.0,59.0,452.0,251.0,1,coco_val,False
train/00000112/00112542.jpg,52783,0.09,0.19,0.4,0.99,0.23273,0.29545,0.55273,0.38545,124.0,102.0,195.0,192.0,1,places_top,False
train/00000030/00030872.jpg,107472,0.23,0.3,0.4,0.66,0.33455,0.37199,0.41636,0.46732,238.0,160.0,274.0,208.0,1,places_top,False
train/00000031/00031071.jpg,104534,0.02,0.05,0.41,0.98,0.06,0.38,0.31455,0.18364,0.0,115.0,107.0,278.0,1,places_top,False
train/00000049/00049089.jpg,21936,0.24,0.2,0.54,0.89,0.37636,0.37253,0.48182,0.75267,179.0,132.0,258.0,237.0,1,places_top,False
train/00000085/00085155.jpg,4442,0.18,0.07,0.9,0.97,0.72364,0.26481,0.4,0.69705,624.0,30.0,800.0,238.0,1,places_top,False
train/00000116/00116123.jpg,11279,0.0,0.19,0.18,0.71,0.061818,0.26473,0.38545,0.83956,14.0,100.0,57.0,155.0,1,places_top,False
train/00000001/00001031.jpg,83682,0.0,0.03,0.43,0.97,0.17285,0.3678,0.35276,0.745,21.0,51.0,198.0,269.0,1,actions,False
train/00000002/00002383.jpg,60494,0.04,0.22,0.51,0.78,0.48333,0.29817,0.72,0.29587,104.0,96.0,149.0,150.0,1,actions,False
train/00000076/00076938.jpg,26750,0.3,0.09,0.58,0.88,0.35447,0.2,0.31082,0.43091,157.0,76.0,222.0,162.0,1,places_top,False
train/00000023/00023292.jpg,97869,0.01,0.28,0.62,0.72,0.42267,0.424,0.73467,0.636,87.0,140.0,173.0,248.0,1,pascal,False
train/00000110/00110193.jpg,94643,0.32,0.06,0.51,0.45,0.65273,0.12909,0.16545,0.44545,467.0,0.0,605.0,124.0,1,places_top,False
train/00000049/00049361.jpg,124410,0.18,0.14,0.34,0.67,0.26182,0.20566,0.48545,0.31026,151.0,81.0,184.0,119.0,1,places_top,False
train/00000118/00118969.jpg,44076,0.28,0.57,0.13,0.43,0.36909,0.62227,0.27091,0.53455,194.0,223.0,217.0,248.0,1,sun,False
train/00000111/00111388.jpg,81940,0.25,0.13,0.5,0.78,0.39455,0.24648,0.55455,0.385,258.0,73.0,317.0,153.0,1,places_top,False
train/00000108/00108538.jpg,36406,0.15,0.29,0.43,0.5,0.31324,0.32545,0.3763,0.34545,121.0,190.0,164.0,242.0,1,places_top,False
train/00000077/00077589.jpg,73812,0.35,0.21,0.61,0.66,0.5097,0.28545,0.60672,0.34,219.0,173.0,265.0,220.0,1,places_top,False
train/00000082/00082758.jpg,91294,0.22,0.11,0.31,0.94,0.33455,0.26043,0.40545,0.42463,221.0,95.0,267.0,153.0,1,places_top,False
train/00000094/00094441.jpg,44612,0.18,0.21,0.32,0.62,0.24364,0.32179,0.12727,0.88117,157.0,131.0,187.0,172.0,1,places_top,False
train/00000116/00116086.jpg,86027,0.27,0.1,0.76,0.77,0.48182,0.24464,0.35091,0.7771,339.0,56.0,407.0,139.0,1,places_top,False
train/00000052/00052657.jpg,78893,-0.03,0.14,0.42,0.98,0.24182,0.42617,0.66909,0.39336,10.0,129.0,226.0,317.0,1,places_top,False
train/00000071/00071461.jpg,53444,0.03,-0.01,0.81,0.98,0.60187,0.34727,0.72799,0.74,119.0,2.0,385.0,306.0,1,places_top,False
train/00000005/00005023.jpg,122390,0.66,0.09,0.34,0.66,0.87675,0.14364,0.97928,0.41455,396.0,60.0,434.0,99.0,1,coco,False
train/00000001/00001714.jpg,4613,0.0,0.17,0.57,0.82,0.47503,0.36333,0.5774,0.62667,104.0,36.0,147.0,83.0,1,actions,False
train/00000070/00070278.jpg,14788,0.02,0.3,0.38,1.03,0.24,0.41227,0.39091,0.46162,145.0,171.0,253.0,297.0,1,places_top,False
train/00000008/00008837.jpg,14564,0.57,0.12,0.43,0.88,0.72545,0.27926,0.62182,0.49727,417.0,57.0,524.0,194.0,1,coco,False
train/00000006/00006592.jpg,72750,0.66,0.34,0.34,0.66,0.87091,0.61993,0.8,0.65234,524.0,125.0,640.0,294.0,1,coco,False
train/00000005/00005263.jpg,8429,0.07,0.06,0.51,0.77,0.47091,0.30499,0.69455,0.63501,194.0,38.0,337.0,242.0,1,coco,False
train/00000045/00045080.jpg,103668,0.13,0.14,0.44,0.95,0.43792,0.26462,0.52429,0.2622,167.0,103.0,219.0,162.0,1,places_top,False
train/00000034/00034481.jpg,65332,0.02,0.09,0.22,0.9,0.15818,0.1649,0.076364,0.19463,99.0,42.0,129.0,76.0,1,places_top,False
train/00000053/00053834.jpg,66491,0.38,0.15,0.48,0.87,0.38909,0.25261,0.13818,0.3763,262.0,106.0,302.0,153.0,1,places_top,False
train/00000060/00060476.jpg,69569,0.13,0.19,0.37,0.67,0.39091,0.32545,0.35455,0.69636,268.0,118.0,323.0,178.0,1,places_top,False
train/00000052/00052060.jpg,101943,0.06,0.1,0.21,0.52,0.15818,0.16044,0.49455,0.28656,70.0,54.0,107.0,98.0,1,places_top,False
train/00000049/00049322.jpg,84893,0.09,0.33,0.33,0.71,0.16,0.38273,0.17818,0.68,103.0,154.0,155.0,228.0,1,places_top,False
train/00000027/00027501.jpg,54856,0.18,0.22,0.9,0.8,0.39091,0.31818,0.28727,0.60909,158.0,177.0,260.0,310.0,1,places_top,False
train/00000059/00059303.jpg,81262,0.04,0.26,0.39,0.7,0.32545,0.38617,0.34364,0.62352,191.0,156.0,241.0,220.0,1,places_top,False
train/00000030/00030218.jpg,11881,0.02,0.04,0.27,0.96,0.19455,0.21091,0.70364,0.47818,83.0,40.0,180.0,160.0,1,places_top,False
train/00000026/00026837.jpg,3136,0.17,0.18,0.72,0.97,0.55497,0.29091,0.53298,0.40545,224.0,163.0,286.0,234.0,1,places_top,False
train/00000017/00017993.jpg,67210,0.7,0.06,0.25,0.93,0.78545,0.18388,0.40545,0.53543,496.0,25.0,569.0,110.0,1,coco_val,False
train/00000064/00064101.jpg,67557,0.27,0.13,0.4,0.7,0.31091,0.18759,0.43455,0.58965,217.0,69.0,254.0,113.0,1,places_top,False
train/00000094/00094577.jpg,67765,0.18,0.12,0.42,0.66,0.28142,0.19727,0.48179,0.14062,121.0,80.0,177.0,144.0,1,places_top,False
train/00000076/00076381.jpg,66109,0.11,0.17,0.79,0.78,0.41511,0.32,0.46847,0.27273,181.0,177.0,286.0,279.0,1,places_top,False
train/00000113/00113499.jpg,49826,0.3,0.02,0.73,0.87,0.50909,0.039091,0.27818,0.32545,370.0,0.0,424.0,49.0,1,places_top,False
train/00000048/00048020.jpg,3634,0.0,0.01,0.43,0.9,0.23098,0.091797,0.65028,0.12305,87.0,5.0,143.0,82.0,1,places_top,False
train/00000019/00019590.jpg,122309,0.2,0.28,0.14,0.43,0.25818,0.35455,0.17273,0.46848,135.0,133.0,195.0,207.0,1,coco_val,False
train/00000017/00017938.jpg,69244,0.24,0.19,0.47,0.31,0.55438,0.248,0.29758,0.45,180.0,98.0,207.0,131.0,1,coco_val,False
train/00000071/00071525.jpg,122616,0.05,0.22,0.91,0.85,0.69091,0.34962,0.30364,0.28899,445.0,102.0,570.0,228.0,1,places_top,False
train/00000007/00007619.jpg,58641,0.03,0.05,0.17,0.62,0.12545,0.098464,0.44727,0.38801,65.0,29.0,94.0,65.0,1,coco,False
train/00000002/00002722.jpg,51949,0.07,0.08,0.84,0.87,0.38248,0.16909,0.55307,0.23273,33.0,34.0,84.0,94.0,1,actions,False
train/00000045/00045969.jpg,11204,0.03,0.03,0.94,0.99,0.86727,0.44239,0.75091,0.4579,500.0,182.0,600.0,271.0,1,places_top,False
train/00000098/00098175.jpg,83059,-0.03,0.04,0.7,0.75,0.43858,0.19141,0.5595,0.83203,159.0,6.0,284.0,175.0,1,places_top,False
train/00000072/00072031.jpg,96754,0.12,0.18,0.3,0.71,0.21137,0.26545,0.36418,0.39091,82.0,159.0,117.0,198.0,1,places_top,False
train/00000086/00086095.jpg,25806,0.29,0.25,0.43,0.72,0.34545,0.3268,0.33091,0.57086,236.0,128.0,285.0,198.0,1,places_top,False
train/00000026/00026522.jpg,103538,0.08,0.23,0.47,1.12,0.36273,0.40654,0.36129,0.48611,139.0,140.0,201.0,231.0,1,places_top,False
train/00000050/00050990.jpg,54724,0.05,0.07,0.53,0.97,0.47091,0.32179,0.54727,0.93887,282.0,56.0,394.0,188.0,1,places_top,False
train/00000067/00067518.jpg,111394,0.06,0.3,0.26,0.82,0.13636,0.42239,0.029091,0.77407,78.0,171.0,117.0,221.0,1,places_top,False
train/00000054/00054899.jpg,66816,0.14,0.13,0.5,0.39,0.59217,0.40909,0.57034,0.90909,241.0,155.0,359.0,316.0,1,places_top,False
train/00000089/00089385.jpg,3153,0.19,0.08,0.79,0.96,0.70577,0.42425,0.13122,0.55516,518.0,74.0,689.0,289.0,1,places_top,False
train/00000042/00042645.jpg,87176,0.02,0.11,0.28,0.5,0.13091,0.20273,0.18364,0.58182,70.0,55.0,135.0,143.0,1,places_top,False
train/00000088/00088803.jpg,71139,0.43,0.15,0.66,0.63,0.55636,0.26782,0.52364,0.5,320.0,64.0,382.0,149.0,1,places_top,False
train/00000026/00026705.jpg,116053,0.13,0.14,0.31,0.97,0.22182,0.2079,0.36909,0.22168,139.0,72.0,193.0,132.0,1,places_top,False
train/00000079/00079395.jpg,92678,0.05,0.04,0.47,0.8,0.36091,0.21091,0.51091,0.63455,101.0,66.0,216.0,219.0,1,places_top,False
train/00000085/00085646.jpg,59265,0.16,0.03,0.46,0.95,0.43318,0.16545,0.61238,0.32182,138.0,91.0,234.0,192.0,1,places_top,False
train/00000016/00016165.jpg,96212,0.59,0.39,0.18,0.6,0.65636,0.51363,0.58364,0.67986,406.0,173.0,446.0,226.0,1,coco_val,False
train/00000019/00019639.jpg,36098,0.0,0.21,0.53,0.79,0.30727,0.4128,0.66909,0.4782,81.0,97.0,227.0,279.0,1,coco_val,False
train/00000013/00013726.jpg,119203,0.65,0.15,0.35,0.35,0.79949,0.24302,0.17295,0.75687,359.0,109.0,426.0,191.0,1,coco,False
train/00000090/00090897.jpg,112581,0.11,0.06,0.32,0.98,0.18182,0.14909,0.26909,0.23134,110.0,41.0,164.0,104.0,1,places_top,False
train/00000118/00118113.jpg,67795,0.32,0.24,0.67,0.83,0.54366,0.37818,0.5194,0.78909,249.0,169.0,340.0,279.0,1,places_top,False
train/00000030/00030107.jpg,91362,0.02,0.22,0.23,0.51,0.18,0.30364,0.21636,0.35545,75.0,104.0,150.0,196.0,1,places_top,False
train/00000022/00022292.jpg,80476,0.06,0.21,0.44,0.79,0.288,0.33291,0.554,0.88734,112.0,84.0,181.0,179.0,1,pascal,False
train/00000044/00044835.jpg,100067,0.24,0.25,0.57,0.77,0.4767,0.34909,0.55241,0.24909,207.0,263.0,263.0,322.0,1,places_top,False
train/00000014/00014560.jpg,3612,0.18,0.06,0.33,0.94,0.41636,0.28199,0.67455,0.43732,172.0,61.0,279.0,183.0,1,coco,False
train/00000089/00089870.jpg,99953,0.03,0.29,0.17,0.71,0.13636,0.37388,0.14,0.42239,58.0,155.0,104.0,207.0,1,places_top,False
train/00000014/00014353.jpg,63373,0.22,0.31,0.4,0.67,0.51455,0.46988,0.58545,0.66428,263.0,134.0,347.0,222.0,1,coco,False
train/00000094/00094514.jpg,76800,0.38,0.15,0.55,0.9,0.50182,0.25875,0.64182,0.51645,350.0,93.0,402.0,160.0,1,places_top,False
train/00000052/00052468.jpg,106711,-0.01,0.24,0.28,0.99,0.18727,0.37727,0.35091,0.62818,77.0,134.0,157.0,231.0,1,places_top,False
train/00000025/00025743.jpg,77521,-0.01,0.3,0.37,0.92,0.087273,0.40481,0.027273,0.38521,36.0,144.0,147.0,256.0,1,places_top,False
train/00000009/00009796.jpg,37444,0.31,0.42,0.21,0.58,0.41273,0.48097,0.64727,0.46737,235.0,184.0,269.0,224.0,1,coco,False
train/00000063/00063252.jpg,113942,-0.01,0.06,0.23,0.96,0.2,0.17296,0.70727,0.62156,81.0,12.0,189.0,142.0,1,places_top,False
train/00000000/00000277.jpg,90112,0.18,0.01,0.81,0.99,0.58524,0.18,0.20776,0.47667,123.0,0.0,187.0,58.0,1,actions,False
train/00000033/00033054.jpg,101078,0.42,0.24,0.49,0.93,0.42727,0.36027,0.34182,0.42301,339.0,165.0,369.0,200.0,1,places_top,False
train/00000086/00086612.jpg,7094,0.0,0.08,0.67,0.98,0.31091,0.32386,0.57273,0.64311,74.0,46.0,304.0,300.0,1,places_top,False
train/00000111/00111544.jpg,48248,0.31,0.14,0.54,0.86,0.42909,0.23273,0.82182,0.22727,280.0,77.0,341.0,156.0,1,places_top,False
train/00000081/00081503.jpg,84166,0.06,0.08,0.27,0.9,0.28909,0.31677,0.31455,0.31677,206.0,132.0,243.0,177.0,1,places_top,True
train/00000079/00079268.jpg,98611,0.26,0.1,0.37,0.65,0.52,0.21364,0.62909,0.48909,362.0,84.0,401.0,131.0,1,places_top,False
train/00000071/00071181.jpg,25350,0.27,0.15,0.42,0.82,0.58,0.16742,0.45818,0.56703,390.0,7.0,486.0,135.0,1,places_top,False
train/00000080/00080422.jpg,118145,0.18,0.04,0.5,0.8,0.39636,0.10949,0.68364,0.5,264.0,14.0,319.0,93.0,1,places_top,False
train/00000082/00082324.jpg,90300,0.04,0.06,0.64,0.99,0.24909,0.12648,0.57455,0.22593,103.0,29.0,181.0,95.0,1,places_top,False
train/00000102/00102874.jpg,59031,0.41,0.22,0.51,0.83,0.53091,0.31082,0.51818,0.96326,344.0,133.0,385.0,186.0,1,places_top,False
train/00000063/00063159.jpg,70942,0.1,0.25,0.57,0.9,0.34491,0.31455,0.62875,0.45818,112.0,207.0,193.0,299.0,1,places_top,False
train/00000008/00008854.jpg,79084,0.16,0.36,0.18,0.64,0.24727,0.45394,0.085455,0.47091,141.0,176.0,220.0,263.0,1,coco,False
train/00000003/00003709.jpg,79299,0.01,0.04,0.82,0.96,0.46333,0.21795,0.26,0.45897,113.0,17.0,188.0,120.0,1,actions,False
train/00000108/00108179.jpg,102419,0.04,0.0,0.21,1.04,0.18364,0.093636,0.44182,0.23273,100.0,14.0,158.0,89.0,1,places_top,False
train/00000040/00040370.jpg,11923,0.27,0.16,0.57,0.9,0.44364,0.36175,0.52364,0.56791,237.0,120.0,332.0,243.0,1,places_top,False
train/00000009/00009452.jpg,53217,0.27,0.23,0.4,0.46,0.56283,0.31273,0.82778,0.26909,210.0,173.0,246.0,220.0,1,coco,False
train/00000076/00076596.jpg,45958,0.1,0.18,0.32,1.05,0.17273,0.27444,0.74909,0.35205,79.0,107.0,143.0,177.0,1,places_top,False
train/00000074/00074966.jpg,68177,0.24,0.17,0.44,0.97,0.34727,0.24224,0.53395,0.30138,302.0,82.0,364.0,162.0,1,places_top,False
train/00000061/00061483.jpg,89259,0.04,0.3,0.41,0.84,0.17527,0.33287,0.91345,0.41448,70.0,136.0,139.0,214.0,1,places_top,False
train/00000019/00019361.jpg,114444,0.06,0.2,0.35,0.78,0.36364,0.34394,0.78182,0.62595,140.0,84.0,238.0,198.0,1,coco_val,False
train/00000020/00020938.jpg,4287,0.15,0.59,0.31,0.41,0.326,0.72222,0.384,0.5,111.0,200.0,211.0,319.0,1,pascal,False
train/00000016/00016507.jpg,123694,0.62,0.0,0.38,1.0,0.948,0.097333,0.336,0.252,458.0,0.0,500.0,107.0,1,coco_val,False
train/00000027/00027922.jpg,92026,0.03,0.31,0.16,0.63,0.10182,0.40156,0.18727,0.56016,42.0,168.0,94.0,234.0,1,places_top,False
train/00000018/00018012.jpg,71092,0.69,0.21,0.13,0.52,0.72182,0.26242,0.44182,0.52909,465.0,102.0,497.0,140.0,1,coco_val,False
train/00000115/00115890.jpg,125232,0.05,0.24,0.59,0.74,0.46114,0.34182,0.59716,0.77455,178.0,221.0,269.0,338.0,1,places_top,False
train/00000017/00017530.jpg,30445,0.66,0.43,0.34,0.57,0.74545,0.55442,0.32727,0.18901,469.0,194.0,534.0,278.0,1,coco_val,False
train/00000023/00023922.jpg,70878,0.1,0.43,0.49,0.57,0.392,0.54775,0.12,0.59019,190.0,160.0,276.0,253.0,1,pascal,False
train/00000034/00034606.jpg,103163,0.04,0.02,0.21,0.86,0.15091,0.099091,0.72,0.23545,71.0,45.0,138.0,112.0,1,places_top,False
train/00000030/00030397.jpg,20698,0.03,0.33,0.83,0.73,0.42182,0.36896,0.71091,0.52402,140.0,115.0,266.0,266.0,1,places_top,False
train/00000005/00005499.jpg,64506,0.0,0.22,0.28,0.56,0.22182,0.44182,0.41455,0.56364,10.0,143.0,186.0,386.0,1,coco,False
train/00000070/00070138.jpg,80939,0.0,0.16,0.48,0.99,0.29273,0.39991,0.16909,0.9828,173.0,87.0,323.0,291.0,1,places_top,False
train/00000063/00063222.jpg,56483,0.03,0.09,0.31,0.78,0.29091,0.19682,0.62364,0.83228,138.0,51.0,211.0,149.0,1,places_top,False
train/00000018/00018840.jpg,66989,0.0,0.0,0.99,0.98,0.46121,0.22909,0.48545,0.46545,79.0,1.0,347.0,261.0,1,coco_val,False
train/00000012/00012476.jpg,33379,0.24,0.74,0.28,0.24,0.50291,0.90894,0.62109,0.64336,241.0,316.0,339.0,425.0,1,coco,False
train/00000115/00115998.jpg,18097,0.45,0.17,0.65,0.41,0.56306,0.24727,0.4903,0.37818,281.0,142.0,310.0,175.0,1,places_top,False
train/00000009/00009135.jpg,10105,0.0,0.36,0.25,0.64,0.014545,0.41599,0.2,0.61201,4.0,113.0,45.0,212.0,1,coco,True
train/00000113/00113451.jpg,49503,0.06,0.23,0.26,0.78,0.1606,0.28847,0.23818,0.30301,104.0,124.0,139.0,170.0,1,places_top,False
train/00000012/00012588.jpg,123259,0.0,0.01,0.48,0.65,0.24,0.058788,0.53091,0.70606,45.0,0.0,189.0,102.0,1,coco,False
train/00000074/00074839.jpg,11266,0.34,0.19,0.56,0.77,0.45636,0.23818,0.30364,0.57091,210.0,148.0,253.0,188.0,1,places_top,False
train/00000115/00115156.jpg,104280,0.03,0.06,0.41,0.66,0.33364,0.41091,0.68545,0.45818,163.0,309.0,175.0,322.0,1,places_top,False
train/00000006/00006632.jpg,87220,0.01,0.15,0.48,0.84,0.40364,0.37636,0.68364,0.48303,102.0,75.0,267.0,266.0,1,coco,False
train/00000095/00095593.jpg,75885,0.18,0.03,0.33,0.57,0.22182,0.093956,0.60364,0.50229,123.0,26.0,156.0,66.0,1,places_top,False
train/00000112/00112497.jpg,13498,0.27,0.24,0.98,0.89,0.62364,0.32818,0.45636,0.88727,444.0,72.0,565.0,237.0,1,places_top,False
train/00000071/00071203.jpg,49964,0.17,0.32,0.31,0.65,0.24364,0.35,0.19273,0.46727,182.0,161.0,208.0,190.0,1,places_top,False
train/00000099/00099690.jpg,62662,0.06,0.04,0.53,0.88,0.36727,0.1628,0.46182,0.85913,187.0,0.0,343.0,165.0,1,places_top,False
train/00000083/00083170.jpg,19423,0.37,0.09,0.67,0.79,0.61273,0.15389,0.72,0.58653,445.0,54.0,495.0,106.0,1,places_top,False
train/00000023/00023063.jpg,90085,0.21,0.1,0.24,0.7,0.342,0.31867,0.43,0.364,138.0,42.0,223.0,165.0,1,pascal,False
train/00000107/00107885.jpg,29785,0.35,0.03,0.48,0.95,0.39091,0.19182,0.94,0.88182,259.0,51.0,316.0,126.0,1,places_top,False
train/00000020/00020832.jpg,4752,0.08,0.23,0.89,0.77,0.776,0.38533,0.568,0.41467,366.0,88.0,460.0,197.0,1,pascal,False
train/00000015/00015231.jpg,81845,0.28,0.24,0.29,0.44,0.41818,0.27445,0.59091,0.14886,246.0,112.0,274.0,142.0,1,coco_val,False
train/00000079/00079082.jpg,60621,-0.01,0.04,0.36,1.0,0.17091,0.16042,0.37091,0.3207,25.0,0.0,158.0,141.0,1,places_top,False
train/00000015/00015606.jpg,117636,0.03,0.06,0.43,0.94,0.23818,0.2301,0.38727,0.5713,48.0,27.0,158.0,158.0,1,coco_val,False
train/00000068/00068948.jpg,86503,0.19,0.04,0.51,1.03,0.38281,0.16412,0.66211,0.16031,159.0,49.0,220.0,118.0,1,places_top,False
train/00000092/00092314.jpg,35644,0.16,0.34,0.39,0.63,0.26818,0.38909,0.030909,0.65273,123.0,259.0,167.0,322.0,1,places_top,False
train/00000087/00087929.jpg,28400,0.44,0.23,0.61,0.97,0.47273,0.385,0.16727,0.73489,310.0,125.0,413.0,259.0,1,places_top,False
train/00000043/00043647.jpg,77615,0.02,0.37,0.4,0.84,0.28171,0.48364,0.50243,0.36182,74.0,279.0,172.0,390.0,1,places_top,False
train/00000119/00119013.jpg,44113,0.01,0.47,0.27,0.53,0.17818,0.54364,0.25455,0.48545,67.0,228.0,124.0,289.0,1,sun,False
train/00000092/00092010.jpg,71464,0.16,0.03,0.6,0.88,0.47273,0.15273,0.74,0.55091,190.0,68.0,261.0,152.0,1,places_top,False
train/00000043/00043896.jpg,37226,0.35,0.23,0.5,0.67,0.40545,0.33515,0.75273,0.84909,255.0,137.0,305.0,202.0,1,places_top,False
train/00000101/00101961.jpg,55224,0.01,0.08,0.21,1.08,0.11273,0.14545,0.82364,0.36091,45.0,42.0,102.0,110.0,1,places_top,False
train/00000098/00098828.jpg,71108,0.27,0.0,0.74,0.99,0.45455,0.18049,0.12909,0.77581,319.0,10.0,437.0,176.0,1,places_top,False
train/00000085/00085544.jpg,74434,0.23,0.18,0.76,0.94,0.55636,0.34374,0.61818,0.84817,329.0,92.0,447.0,251.0,1,places_top,False
train/00000031/00031182.jpg,23496,0.24,0.18,0.62,0.95,0.75273,0.29869,0.39636,0.27929,491.0,114.0,574.0,211.0,1,places_top,False
train/00000048/00048364.jpg,104441,0.0,0.02,0.18,0.99,0.14545,0.082727,0.44545,0.66364,52.0,0.0,129.0,77.0,1,places_top,False
train/00000001/00001770.jpg,48779,0.41,0.1,0.47,0.9,0.46909,0.33171,0.43818,0.78156,307.0,45.0,407.0,172.0,1,actions,False
train/00000114/00114907.jpg,68426,0.01,0.2,0.37,0.96,0.29455,0.42081,0.45273,0.46177,148.0,126.0,244.0,258.0,1,places_top,False
train/00000084/00084253.jpg,117296,0.02,-0.01,0.65,1.03,0.52182,0.14273,0.91818,0.49455,258.0,0.0,465.0,203.0,1,places_top,False
train/00000034/00034864.jpg,48360,0.24,0.27,0.8,0.65,0.40545,0.30554,0.40545,0.30554,280.0,123.0,318.0,172.0,1,places_top,False
train/00000032/00032921.jpg,3905,0.14,0.35,0.35,0.99,0.41636,0.55787,0.26364,0.52893,279.0,275.0,291.0,288.0,1,places_top,False
train/00000102/00102630.jpg,15435,0.16,0.26,0.27,0.67,0.35018,0.60808,0.52473,0.37766,122.0,147.0,143.0,174.0,1,places_top,False
train/00000080/00080691.jpg,13558,0.45,0.22,0.55,0.76,0.64727,0.41083,0.71091,0.65753,505.0,175.0,554.0,237.0,1,places_top,False
train/00000086/00086194.jpg,12320,-0.02,0.09,0.58,0.97,0.40727,0.36091,0.64,0.43727,127.0,59.0,348.0,318.0,1,places_top,False
train/00000060/00060827.jpg,17434,0.34,0.3,0.58,0.87,0.44502,0.41013,0.33229,0.81498,218.0,263.0,261.0,308.0,1,places_top,False
train/00000060/00060372.jpg,67589,0.13,0.07,0.49,0.72,0.36,0.19455,0.53273,0.53273,232.0,28.0,312.0,131.0,1,places_top,False
train/00000052/00052221.jpg,47606,-0.01,0.05,0.52,0.93,0.27273,0.32798,0.93636,0.95958,95.0,61.0,228.0,231.0,1,places_top,False
train/00000000/00000365.jpg,67204,0.56,0.14,0.2,0.69,0.61667,0.21,0.26,0.9,116.0,27.0,134.0,50.0,1,actions,False
train/00000116/00116914.jpg,34314,0.16,0.09,0.31,0.5,0.23062,0.20057,0.22577,0.5466,137.0,67.0,167.0,106.0,1,places_top,False
train/00000103/00103437.jpg,6582,0.35,0.31,0.49,0.64,0.42344,0.33091,0.42344,0.33091,200.0,241.0,226.0,268.0,1,places_top,False
train/00000038/00038160.jpg,89077,0.06,0.27,0.62,0.63,0.36788,0.32,0.89882,0.87818,132.0,148.0,215.0,250.0,1,places_top,False
train/00000103/00103230.jpg,21790,0.35,-0.01,0.71,0.82,0.66636,0.35818,0.26273,0.81091,305.0,183.0,430.0,340.0,1,places_top,False
train/00000099/00099306.jpg,56972,-0.01,0.04,0.28,0.73,0.17447,0.13582,0.2474,0.28164,39.0,22.0,96.0,100.0,1,places_top,False
train/00000052/00052826.jpg,73207,0.15,0.06,0.42,0.99,0.32364,0.23,0.41091,0.42364,196.0,67.0,263.0,152.0,1,places_top,False
train/00000016/00016727.jpg,38026,0.65,0.45,0.17,0.4,0.66,0.50545,0.44727,0.90877,422.0,190.0,469.0,243.0,1,coco_val,False
train/00000054/00054897.jpg,79576,0.09,0.26,0.39,0.99,0.32,0.39813,0.53455,0.58246,149.0,138.0,228.0,239.0,1,places_top,False
train/00000112/00112846.jpg,31900,0.3,0.23,0.77,0.81,0.46909,0.32523,0.33818,0.62016,335.0,128.0,385.0,191.0,1,places_top,False
train/00000025/00025354.jpg,14035,0.3,0.18,0.37,0.92,0.35091,0.33616,0.61091,0.26951,166.0,88.0,299.0,253.0,1,places_top,False
train/00000021/00021312.jpg,16795,0.0,0.11,0.28,0.89,0.23176,0.34387,0.70776,0.41595,24.0,37.0,132.0,153.0,1,pascal,False
train/00000056/00056210.jpg,28792,0.36,0.18,0.67,0.9,0.5,0.37148,0.48545,0.7543,352.0,118.0,442.0,242.0,1,places_top,False
train/00000058/00058536.jpg,48027,0.17,0.24,0.35,0.47,0.24727,0.30586,0.28545,0.44258,169.0,117.0,218.0,183.0,1,places_top,False
train/00000013/00013336.jpg,61277,0.21,0.0,0.56,0.45,0.42607,0.032727,0.25358,0.36364,156.0,0.0,262.0,103.0,1,coco,False
train/00000001/00001999.jpg,70512,0.43,0.22,0.57,0.67,0.55,0.35965,0.646,0.85867,245.0,118.0,322.0,225.0,1,actions,False
train/00000039/00039983.jpg,4663,0.16,0.21,0.85,1.02,0.32364,0.53638,0.0054545,0.37145,188.0,175.0,366.0,367.0,1,places_top,False
train/00000107/00107702.jpg,47120,0.09,0.16,0.88,1.01,0.34877,0.30545,0.34581,0.11636,163.84,245.49,221.184,308.95000000000005,1,places_top,True
train/00000015/00015417.jpg,121838,0.65,0.01,0.22,0.84,0.68909,0.1,0.46364,0.82727,421.0,3.0,471.0,71.0,1,coco_val,False
train/00000033/00033478.jpg,91808,0.0,0.08,0.33,0.73,0.16727,0.17742,0.27636,0.25018,71.0,59.0,122.0,112.0,1,places_top,False
train/00000029/00029858.jpg,113485,0.0,0.06,0.25,1.08,0.10708,0.18909,0.53638,0.14,1.0,102.0,64.0,175.0,1,places_top,False
train/00000047/00047362.jpg,19096,0.21,0.09,0.86,1.0,0.53818,0.25327,0.80545,0.18473,370.0,83.0,451.0,165.0,1,places_top,False
train/00000047/00047261.jpg,87526,0.21,0.25,0.48,0.86,0.32182,0.36488,0.50909,0.52432,175.0,130.0,292.0,263.0,1,places_top,False
train/00000069/00069378.jpg,5908,0.2,0.26,0.57,0.93,0.46162,0.36,0.36841,0.43273,227.0,237.0,296.0,316.0,1,places_top,False
train/00000115/00115934.jpg,79099,0.13,0.3,0.35,0.64,0.40739,0.41636,0.39649,0.68364,199.0,288.0,224.0,315.0,1,places_top,False
train/00000001/00001408.jpg,122438,0.35,0.01,0.65,0.99,0.62,0.29667,0.4775,0.74333,230.0,65.0,269.0,116.0,1,actions,False
train/00000069/00069738.jpg,104220,0.3,0.11,0.46,0.88,0.38727,0.26094,0.64364,0.2392,278.0,93.0,318.0,143.0,1,places_top,False
train/00000016/00016779.jpg,74103,0.17,0.09,0.51,0.9,0.46909,0.31656,0.65818,0.64511,160.0,39.0,312.0,200.0,1,coco_val,False
train/00000079/00079730.jpg,60455,0.33,0.14,0.68,0.65,0.52182,0.26716,0.48909,0.64067,318.0,45.0,412.0,177.0,1,places_top,False
train/00000079/00079850.jpg,8083,0.33,0.34,0.51,0.71,0.44364,0.41268,0.78545,0.39813,250.0,170.0,303.0,230.0,1,places_top,False
train/00000003/00003810.jpg,83733,0.0,0.01,0.79,0.99,0.40889,0.18333,0.73333,0.88667,69.0,0.0,208.0,134.0,1,actions,False
train/00000106/00106778.jpg,13,0.08,0.15,0.4,0.84,0.39455,0.26641,0.46545,0.78686,191.0,86.0,249.0,164.0,1,places_top,False
train/00000048/00048053.jpg,65211,0.12,0.08,0.54,0.99,0.51636,0.16101,0.31636,0.22514,309.0,7.0,389.0,109.0,1,places_top,False
train/00000080/00080408.jpg,115346,0.0,0.26,0.16,0.82,0.074545,0.33178,0.70909,0.21531,49.0,138.0,81.0,179.0,1,places_top,False
train/00000107/00107767.jpg,84164,0.03,0.14,0.24,0.98,0.19091,0.31133,0.49636,0.36055,113.0,128.0,155.0,174.0,1,places_top,False
train/00000046/00046234.jpg,114120,0.41,-0.02,0.61,0.96,0.64182,0.63909,0.50727,0.51636,455.0,262.0,536.0,349.0,1,places_top,False
train/00000070/00070548.jpg,32892,0.08,0.08,0.28,0.77,0.19091,0.14018,0.31273,0.36692,100.0,34.0,152.0,103.0,1,places_top,False
train/00000004/00004734.jpg,69744,0.23,0.01,0.77,0.96,0.4525,0.42,0.34,0.76333,125.8,88.4,225.2,176.6,1,actions,True
train/00000077/00077950.jpg,18102,0.22,0.11,0.51,0.99,0.37091,0.20652,0.52727,0.39813,212.0,69.0,272.0,151.0,1,places_top,False
train/00000118/00118249.jpg,101244,0.4,0.02,0.62,0.51,0.71091,0.37388,0.68909,0.72071,463.0,103.0,546.0,208.0,1,places_top,False
train/00000003/00003596.jpg,76694,0.37,0.31,0.26,0.6,0.51774,0.41333,0.49335,0.46667,224.0,102.0,261.0,153.0,1,actions,False
train/00000066/00066898.jpg,4571,0.14,0.0,0.43,0.66,0.31676,0.10849,0.49435,0.51555,150.0,0.0,226.0,93.0,1,places_top,False
train/00000000/00000536.jpg,19629,0.41,0.21,0.41,0.71,0.66667,0.30266,0.47333,0.29823,193.0,123.0,228.0,157.0,1,actions,False
train/00000092/00092078.jpg,103366,0.04,0.24,0.95,0.89,0.30545,0.35273,0.73273,0.41,161.0,122.0,241.0,216.0,1,places_top,False
train/00000054/00054094.jpg,45144,0.0,0.05,0.25,0.97,0.22364,0.53818,0.14182,0.47,164.0,136.0,342.0,371.0,1,places_top,False
train/00000095/00095719.jpg,72812,0.17,-0.04,0.34,0.62,0.26545,0.024616,0.57091,0.29626,145.0,0.0,184.0,35.0,1,places_top,False
train/00000091/00091058.jpg,46285,0.36,0.06,0.52,0.9,0.45455,0.19682,0.24909,0.42724,284.0,60.0,347.0,139.0,1,places_top,False
train/00000106/00106042.jpg,38194,0.08,0.0,0.23,0.34,0.23818,0.27201,0.60909,0.69161,133.0,113.0,185.0,173.0,1,places_top,False
train/00000000/00000149.jpg,27897,0.04,0.1,0.41,0.9,0.32222,0.2925,0.63778,0.4325,36.0,43.0,156.0,171.0,1,actions,False
train/00000107/00107696.jpg,57911,0.43,0.1,0.56,0.88,0.68,0.30364,0.43636,0.80545,497.0,107.0,543.0,170.0,1,places_top,False
train/00000056/00056887.jpg,23557,0.01,0.14,0.39,0.88,0.28,0.26335,0.77273,0.23614,126.0,63.0,249.0,215.0,1,places_top,False
train/00000085/00085179.jpg,6033,0.41,0.16,0.6,0.48,0.70545,0.20273,0.66545,0.75636,495.0,40.0,571.0,147.0,1,places_top,False
train/00000106/00106159.jpg,94451,0.3,0.08,0.57,1.05,0.54182,0.17539,0.79636,0.30148,349.0,37.0,431.0,129.0,1,places_top,False
train/00000030/00030412.jpg,111175,0.0,0.09,0.41,1.0,0.24182,0.34409,0.53455,0.57065,36.0,95.0,176.0,244.0,1,places_top,False
train/00000014/00014200.jpg,109624,0.07,0.32,0.31,0.42,0.27926,0.42182,0.32832,0.56909,98.0,231.0,150.0,291.0,1,coco,False
train/00000023/00023655.jpg,8637,0.05,0.01,0.89,0.98,0.50601,0.204,0.68619,0.646,87.0,10.0,214.0,183.0,1,pascal,False
train/00000021/00021390.jpg,60133,0.0,0.37,0.11,0.63,0.02,0.46108,0.482,0.49102,0.0,125.0,13.0,176.0,1,pascal,False
train/00000113/00113045.jpg,98641,0.13,0.08,0.42,0.66,0.30364,0.12909,0.50545,0.37455,132.0,62.0,187.0,133.0,1,places_top,False
train/00000086/00086786.jpg,56380,0.03,0.04,0.72,0.59,0.50705,0.19091,0.83147,0.42182,155.0,19.0,295.0,196.0,1,places_top,False
train/00000014/00014118.jpg,71864,0.12,0.31,0.16,0.44,0.20727,0.35939,0.4,0.43939,115.0,145.0,153.0,192.0,1,coco,False
train/00000039/00039522.jpg,78376,0.22,0.07,0.57,0.97,0.62786,0.094545,0.46239,0.15091,292.0,28.0,382.0,119.0,1,places_top,False
train/00000070/00070971.jpg,55155,0.06,0.25,0.56,1.0,0.29091,0.44179,0.52,0.34235,115.0,142.0,265.0,304.0,1,places_top,False
train/00000001/00001920.jpg,13609,0.0,0.02,0.64,0.96,0.4175,0.28,0.5775,0.67,115.0,8.0,193.0,99.0,1,actions,False
train/00000049/00049152.jpg,88782,0.03,0.08,0.51,0.54,0.28182,0.24,0.74273,0.40727,77.0,136.0,176.0,240.0,1,places_top,False
train/00000009/00009725.jpg,89205,0.0,0.14,0.21,0.84,0.10292,0.51645,0.28292,0.80979,2.0,107.0,86.0,226.0,1,coco,False
train/00000028/00028066.jpg,66910,0.31,0.19,0.4,0.8,0.37455,0.24636,0.44545,0.23,253.0,101.0,294.0,147.0,1,places_top,False
train/00000093/00093698.jpg,50491,0.17,0.22,0.36,0.82,0.24727,0.26939,0.22364,0.34264,168.0,106.0,217.0,163.0,1,places_top,False
train/00000098/00098342.jpg,42375,0.01,0.07,0.36,0.76,0.19922,0.23218,0.81445,0.24181,16.0,48.0,119.0,179.0,1,places_top,False
train/00000038/00038849.jpg,50528,0.16,0.12,0.7,0.94,0.41046,0.23091,0.47161,0.23091,180.0,111.0,229.0,169.0,1,places_top,False
train/00000010/00010303.jpg,68534,0.3,0.38,0.27,0.57,0.41818,0.44662,0.75091,0.39324,222.0,170.0,281.0,222.0,1,coco,False
train/00000035/00035385.jpg,6661,0.08,0.09,0.68,0.71,0.37727,0.22364,0.24636,0.15818,164.0,114.0,239.0,202.0,1,places_top,False
train/00000080/00080079.jpg,77527,0.01,0.15,0.25,0.99,0.16727,0.41,0.71091,0.77818,2.0,104.0,164.0,304.0,1,places_top,False
train/00000107/00107758.jpg,48419,0.3,0.05,0.4,0.58,0.62545,0.59333,0.56909,0.7686,367.0,247.0,424.0,318.0,1,places_top,False
train/00000002/00002831.jpg,95345,0.04,0.11,0.81,0.65,0.65667,0.27,0.58333,0.6425,147.0,50.0,247.0,171.0,1,actions,False
train/00000007/00007079.jpg,30903,0.02,0.26,0.16,0.73,0.13,0.31867,0.966,0.364,31.0,97.0,68.0,139.0,1,coco,False
train/00000015/00015769.jpg,79816,0.13,0.12,0.27,0.53,0.23455,0.22397,0.26727,0.62448,129.0,60.0,164.0,100.0,1,coco_val,False
train/00000061/00061032.jpg,40215,0.36,0.03,0.66,1.02,0.61328,0.070312,0.68164,0.53125,264.0,0.0,313.0,55.0,1,places_top,False
train/00000049/00049362.jpg,10922,0.01,0.06,0.22,0.51,0.08,0.11436,0.52909,0.065849,30.0,34.0,62.0,70.0,1,places_top,False
train/00000060/00060013.jpg,113308,0.06,0.16,0.56,1.11,0.416,0.26851,0.65055,0.35624,229.0,62.0,337.0,191.0,1,places_top,False
train/00000091/00091336.jpg,41337,0.14,0.33,0.31,0.72,0.41455,0.42314,0.45091,0.4451,300.0,202.0,329.0,232.0,1,places_top,False
train/00000114/00114506.jpg,44979,0.05,0.06,0.2,0.75,0.18,0.1628,0.36727,0.25601,102.0,36.0,145.0,92.0,1,places_top,False
train/00000109/00109630.jpg,100803,0.32,0.12,0.88,1.0,0.65765,0.36545,0.097379,0.78909,268.0,118.0,453.0,340.0,1,places_top,False
train/00000051/00051563.jpg,63874,0.04,0.23,0.35,0.66,0.27566,0.29557,0.50254,0.32422,92.0,115.0,149.0,185.0,1,places_top,False
train/00000081/00081910.jpg,9162,0.36,0.25,0.66,0.73,0.58,0.29141,0.54727,0.45634,382.0,122.0,414.0,160.0,1,places_top,False
train/00000000/00000888.jpg,41302,0.0,0.13,0.52,0.87,0.25708,0.38,0.64858,0.7,47.0,42.0,129.0,132.0,1,actions,False
train/00000020/00020822.jpg,5055,0.44,0.24,0.31,0.34,0.674,0.30267,0.592,0.36667,328.0,90.0,368.0,132.0,1,pascal,False
train/00000037/00037677.jpg,36751,0.04,0.16,0.95,0.8,0.68116,0.24727,0.42559,0.63636,284.0,105.0,467.0,337.0,1,places_top,False
train/00000053/00053276.jpg,80934,0.02,0.03,0.57,0.99,0.37818,0.35426,0.60364,0.65114,170.0,57.0,318.0,241.0,1,places_top,False
train/00000074/00074041.jpg,59430,0.43,0.17,0.7,0.75,0.52909,0.26818,0.16727,0.71,375.0,102.0,418.0,153.0,1,places_top,False
train/00000102/00102376.jpg,29157,0.21,0.15,0.47,0.8,0.51273,0.29773,0.61091,0.69459,337.0,94.0,402.0,172.0,1,places_top,False
train/00000035/00035289.jpg,100977,0.09,0.11,0.6,0.97,0.38962,0.2,0.56227,0.20364,141.0,113.0,228.0,209.0,1,places_top,False
train/00000101/00101530.jpg,67593,0.36,0.14,0.57,0.64,0.43636,0.2138,0.42727,0.66493,282.0,64.0,333.0,133.0,1,places_top,False
train/00000046/00046292.jpg,56231,0.28,0.06,0.81,1.01,0.59273,0.28983,0.31273,0.31859,349.0,66.0,502.0,217.0,1,places_top,False
train/00000005/00005615.jpg,110855,0.36,0.16,0.26,0.58,0.51636,0.24205,0.63273,0.1532,282.0,76.0,330.0,135.0,1,coco,False
train/00000114/00114213.jpg,121975,0.04,0.12,0.42,0.86,0.32,0.22909,0.37455,0.99636,118.0,105.0,193.0,207.0,1,places_top,False
train/00000090/00090199.jpg,77628,0.38,0.25,0.53,0.72,0.43091,0.3375,0.10727,0.29384,281.0,159.0,305.0,187.0,1,places_top,False
train/00000032/00032340.jpg,97726,0.02,0.01,0.53,0.76,0.38605,0.17303,0.45395,0.60202,176.0,0.0,288.0,131.0,1,places_top,False
train/00000080/00080027.jpg,112807,0.05,0.04,0.42,1.02,0.45631,0.23442,0.58739,0.47927,183.0,46.0,326.0,240.0,1,places_top,False
train/00000040/00040990.jpg,99464,0.1,0.28,0.42,0.91,0.33091,0.42261,0.51636,0.70487,117.0,133.0,238.0,280.0,1,places_top,False
train/00000106/00106681.jpg,117571,0.09,0.06,0.22,0.93,0.19273,0.20366,0.17091,0.78074,114.0,83.0,155.0,140.0,1,places_top,False
train/00000108/00108192.jpg,6893,0.45,0.0,0.57,0.63,0.548,0.14967,0.57527,0.67599,356.0,59.0,381.0,93.0,1,places_top,False
train/00000008/00008543.jpg,114263,0.46,0.41,0.3,0.33,0.51697,0.48,0.5097,0.79091,227.0,275.0,268.0,321.0,1,coco,False
train/00000030/00030554.jpg,48278,0.01,0.3,0.34,0.87,0.26,0.37388,0.22182,0.41026,156.0,167.0,200.0,215.0,1,places_top,False
train/00000036/00036836.jpg,9447,0.18,0.24,0.69,0.72,0.42,0.26716,0.47818,0.73527,245.0,75.0,320.0,184.0,1,places_top,False
train/00000067/00067456.jpg,32920,0.35,0.2,0.62,0.94,0.44509,0.30491,0.47964,0.42732,322.0,131.0,349.0,163.0,1,places_top,False
train/00000007/00007989.jpg,110205,0.14,0.2,0.74,0.8,0.61564,0.48241,0.46109,0.36222,361.0,174.0,540.0,335.0,1,coco,False
train/00000062/00062692.jpg,71144,0.4,0.05,0.65,0.58,0.52364,0.19727,0.43455,0.48636,366.0,31.0,448.0,150.0,1,places_top,False
train/00000057/00057232.jpg,3560,0.01,0.02,0.39,0.98,0.19455,0.28706,0.35273,0.75388,77.0,38.0,202.0,209.0,1,places_top,False
train/00000023/00023864.jpg,12569,0.04,0.52,0.21,0.48,0.134,0.596,0.096,0.676,62.0,198.0,100.0,243.0,1,pascal,False
train/00000093/00093655.jpg,6840,0.03,0.2,0.66,0.69,0.18727,0.2756,0.19455,0.81768,100.0,50.0,208.0,202.0,1,places_top,False
train/00000043/00043914.jpg,7970,0.01,0.03,0.29,0.96,0.24545,0.3143,0.27455,0.64746,20.0,0.0,206.0,249.0,1,places_top,False
train/00000014/00014030.jpg,43856,0.01,0.15,0.55,0.77,0.322,0.21458,0.892,0.53491,116.0,71.0,170.0,124.0,1,coco,False
train/00000045/00045746.jpg,28648,0.14,0.22,0.51,1.0,0.43727,0.40545,0.34727,0.28545,197.0,296.0,244.0,347.0,1,places_top,False
train/00000010/00010648.jpg,81819,0.64,0.39,0.36,0.34,0.89335,0.47639,0.6188,0.68972,559.0,191.0,626.0,261.0,1,coco,False
train/00000040/00040186.jpg,28497,-0.01,0.05,0.24,0.53,0.12727,0.12406,0.15818,0.51698,44.0,6.0,106.0,96.0,1,places_top,False
train/00000013/00013913.jpg,115437,0.38,0.1,0.54,0.89,0.62182,0.27697,0.35818,0.51697,355.0,54.0,500.0,212.0,1,coco,False
train/00000043/00043353.jpg,98045,0.14,0.2,0.3,0.99,0.16909,0.29384,0.62,0.41026,87.0,108.0,144.0,180.0,1,places_top,False
train/00000003/00003299.jpg,18673,0.11,0.25,0.45,0.64,0.40667,0.35,0.87333,0.7425,93.0,104.0,131.0,152.0,1,actions,False
train/00000031/00031650.jpg,48012,0.0,0.05,0.42,0.96,0.18364,0.14,0.91091,0.42636,72.0,23.0,167.0,143.0,1,places_top,False
train/00000018/00018390.jpg,99691,0.22,0.26,0.22,0.71,0.33455,0.36909,0.31818,0.54606,185.0,127.0,235.0,194.0,1,coco_val,False
train/00000099/00099350.jpg,101615,0.13,0.33,0.26,0.86,0.14182,0.43455,0.14,0.51364,95.0,187.0,157.0,254.0,1,places_top,False
train/00000030/00030011.jpg,69735,0.07,0.03,0.2,0.76,0.12075,0.14127,0.049836,0.23523,58.0,27.0,109.0,90.0,1,places_top,False
train/00000022/00022560.jpg,29325,0.84,0.56,0.13,0.42,0.916,0.59639,0.698,0.55723,449.0,184.0,467.0,205.0,1,pascal,False
train/00000096/00096994.jpg,79780,0.12,0.11,0.53,0.98,0.50909,0.52212,0.50909,0.85141,304.0,173.0,394.0,273.0,1,places_top,False
train/00000028/00028322.jpg,102097,0.35,0.06,0.52,1.04,0.44364,0.24636,0.60909,0.40182,280.0,65.0,360.0,168.0,1,places_top,False
train/00000032/00032943.jpg,83971,0.45,0.02,0.55,0.79,0.82182,0.10676,0.50364,0.48635,620.0,28.0,657.0,75.0,1,places_top,False
train/00000094/00094837.jpg,107615,0.12,0.0,0.38,0.73,0.27818,0.13812,0.35818,0.34648,179.0,23.0,235.0,96.0,1,places_top,False
train/00000097/00097199.jpg,27574,0.31,0.31,0.47,0.57,0.36909,0.32779,0.68909,0.43936,213.0,143.0,265.0,206.0,1,places_top,False
train/00000009/00009334.jpg,72541,0.48,0.39,0.19,0.61,0.6,0.5,0.31818,0.22121,366.0,199.0,426.0,279.0,1,coco,False
train/00000110/00110658.jpg,19223,0.17,0.16,0.47,0.69,0.21091,0.29273,0.13818,0.40182,126.0,96.0,191.0,176.0,1,places_top,False
train/00000014/00014054.jpg,6274,0.13,0.29,0.75,0.7,0.58428,0.56,0.58156,0.56,144.0,196.0,321.0,416.0,1,coco,False
train/00000090/00090681.jpg,45274,0.1,0.13,0.21,0.61,0.16909,0.17647,0.41818,0.58271,88.0,77.0,122.0,122.0,1,places_top,False
train/00000084/00084783.jpg,20756,0.15,0.14,0.57,0.99,0.54909,0.25295,0.67636,0.95293,334.0,4.0,466.0,166.0,1,places_top,False
train/00000013/00013329.jpg,78125,0.43,0.51,0.21,0.47,0.50909,0.5545,0.44545,0.38009,320.0,220.0,364.0,269.0,1,coco,False
train/00000035/00035368.jpg,44387,0.19,0.07,0.4,0.82,0.30727,0.22727,0.37455,0.39909,203.0,71.0,258.0,146.0,1,places_top,False
train/00000087/00087493.jpg,32268,0.01,-0.02,0.41,0.83,0.29871,0.14385,0.37435,0.81909,26.0,0.0,263.0,127.0,1,places_top,False
train/00000094/00094221.jpg,112220,0.31,0.1,0.57,0.71,0.40727,0.19455,0.38727,0.27636,291.0,65.0,337.0,122.0,1,places_top,False
train/00000099/00099980.jpg,75671,0.24,0.24,0.33,0.78,0.5,0.50219,0.53455,0.63607,292.0,228.0,327.0,268.0,1,places_top,False
train/00000084/00084818.jpg,83487,0.4,0.13,0.6,0.79,0.54318,0.25667,0.92427,0.30249,375.0,95.0,430.0,165.0,1,places_top,False
train/00000118/00118855.jpg,62881,0.75,0.45,0.15,0.49,0.82,0.4903,0.9,0.59697,842.0,362.0,886.0,410.0,1,sun,False
train/00000043/00043561.jpg,20917,0.1,0.16,0.38,1.03,0.28153,0.25801,0.5991,0.32269,108.0,78.0,202.0,177.0,1,places_top,False
train/00000103/00103980.jpg,41121,0.35,0.16,0.48,0.84,0.44364,0.26545,0.31455,0.46455,326.0,100.0,380.0,168.0,1,places_top,False
train/00000049/00049393.jpg,120402,0.04,0.05,0.2,0.7,0.14727,0.16914,0.62,0.53281,67.0,47.0,121.0,113.0,1,places_top,False
train/00000063/00063552.jpg,51754,0.12,0.12,0.22,0.51,0.19273,0.18909,0.25636,0.50273,135.0,71.0,164.0,106.0,1,places_top,False
train/00000081/00081425.jpg,41820,0.15,0.07,0.82,0.95,0.38672,0.23308,0.5293,0.38201,143.0,43.0,231.0,170.0,1,places_top,False
train/00000029/00029158.jpg,75265,0.08,0.01,0.59,0.62,0.45871,0.14,0.73561,0.48182,150.0,12.0,265.0,183.0,1,places_top,False
train/00000094/00094413.jpg,59175,0.14,0.14,0.34,0.6,0.23455,0.25261,0.28,0.42239,145.0,86.0,186.0,142.0,1,places_top,False
train/00000023/00023287.jpg,117111,0.43,0.32,0.22,0.68,0.508,0.38,0.084,0.532,243.0,122.0,281.0,171.0,1,pascal,False
train/00000076/00076882.jpg,32924,0.09,0.05,0.34,0.7,0.26213,0.12542,0.86819,0.43911,143.0,37.0,192.0,92.0,1,places_top,False
train/00000078/00078173.jpg,103375,0.29,0.25,0.72,0.81,0.61091,0.32779,0.47091,0.55336,400.0,122.0,463.0,198.0,1,places_top,False
train/00000052/00052708.jpg,37442,0.25,0.16,0.4,0.46,0.33515,0.31174,0.31333,0.42366,276.0,102.0,332.0,183.0,1,places_top,False
train/00000114/00114926.jpg,20593,0.05,0.07,0.4,0.94,0.37636,0.37165,0.55636,0.93693,254.0,139.0,313.0,214.0,1,places_top,False
train/00000106/00106409.jpg,102135,0.25,0.21,0.5,0.89,0.35818,0.25117,0.39636,0.44258,246.0,94.0,294.0,152.0,1,places_top,False
train/00000080/00080524.jpg,85178,0.07,0.01,0.41,0.95,0.31455,0.2733,0.52545,0.39261,100.0,14.0,297.0,202.0,1,places_top,False
train/00000116/00116928.jpg,116591,0.29,0.2,0.64,0.91,0.44,0.3375,0.62182,0.41026,258.0,108.0,325.0,206.0,1,places_top,False
train/00000025/00025960.jpg,61971,0.01,0.15,0.34,1.09,0.26727,0.2992,0.66364,0.44818,109.0,65.0,271.0,227.0,1,places_top,False
train/00000037/00037984.jpg,77777,0.37,0.19,0.56,0.9,0.50727,0.34182,0.50182,0.75091,351.0,107.0,426.0,214.0,1,places_top,False
train/00000085/00085360.jpg,19897,0.0,0.07,0.48,1.07,0.37938,0.20727,0.45888,0.28182,16.0,84.0,224.0,279.0,1,places_top,False
train/00000097/00097574.jpg,100819,0.02,0.01,0.4,0.93,0.41455,0.051403,0.45636,0.36239,277.0,-44.0,365.0,96.0,1,places_top,True
train/00000104/00104206.jpg,90988,0.3,0.16,0.49,0.75,0.40909,0.25391,0.4,0.75156,307.0,87.0,343.0,135.0,1,places_top,False
train/00000072/00072628.jpg,57709,0.18,0.06,0.47,0.51,0.36914,0.1171,0.69531,0.67286,150.0,16.0,214.0,118.0,1,places_top,False
train/00000117/00117419.jpg,97776,0.09,0.13,0.33,0.96,0.20182,0.2316,0.36909,0.16581,100.0,92.0,160.0,155.0,1,places_top,False
train/00000031/00031721.jpg,106782,0.18,0.21,0.28,0.67,0.34182,0.32591,0.69273,0.39935,250.0,152.0,278.0,188.0,1,places_top,False
train/00000100/00100579.jpg,83723,0.05,0.31,0.22,0.79,0.17455,0.35205,0.51455,0.55821,87.0,157.0,123.0,198.0,1,places_top,False
train/00000084/00084978.jpg,12780,0.13,0.13,0.77,0.78,0.47818,0.40405,0.39818,0.6919,325.0,70.0,471.0,269.0,1,places_top,False
train/00000005/00005766.jpg,28036,0.32,0.17,0.4,0.83,0.47636,0.29065,0.19455,0.27978,276.0,77.0,368.0,177.0,1,coco,False
train/00000089/00089067.jpg,28221,0.38,0.37,0.62,0.69,0.5,0.44907,0.39455,0.61642,322.0,193.0,372.0,254.0,1,places_top,False
train/00000048/00048299.jpg,36183,0.27,0.15,0.62,0.83,0.47818,0.18901,0.63091,0.45872,316.0,79.0,384.0,150.0,1,places_top,False
train/00000085/00085075.jpg,107969,0.16,0.05,0.47,0.83,0.34,0.20932,0.41455,0.42665,183.0,34.0,278.0,163.0,1,places_top,False
train/00000090/00090438.jpg,29866,0.0,0.08,0.45,0.96,0.28182,0.22699,0.36909,0.26001,116.0,51.0,216.0,155.0,1,places_top,False
train/00000040/00040180.jpg,98669,0.25,0.05,0.78,0.99,0.37091,0.26273,0.049091,0.75909,239.0,18.0,380.0,178.0,1,places_top,False
train/00000037/00037739.jpg,80026,0.39,0.12,0.57,0.98,0.63211,0.28493,0.50029,0.39743,472.0,118.0,514.0,169.0,1,places_top,False
train/00000101/00101340.jpg,55395,0.38,0.24,0.63,0.67,0.54545,0.34116,0.68,0.61346,364.0,131.0,405.0,184.0,1,places_top,False
train/00000087/00087972.jpg,100367,0.0,0.11,0.48,0.99,0.31273,0.22311,0.6,0.4342,0.0,0.0,259.0,277.0,1,places_top,False
train/00000073/00073319.jpg,44380,0.0,0.0,0.82,1.01,0.74182,0.25614,0.49273,0.34827,493.0,5.0,762.0,435.0,1,places_top,True
train/00000081/00081579.jpg,18190,-0.02,0.23,0.79,0.75,0.29455,0.29418,0.56727,0.46472,159.0,69.0,270.0,212.0,1,places_top,False
train/00000115/00115886.jpg,85475,0.09,0.19,0.47,0.92,0.34969,0.32777,0.51213,0.3314,190.0,111.0,273.0,211.0,1,places_top,False
train/00000070/00070738.jpg,125382,-0.01,0.02,0.38,1.03,0.32,0.20234,0.47636,0.66931,179.0,33.0,264.0,134.0,1,places_top,False
train/00000012/00012791.jpg,4529,0.75,0.08,0.25,0.58,0.91695,0.21455,0.80794,0.39636,367.0,68.0,427.0,179.0,1,coco,False
train/00000010/00010420.jpg,66811,0.49,0.01,0.26,0.76,0.54182,0.14364,0.41818,0.72545,330.0,4.0,404.0,91.0,1,coco,False
train/00000050/00050703.jpg,55236,0.19,0.21,0.32,0.75,0.26909,0.29273,0.68727,0.71273,171.0,120.0,208.0,166.0,1,places_top,False
train/00000091/00091994.jpg,47023,0.06,0.09,0.46,0.94,0.34455,0.26909,0.79182,0.46545,93.0,151.0,198.0,273.0,1,places_top,False
train/00000078/00078427.jpg,120565,0.04,0.17,0.69,0.99,0.50727,0.34896,0.87818,0.4732,200.0,46.0,383.0,277.0,1,places_top,False
train/00000118/00118660.jpg,2756,0.21,0.29,0.2,0.71,0.30889,0.37667,0.22444,0.75667,123.0,85.0,157.0,129.0,1,sun,False
train/00000067/00067491.jpg,54170,0.03,0.28,0.29,0.66,0.21636,0.38414,0.32545,0.54377,131.0,144.0,171.0,185.0,1,places_top,False
train/00000038/00038546.jpg,4250,0.29,0.15,0.66,0.71,0.72182,0.22455,0.69455,0.81636,531.0,74.0,576.0,134.0,1,places_top,False
train/00000045/00045408.jpg,115114,0.14,0.07,0.42,0.91,0.22182,0.1445,0.53273,0.2885,99.0,44.0,149.0,103.0,1,places_top,False
train/00000013/00013527.jpg,121450,0.17,0.0,0.78,0.62,0.56545,0.20364,0.54606,0.60727,187.0,1.0,346.0,213.0,1,coco,False
train/00000064/00064785.jpg,21060,0.22,0.2,0.83,0.73,0.28182,0.29792,0.14909,0.090376,191.0,117.0,309.0,252.0,1,places_top,True
train/00000109/00109721.jpg,84633,0.09,0.21,0.23,0.56,0.12909,0.26231,0.056364,0.28656,78.0,108.0,122.0,161.0,1,places_top,False
train/00000082/00082009.jpg,61241,0.27,0.08,0.45,0.96,0.44364,0.28171,0.47273,0.90262,280.0,121.0,317.0,173.0,1,places_top,False
train/00000086/00086527.jpg,20120,0.03,0.18,0.4,1.02,0.24545,0.3044,0.86,0.16586,82.0,100.0,211.0,225.0,1,places_top,False
train/00000094/00094175.jpg,14031,0.17,0.15,0.66,0.8,0.47839,0.25818,0.62723,0.46909,198.0,123.0,266.0,215.0,1,places_top,False
train/00000078/00078258.jpg,120273,0.17,0.28,0.32,0.74,0.24615,0.31184,0.18069,0.32396,158.0,147.0,190.0,179.0,1,places_top,False
train/00000019/00019315.jpg,75169,0.52,0.08,0.4,0.84,0.66545,0.25416,0.47455,0.75403,420.0,39.0,523.0,163.0,1,coco_val,False
train/00000007/00007053.jpg,31996,0.33,0.2,0.27,0.8,0.462,0.27333,0.304,0.29467,214.0,76.0,261.0,131.0,1,coco,False
train/00000033/00033021.jpg,82654,0.27,0.14,0.41,0.86,0.33818,0.24533,0.18909,0.88807,214.0,88.0,258.0,148.0,1,places_top,False
train/00000055/00055577.jpg,16392,0.15,0.23,0.3,0.96,0.24787,0.34822,0.36667,0.47332,133.0,135.0,189.0,204.0,1,places_top,False
train/00000080/00080981.jpg,23402,0.02,0.04,0.96,0.8,0.45636,0.25746,0.45818,0.60187,237.0,1.0,457.0,244.0,1,places_top,False
train/00000087/00087708.jpg,123976,0.11,0.24,0.39,0.9,0.38545,0.34648,0.58545,0.88929,257.0,124.0,316.0,191.0,1,places_top,False
train/00000078/00078965.jpg,74038,0.06,0.15,0.18,0.53,0.13818,0.19727,0.19455,0.29818,68.0,67.0,110.0,115.0,1,places_top,False
train/00000023/00023086.jpg,10166,0.16,0.39,0.17,0.49,0.244,0.47612,0.196,0.56269,110.0,136.0,135.0,169.0,1,pascal,False
train/00000026/00026263.jpg,54204,0.24,0.12,0.53,1.03,0.40909,0.19727,0.54182,0.19455,282.0,51.0,349.0,123.0,1,places_top,False
train/00000071/00071334.jpg,86810,0.26,0.19,0.41,0.9,0.32364,0.30584,0.052727,0.60873,216.0,126.0,259.0,183.0,1,places_top,False
train/00000031/00031952.jpg,31784,0.35,0.06,0.63,0.69,0.47576,0.22271,0.39091,0.56683,344.0,53.0,431.0,155.0,1,places_top,False
train/00000005/00005054.jpg,8871,0.48,0.33,0.25,0.64,0.60727,0.36102,0.18182,0.40462,383.0,140.0,416.0,173.0,1,coco,False
train/00000090/00090287.jpg,67198,0.39,0.26,0.54,0.74,0.44364,0.34235,0.34545,0.59459,284.0,144.0,334.0,210.0,1,places_top,False
train/00000082/00082706.jpg,79980,0.28,0.18,0.58,1.17,0.71782,0.53916,0.46145,0.29644,530.0,247.0,572.0,298.0,1,places_top,False
train/00000054/00054742.jpg,124507,0.05,0.18,0.75,1.0,0.67003,0.19131,0.37702,0.45313,323.0,36.0,466.0,212.0,1,places_top,False
train/00000007/00007910.jpg,61828,0.0,0.13,0.47,0.8,0.23091,0.24805,0.44909,0.69221,78.0,59.0,159.0,158.0,1,coco,False
train/00000029/00029910.jpg,89225,0.23,0.2,0.93,0.82,0.51039,0.29455,0.30057,0.34364,241.0,68.0,394.0,253.0,1,places_top,False
train/00000000/00000555.jpg,9959,0.12,0.11,0.37,0.83,0.43246,0.29,0.31917,0.093333,122.0,55.0,146.0,77.0,1,actions,False
train/00000100/00100791.jpg,58405,0.13,0.01,0.32,0.94,0.28364,0.086037,0.55273,0.29165,161.0,10.0,224.0,84.0,1,places_top,False
train/00000082/00082360.jpg,58634,-0.02,0.02,0.68,0.81,0.4511,0.16727,0.80969,0.17091,115.0,50.0,246.0,204.0,1,places_top,False
train/00000033/00033614.jpg,66675,0.37,0.19,0.56,0.9,0.50982,0.29698,0.61527,0.63516,368.0,115.0,410.0,172.0,1,places_top,False
train/00000104/00104225.jpg,55272,0.17,0.28,0.46,0.71,0.40922,0.44102,0.42619,0.55738,174.0,250.0,218.0,291.0,1,places_top,True
train/00000043/00043508.jpg,48735,0.02,0.03,0.87,1.03,0.40727,0.25818,0.73182,0.59273,79.0,36.0,251.0,244.0,1,places_top,False
train/00000052/00052805.jpg,31726,-0.01,0.08,0.59,0.79,0.45455,0.29828,0.49091,0.79168,291.0,34.0,418.0,193.0,1,places_top,False
train/00000069/00069072.jpg,53008,0.03,0.15,0.4,1.15,0.20909,0.2757,0.62727,0.41352,133.0,100.0,181.0,166.0,1,places_top,False
train/00000062/00062331.jpg,100009,0.13,0.13,0.55,1.12,0.39455,0.38426,0.4,0.67361,276.0,142.0,335.0,212.0,1,places_top,False
train/00000086/00086094.jpg,83452,0.07,-0.02,0.86,0.98,0.67041,0.30364,0.78138,0.84909,283.0,86.0,403.0,252.0,1,places_top,True
train/00000029/00029123.jpg,86211,0.09,0.21,0.99,0.85,0.5851,0.36,0.20079,0.36364,266.0,133.0,512.0,404.0,1,places_top,False
train/00000090/00090680.jpg,71928,0.34,0.15,0.53,0.92,0.45273,0.28414,0.48545,0.44179,282.0,109.0,320.0,159.0,1,places_top,False
train/00000029/00029120.jpg,114067,0.0,-0.01,0.72,1.0,0.57519,0.25273,0.63097,0.57273,157.8,126.0,313.2,287.0,1,places_top,True
train/00000056/00056370.jpg,20013,0.05,0.18,0.4,0.94,0.31273,0.34429,0.77818,0.33882,160.0,108.0,259.0,225.0,1,places_top,False
train/00000020/00020472.jpg,20549,0.49,0.07,0.51,0.84,0.66,0.28144,0.568,0.7006,303.0,24.0,382.0,113.0,1,imagenet,False
train/00000033/00033572.jpg,104241,0.1,0.21,0.88,0.96,0.70182,0.34182,0.99909,0.48,274.0,196.0,375.0,319.0,1,places_top,False
train/00000038/00038644.jpg,106155,0.24,0.17,0.37,0.54,0.32785,0.22001,0.55331,0.50621,206.0,92.0,232.0,125.0,1,places_top,False
train/00000096/00096868.jpg,108105,0.09,0.18,0.46,0.79,0.31455,0.30244,0.40545,0.77852,236.0,76.0,335.0,212.0,1,places_top,False
train/00000026/00026260.jpg,9,0.39,0.22,0.62,1.06,0.88691,0.3128,0.97964,0.30462,610.0,112.0,679.0,189.0,1,places_top,False
train/00000030/00030046.jpg,76831,0.28,0.1,0.36,0.96,0.58545,0.25233,0.34364,0.29805,620.0,113.0,646.0,141.0,1,places_top,False
train/00000014/00014829.jpg,23206,0.46,0.25,0.19,0.52,0.52489,0.29273,0.048858,0.21455,191.0,160.0,235.0,210.0,1,coco,False
train/00000057/00057096.jpg,114145,0.26,0.09,0.77,0.94,0.34182,0.17984,0.28364,0.43451,210.0,38.0,262.0,109.0,1,places_top,False
train/00000040/00040836.jpg,33967,0.03,0.07,0.26,0.61,0.1582,0.13883,0.24414,0.11942,48.0,39.0,87.0,84.0,1,places_top,False
train/00000113/00113738.jpg,31420,0.01,0.24,0.2,0.84,0.094545,0.28182,0.13091,0.29,46.0,122.0,86.0,174.0,1,places_top,False
train/00000106/00106622.jpg,54982,0.07,0.29,0.87,0.84,0.53838,0.42364,0.37663,0.42182,231.0,262.0,370.0,415.0,1,places_top,False
train/00000024/00024076.jpg,114159,0.55,0.23,0.29,0.49,0.68318,0.272,0.24174,0.31,213.0,114.0,244.0,154.0,1,pascal,False
train/00000029/00029109.jpg,77728,0.25,-0.01,0.65,0.86,0.44727,0.20273,0.33455,0.51636,312.0,15.0,406.0,153.0,1,places_top,False
train/00000057/00057304.jpg,45130,0.01,-0.11,0.35,0.97,0.25091,0.2307,0.67091,0.32591,74.0,18.0,216.0,193.0,1,places_top,False
train/00000027/00027167.jpg,99435,0.31,0.03,0.63,0.75,0.48629,0.12364,0.65078,0.72909,216.0,14.0,293.0,127.0,1,places_top,False
train/00000030/00030047.jpg,86755,0.21,0.35,0.39,0.62,0.26182,0.38843,0.24545,0.43694,176.0,184.0,196.0,204.0,1,places_top,False
train/00000069/00069393.jpg,68308,0.34,0.29,0.61,0.74,0.46545,0.36257,0.94364,0.68141,326.0,152.0,374.0,215.0,1,places_top,False
train/00000061/00061653.jpg,23415,0.12,0.29,0.34,0.86,0.28727,0.44273,0.51091,0.89273,185.0,188.0,230.0,239.0,1,places_top,False
train/00000011/00011906.jpg,59795,0.74,0.24,0.26,0.64,0.806,0.29162,0.58435,0.30468,509.0,105.0,548.0,147.0,1,coco,False
train/00000106/00106180.jpg,18890,0.09,0.07,0.55,1.03,0.27455,0.21636,0.54364,0.92818,166.0,70.0,225.0,148.0,1,places_top,False
train/00000018/00018209.jpg,56876,0.42,0.05,0.31,0.31,0.46364,0.16208,0.31818,0.39644,277.0,28.0,330.0,86.0,1,coco_val,False
train/00000094/00094501.jpg,23915,0.16,0.15,0.63,0.54,0.4729,0.25818,0.5,0.39818,211.0,128.0,282.0,221.0,1,places_top,False
train/00000030/00030480.jpg,34466,0.42,0.12,0.58,0.94,0.50545,0.25369,0.53818,0.49692,420.0,92.0,467.0,160.0,1,places_top,False
train/00000100/00100918.jpg,101473,0.35,0.01,0.59,1.0,0.47455,0.22795,0.52182,0.83358,361.0,31.0,477.0,162.0,1,places_top,False
train/00000116/00116477.jpg,103544,0.12,0.24,0.25,0.73,0.23455,0.31324,0.82727,0.31082,114.0,133.0,158.0,180.0,1,places_top,False
train/00000016/00016354.jpg,57291,0.0,0.42,0.14,0.58,0.029091,0.63333,0.38727,0.47091,-12.0,273.0,48.0,333.0,1,coco_val,True
train/00000118/00118992.jpg,37871,0.27,0.25,0.1,0.46,0.34516,0.3,0.36065,0.41333,102.0,52.0,114.0,68.0,1,sun,False
train/00000053/00053877.jpg,67768,0.22,0.24,0.41,1.0,0.29273,0.60966,0.55455,0.25875,144.0,214.0,242.0,313.0,1,places_top,False
train/00000088/00088184.jpg,82606,0.26,0.11,0.86,0.91,0.48364,0.17257,0.28727,0.31082,307.0,3.0,438.0,158.0,1,places_top,False
train/00000008/00008170.jpg,37636,0.22,0.32,0.4,0.47,0.40133,0.362,0.116,0.376,146.0,164.0,173.0,195.0,1,coco,False
train/00000046/00046007.jpg,83018,0.23,0.26,0.73,1.06,0.47091,0.4773,0.92182,0.69129,323.0,109.0,496.0,321.0,1,places_top,False
train/00000088/00088402.jpg,30974,0.28,0.04,0.9,0.9,0.69455,0.19197,0.42727,0.70131,450.0,18.0,533.0,117.0,1,places_top,False
train/00000048/00048781.jpg,11876,0.08,0.23,0.56,0.87,0.31455,0.35,0.54,0.62545,175.0,111.0,281.0,249.0,1,places_top,False
train/00000071/00071926.jpg,30798,0.14,0.05,0.95,0.99,0.57636,0.25018,0.28727,0.20652,356.0,2.0,570.0,218.0,1,places_top,False
train/00000024/00024224.jpg,85980,0.41,0.36,0.56,0.68,0.43936,0.39455,0.3666,0.38909,221.0,258.0,247.0,285.0,1,places_top,False
train/00000095/00095106.jpg,64932,0.29,0.04,0.41,0.51,0.36727,0.12636,0.65818,0.64727,260.0,38.0,289.0,76.0,1,places_top,False
train/00000047/00047527.jpg,42192,0.34,0.13,0.71,0.99,0.71273,0.42579,0.53091,0.40105,527.0,155.0,621.0,259.0,1,places_top,False
train/00000113/00113817.jpg,74387,0.14,0.03,0.33,0.69,0.31445,0.09375,0.66016,0.41406,133.0,30.0,174.0,78.0,1,places_top,False
train/00000095/00095606.jpg,45248,0.21,0.27,0.31,0.67,0.26727,0.35818,0.90909,0.53273,183.0,156.0,220.0,200.0,1,places_top,False
train/00000046/00046355.jpg,40447,0.34,0.16,0.72,1.03,0.52909,0.22419,0.3,0.43719,391.0,67.0,461.0,155.0,1,places_top,False
train/00000080/00080235.jpg,93141,0.07,0.05,0.62,0.79,0.45508,0.23633,0.58789,0.61523,180.0,21.0,281.0,164.0,1,places_top,False
train/00000007/00007881.jpg,116887,0.4,0.08,0.35,0.79,0.53091,0.25273,0.58909,0.58545,289.0,57.0,386.0,194.0,1,coco,False
train/00000087/00087584.jpg,92450,0.33,0.14,0.62,0.68,0.47273,0.22311,0.66909,0.88381,339.0,77.0,385.0,142.0,1,places_top,False
train/00000072/00072349.jpg,89615,0.0,0.08,0.24,1.02,0.18909,0.22965,0.53636,0.70481,60.0,56.0,157.0,163.0,1,places_top,False
train/00000083/00083809.jpg,11934,0.01,0.02,0.5,1.0,0.36909,0.23273,0.53636,0.71273,197.0,10.0,312.0,169.0,1,places_top,False
train/00000089/00089983.jpg,50200,0.27,0.31,0.47,1.0,0.39091,0.41511,0.69818,0.65038,209.0,155.0,292.0,256.0,1,places_top,False
train/00000015/00015653.jpg,19997,0.31,0.06,0.13,0.67,0.35455,0.14151,0.33455,0.3472,226.0,24.0,270.0,70.0,1,coco_val,False
train/00000119/00119092.jpg,13434,0.12,0.59,0.19,0.28,0.17455,0.63091,0.57273,0.10727,352.0,896.0,436.0,999.0,1,sun,False
train/00000073/00073184.jpg,98002,0.45,0.36,0.59,0.67,0.66364,0.44631,0.33273,0.75653,360.0,157.0,447.0,277.0,1,places_top,False
train/00000031/00031055.jpg,67021,0.16,0.23,0.63,0.78,0.47636,0.29732,0.88364,0.31624,302.0,95.0,374.0,184.0,1,places_top,False
train/00000084/00084373.jpg,94719,-0.02,0.13,0.88,1.01,0.57031,0.40656,0.80787,0.42838,237.0,63.0,464.0,354.0,1,places_top,False
train/00000035/00035062.jpg,28123,0.16,0.22,0.7,0.92,0.57109,0.33273,0.61211,0.60545,246.0,198.0,314.0,290.0,1,places_top,False
train/00000077/00077588.jpg,60940,0.18,0.2,0.43,0.85,0.53711,0.33398,0.33008,0.51172,267.0,143.0,314.0,200.0,1,places_top,False
train/00000069/00069157.jpg,117195,0.27,0.17,0.44,0.79,0.45273,0.27636,0.57636,0.76455,304.0,94.0,360.0,157.0,1,places_top,False
train/00000071/00071288.jpg,118511,0.18,0.04,0.92,1.0,0.43936,0.25636,0.21865,0.62182,184.0,30.0,325.0,203.0,1,places_top,False
train/00000020/00020055.jpg,29783,0.37,0.25,0.19,0.52,0.45091,0.33515,0.48727,0.52424,272.0,128.0,311.0,183.0,1,coco_val,False
train/00000072/00072253.jpg,28966,0.17,0.28,0.4,0.56,0.26925,0.30182,0.49271,0.21818,87.0,190.0,148.0,245.0,1,places_top,False
train/00000028/00028799.jpg,87404,0.28,0.05,0.42,0.65,0.38847,0.15273,0.67409,0.32182,137.0,65.0,214.0,162.0,1,places_top,False
train/00000086/00086596.jpg,77209,0.42,0.27,0.59,0.67,0.53273,0.30859,0.30364,0.39336,392.0,135.0,424.0,173.0,1,places_top,False
train/00000053/00053770.jpg,56033,0.0,0.03,0.32,0.99,0.25273,0.25246,0.73091,0.31503,176.0,40.0,203.0,70.0,1,places_top,False
train/00000106/00106206.jpg,97943,0.1,0.23,0.32,0.79,0.24182,0.30338,0.39455,0.43719,149.0,134.0,192.0,179.0,1,places_top,False
train/00000087/00087815.jpg,1585,0.19,0.11,0.46,0.39,0.29455,0.1786,0.40909,0.32023,182.0,62.0,228.0,107.0,1,places_top,False
train/00000051/00051557.jpg,83564,0.09,0.01,0.35,0.69,0.17636,0.11921,0.021818,0.14104,114.0,14.0,184.0,98.0,1,places_top,False
train/00000001/00001220.jpg,81621,0.51,0.26,0.49,0.74,0.7525,0.41667,0.475,0.59,290.0,79.0,353.0,158.0,1,actions,False
train/00000076/00076874.jpg,103286,0.12,-0.01,0.99,0.81,0.59818,0.096364,0.22455,0.64182,242.0,0.0,424.0,202.0,1,places_top,False
train/00000083/00083173.jpg,113650,0.21,0.08,0.51,0.77,0.36182,0.18322,0.56,0.15319,216.0,46.0,292.0,133.0,1,places_top,False
train/00000081/00081464.jpg,100378,0.03,0.02,0.43,1.03,0.34961,0.125,0.67773,0.23047,115.0,0.0,194.0,89.0,1,places_top,False
train/00000101/00101781.jpg,110858,0.29,0.04,0.67,0.95,0.61818,0.23545,0.65818,0.64182,431.0,51.0,517.0,189.0,1,places_top,True
train/00000106/00106200.jpg,113202,0.13,0.04,0.84,0.93,0.56102,0.16727,0.50555,0.32909,238.0,40.0,337.0,174.0,1,places_top,False
train/00000102/00102071.jpg,46422,0.12,0.06,0.84,1.14,0.30636,0.24909,0.84636,0.35636,0.0,6.0,197.0,385.0,1,places_top,False
train/00000074/00074342.jpg,14138,0.39,0.03,0.56,0.35,0.43667,0.076364,0.51966,0.93091,203.0,21.0,238.0,60.0,1,places_top,False
train/00000058/00058909.jpg,36179,0.17,0.21,0.41,0.56,0.3,0.28563,0.64364,0.28563,175.0,115.0,216.0,165.0,1,places_top,False
train/00000020/00020874.jpg,45530,0.58,0.43,0.23,0.57,0.68508,0.46763,0.62508,0.45963,329.0,161.0,356.0,192.0,1,pascal,False
train/00000047/00047835.jpg,41436,0.29,0.03,0.44,0.87,0.33345,0.14339,0.46073,0.094559,237.0,34.0,283.0,99.0,1,places_top,False
train/00000017/00017360.jpg,113539,0.39,0.07,0.56,0.89,0.6369,0.16545,0.27341,0.30545,288.4,83.8,341.6,148.2,1,coco_val,True
train/00000093/00093954.jpg,95108,0.39,0.2,0.51,0.87,0.46291,0.23767,0.84836,0.3764,334.0,100.0,372.0,148.0,1,places_top,False
train/00000062/00062861.jpg,87401,0.39,0.09,0.6,0.78,0.46545,0.23091,0.38727,0.81273,294.0,55.0,360.0,145.0,1,places_top,False
train/00000009/00009675.jpg,122508,0.32,0.18,0.52,0.39,0.66078,0.39455,0.36374,0.48,276.0,211.0,322.0,258.0,1,coco,False
train/00000043/00043626.jpg,97967,0.24,0.3,0.54,1.01,0.45091,0.47,0.77636,0.37727,216.0,137.0,392.0,351.0,1,places_top,False
train/00000031/00031434.jpg,86822,0.45,0.25,0.57,1.0,0.68,0.36892,0.52,0.20507,502.0,137.0,583.0,233.0,1,places_top,False
train/00000117/00117453.jpg,29761,0.34,0.15,0.63,0.78,0.48,0.24799,0.52909,0.45107,283.0,70.0,332.0,138.0,1,places_top,False
train/00000035/00035782.jpg,18353,0.2,0.2,0.61,0.73,0.44538,0.22309,0.71117,0.24007,189.0,132.0,253.0,211.0,1,places_top,False
train/00000040/00040153.jpg,106606,0.04,0.14,0.36,0.98,0.20364,0.33825,0.22727,0.70835,94.0,75.0,205.0,227.0,1,places_top,False
train/00000016/00016644.jpg,41806,0.46,0.07,0.36,0.93,0.742,0.15896,0.898,0.6763,319.0,16.0,372.0,69.0,1,coco_val,False
train/00000103/00103121.jpg,51611,0.04,0.08,0.32,0.8,0.069091,0.13861,0.54182,0.60429,12.0,49.0,61.0,105.0,1,places_top,False
train/00000028/00028692.jpg,81760,0.33,0.16,0.74,1.0,0.73091,0.25203,0.23636,0.31402,529.0,67.0,640.0,190.0,1,places_top,False
train/00000014/00014668.jpg,119891,0.72,0.44,0.27,0.53,0.86727,0.54001,0.89636,0.98346,538.0,155.0,570.0,197.0,1,coco,False
train/00000043/00043821.jpg,57108,0.0,0.04,0.33,0.98,0.24727,0.30827,0.35091,0.65508,53.0,7.0,214.0,219.0,1,places_top,False
train/00000008/00008429.jpg,22820,0.52,0.0,0.48,0.96,0.75455,0.13273,0.45636,0.36727,338.0,24.0,444.0,129.0,1,coco,False
train/00000014/00014049.jpg,15017,0.4,0.01,0.38,0.35,0.56788,0.027273,0.60909,0.25455,251.0,0.0,323.0,61.0,1,coco,False
train/00000101/00101322.jpg,24642,0.08,0.22,0.52,0.81,0.52545,0.25813,0.38909,0.8628,504.0,103.0,551.0,155.0,1,places_top,False
train/00000008/00008470.jpg,117530,0.44,0.27,0.27,0.72,0.58545,0.33064,0.49455,0.43171,378.0,115.0,422.0,160.0,1,coco,False
train/00000054/00054148.jpg,102844,0.2,0.36,0.37,0.65,0.5,0.85712,0.80727,0.39061,377.0,397.0,476.0,482.0,1,places_top,False
train/00000071/00071304.jpg,11455,0.05,0.26,0.41,1.01,0.29091,0.43182,0.38364,0.85727,133.0,136.0,250.0,283.0,1,places_top,False
train/00000092/00092428.jpg,86858,0.08,0.12,0.23,0.78,0.14727,0.2,0.86,0.35273,91.0,75.0,128.0,120.0,1,places_top,False
train/00000018/00018658.jpg,61734,0.09,0.11,0.22,0.63,0.27091,0.1897,0.50364,0.53879,145.0,52.0,194.0,113.0,1,coco_val,False
train/00000101/00101566.jpg,80045,0.39,0.01,0.99,1.02,0.59818,0.29754,0.35455,0.86785,441.0,2.0,618.0,228.0,1,places_top,False
train/00000056/00056037.jpg,20761,0.26,0.2,0.41,0.52,0.30364,0.27607,0.085455,0.28153,226.0,108.0,273.0,169.0,1,places_top,False
train/00000028/00028752.jpg,111167,0.09,0.31,0.44,0.57,0.34477,0.35455,0.59459,0.62364,148.0,214.0,186.0,263.0,1,places_top,False
train/00000048/00048462.jpg,39941,0.05,0.06,0.24,0.88,0.18182,0.16498,0.20727,0.19222,98.0,32.0,155.0,100.0,1,places_top,False
train/00000061/00061960.jpg,11181,0.18,0.3,0.54,0.67,0.34727,0.45775,0.37091,0.62675,209.0,199.0,256.0,264.0,1,places_top,False
train/00000106/00106348.jpg,123526,0.24,0.1,0.34,0.56,0.29626,0.14909,0.73769,0.24364,136.0,80.0,167.0,121.0,1,places_top,False
train/00000008/00008306.jpg,106596,0.0,0.36,0.4,0.64,0.14909,0.53879,0.5,0.2503,85.0,218.0,120.0,274.0,1,coco,True
train/00000086/00086995.jpg,100479,0.46,0.22,0.58,0.79,0.67818,0.35273,0.63273,0.44818,514.0,151.0,558.0,203.0,1,places_top,False
train/00000089/00089798.jpg,99181,0.23,0.28,0.45,0.88,0.35818,0.40455,0.36364,0.54909,251.0,154.0,302.0,227.0,1,places_top,False
train/00000115/00115513.jpg,18193,0.39,0.04,0.61,0.6,0.85636,0.14104,0.88727,0.71829,560.0,30.0,604.0,90.0,1,places_top,False
train/00000006/00006419.jpg,84980,0.28,0.03,0.18,0.85,0.35273,0.10997,0.48364,0.52901,207.0,11.0,249.0,62.0,1,coco,False
train/00000005/00005477.jpg,68875,0.48,0.24,0.22,0.63,0.57273,0.33922,0.50727,0.40189,359.0,116.0,409.0,174.0,1,coco,False
train/00000064/00064725.jpg,80516,0.04,0.3,0.5,0.81,0.29519,0.39818,0.33888,0.80545,107.0,219.0,182.0,331.0,1,places_top,False
train/00000114/00114343.jpg,36443,0.39,0.33,0.52,0.67,0.49932,0.35084,0.21932,0.74502,240.0,246.0,273.0,291.0,1,places_top,False
train/00000046/00046895.jpg,53990,0.03,0.0,0.41,0.97,0.25971,0.20674,0.54577,0.38968,54.0,27.0,214.0,208.0,1,places_top,False
train/00000029/00029679.jpg,59055,0.05,0.0,0.58,0.97,0.43818,0.25032,0.54909,0.45231,265.0,21.0,422.0,221.0,1,places_top,False
train/00000116/00116835.jpg,2963,0.01,0.19,0.72,0.94,0.57031,0.39648,0.64844,0.77539,216.0,101.0,331.0,233.0,1,places_top,False
train/00000103/00103380.jpg,83945,0.11,0.27,0.33,0.6,0.18,0.30223,0.29395,0.28928,91.0,136.0,130.0,175.0,1,places_top,False
train/00000100/00100314.jpg,98970,0.39,0.33,0.6,0.66,0.44909,0.38843,0.61818,0.55336,290.0,174.0,315.0,205.0,1,places_top,False
train/00000062/00062160.jpg,11191,0.29,0.18,0.42,0.98,0.32364,0.3472,0.45636,0.95113,185.0,128.0,240.0,192.0,1,places_top,False
train/00000006/00006388.jpg,85896,0.0,0.01,0.52,0.98,0.27818,0.24384,0.62182,0.38282,62.0,8.0,217.0,190.0,1,coco,False
train/00000015/00015414.jpg,86452,0.03,0.1,0.28,0.4,0.21675,0.16364,0.42855,0.75091,71.0,73.0,112.0,129.0,1,coco_val,False
train/00000080/00080730.jpg,111798,0.21,0.09,0.99,0.95,0.69818,0.24793,0.40182,0.17196,634.0,42.0,775.0,199.0,1,places_top,False
train/00000066/00066840.jpg,10732,0.41,0.1,0.68,0.68,0.51345,0.30005,0.50073,0.65901,322.0,83.0,391.0,170.0,1,places_top,False
train/00000076/00076462.jpg,38143,0.14,0.2,0.48,0.93,0.50243,0.41636,0.65523,0.62909,200.0,220.0,277.0,318.0,1,places_top,False
train/00000091/00091482.jpg,53944,0.01,0.28,0.33,0.98,0.18727,0.37388,0.86909,0.36903,47.0,130.0,151.0,257.0,1,places_top,False
train/00000058/00058302.jpg,54691,0.36,0.23,0.63,0.97,0.56727,0.42091,0.62364,0.49727,404.0,183.0,443.0,236.0,1,places_top,False
train/00000106/00106801.jpg,89430,0.01,0.19,0.44,0.98,0.33069,0.36,0.53004,0.95273,137.0,197.0,218.0,285.0,1,places_top,False
train/00000079/00079240.jpg,105663,0.05,0.08,0.37,0.87,0.20898,0.16797,0.32617,0.35742,93.0,82.0,124.0,120.0,1,places_top,False
train/00000074/00074253.jpg,87869,0.07,-0.01,0.27,0.61,0.19273,0.044545,0.23273,0.082727,127.0,0.0,163.0,39.0,1,places_top,False
train/00000068/00068965.jpg,121091,0.39,0.0,0.61,0.85,0.48,0.23078,0.47818,0.89534,282.0,52.0,350.0,144.0,1,places_top,False
train/00000027/00027966.jpg,110952,0.06,0.08,0.22,0.79,0.12909,0.17588,0.16909,0.33658,87.0,52.0,126.0,106.0,1,places_top,False
train/00000078/00078421.jpg,79131,0.17,0.27,0.39,0.62,0.41455,0.34182,0.40909,0.28182,288.0,145.0,348.0,205.0,1,places_top,True
train/00000096/00096753.jpg,39902,0.16,0.36,0.7,1.01,0.33455,0.42656,0.26727,0.47008,211.0,179.0,273.0,256.0,1,places_top,False
train/00000082/00082609.jpg,44567,0.11,0.28,0.99,0.77,0.72364,0.61636,0.44545,0.62545,349.0,428.0,458.0,518.0,1,places_top,False
train/00000008/00008202.jpg,120993,0.4,0.15,0.6,0.8,0.82,0.33091,0.95333,0.87455,334.0,150.0,434.0,249.0,1,coco,False
train/00000024/00024469.jpg,101198,0.05,0.18,0.35,1.01,0.27455,0.42636,0.48182,0.68,132.0,160.0,220.0,267.0,1,places_top,False
train/00000081/00081660.jpg,122162,0.31,0.28,0.43,0.62,0.36545,0.32052,0.36364,0.64553,241.0,138.0,270.0,178.0,1,places_top,False
train/00000046/00046093.jpg,123487,0.1,0.07,0.45,0.38,0.36909,0.23273,0.47545,0.30364,139.264,98.304,204.8,196.608,1,places_top,True
train/00000006/00006872.jpg,64115,0.34,0.16,0.44,0.8,0.54,0.24734,0.26,0.54255,250.0,59.0,314.0,123.0,1,coco,False
train/00000023/00023916.jpg,40905,0.0,0.23,0.31,0.6,0.112,0.308,0.268,0.56933,27.0,89.0,62.0,131.0,1,pascal,False
train/00000102/00102347.jpg,83188,0.31,0.09,0.53,0.64,0.35636,0.23495,0.48545,0.72831,239.0,78.0,279.0,125.0,1,places_top,False
train/00000081/00081032.jpg,105654,0.2,0.26,0.51,0.78,0.32504,0.34364,0.41386,0.45091,140.0,220.0,202.0,299.0,1,places_top,False
train/00000012/00012439.jpg,111137,0.75,0.15,0.22,0.77,0.85273,0.2283,0.61273,0.26398,541.0,72.0,581.0,111.0,1,coco,False
train/00000043/00043608.jpg,95142,0.22,0.26,0.46,0.55,0.30112,0.35818,0.19682,0.41818,144.0,193.0,218.0,275.0,1,places_top,False
train/00000020/00020431.jpg,45243,0.44,0.29,0.29,0.44,0.49,0.36186,0.202,0.79129,238.0,96.0,267.0,131.0,1,imagenet,False
train/00000009/00009630.jpg,56866,0.0,0.0,0.7,0.98,0.37091,0.10242,0.77636,0.72545,142.0,0.0,278.0,113.0,1,coco,False
train/00000031/00031140.jpg,40941,0.11,0.05,0.53,0.96,0.25455,0.12335,0.38364,0.22115,109.0,16.0,170.0,98.0,1,places_top,False
train/00000110/00110455.jpg,122566,0.02,0.02,0.33,0.97,0.25455,0.21623,0.72909,0.2138,2.0,28.0,195.0,196.0,1,places_top,False
train/00000086/00086308.jpg,120151,0.04,0.16,0.55,0.8,0.33455,0.28129,0.77455,0.34518,160.0,71.0,281.0,212.0,1,places_top,False
train/00000082/00082987.jpg,10383,0.19,0.38,0.48,0.91,0.56727,0.50818,0.36,0.39636,419.0,239.0,458.0,287.0,1,places_top,False
train/00000081/00081011.jpg,79279,0.25,0.0,0.59,0.94,0.3,0.083984,0.57477,0.15039,108.0,4.0,175.0,85.0,1,places_top,False
train/00000051/00051093.jpg,38087,0.44,0.01,0.56,0.78,0.485,0.13197,0.389,0.78962,350.0,28.0,400.0,97.0,1,places_top,False
train/00000111/00111817.jpg,90782,0.16,0.24,0.48,0.96,0.31455,0.33455,0.96909,0.34909,104.0,214.0,181.0,299.0,1,places_top,False
train/00000017/00017292.jpg,81324,0.4,0.34,0.49,0.32,0.54088,0.41091,0.48637,0.64182,215.0,221.0,256.0,275.0,1,coco_val,False
train/00000073/00073553.jpg,22997,0.18,0.37,0.27,0.81,0.23455,0.39364,0.28727,0.48091,154.0,181.0,190.0,223.0,1,places_top,False
train/00000085/00085046.jpg,97358,0.13,0.36,0.94,0.69,0.51091,0.43818,0.34182,0.77455,220.0,254.0,370.0,454.0,1,places_top,False
train/00000073/00073477.jpg,109041,0.03,0.2,0.49,0.86,0.30364,0.37727,0.30727,0.48091,178.0,102.0,278.0,244.0,1,places_top,False
train/00000014/00014550.jpg,5143,0.31,0.01,0.35,0.59,0.52727,0.034545,0.39091,0.8297,283.0,0.0,403.0,43.0,1,coco,False
train/00000054/00054556.jpg,9003,0.31,0.18,0.61,0.99,0.34,0.33636,0.43455,0.75636,184.0,58.0,314.0,246.0,1,places_top,False
train/00000012/00012784.jpg,62851,0.52,0.47,0.19,0.53,0.59818,0.52991,0.55636,0.56797,376.0,205.0,410.0,248.0,1,coco,False
train/00000087/00087183.jpg,69250,0.18,0.05,0.36,1.0,0.27273,0.34131,0.37636,0.90335,404.0,64.0,525.0,204.0,1,places_top,False
train/00000090/00090687.jpg,8905,0.29,0.25,0.39,0.72,0.32909,0.31082,0.50909,0.86381,201.0,136.0,231.0,176.0,1,places_top,False
train/00000000/00000838.jpg,29253,0.58,0.2,0.21,0.68,0.75428,0.2952,0.76661,0.4558,249.0,41.0,272.0,67.0,1,actions,False
train/00000110/00110795.jpg,34778,0.17,-0.02,0.64,0.98,0.57128,0.25636,0.57128,0.54909,258.0,103.0,361.0,233.0,1,places_top,False
train/00000066/00066308.jpg,46109,-0.01,0.18,0.44,0.81,0.15492,0.28102,0.37914,0.83738,0.0,174.0,92.0,269.0,1,places_top,False
train/00000100/00100682.jpg,20744,0.31,0.43,0.8,0.62,0.60182,0.49272,0.59636,0.60914,397.0,226.0,424.0,260.0,1,places_top,True
train/00000003/00003787.jpg,117101,0.09,0.08,0.72,0.91,0.52,0.24501,0.66333,0.5643,104.0,38.0,191.0,163.0,1,actions,False
train/00000030/00030860.jpg,2509,0.47,0.2,0.55,0.76,0.57034,0.30545,0.68433,0.38364,267.0,181.0,307.0,230.0,1,places_top,False
train/00000102/00102143.jpg,27847,0.42,0.17,0.68,0.6,0.53455,0.24533,0.39636,0.614,357.0,98.0,386.0,135.0,1,places_top,False
train/00000069/00069897.jpg,105971,0.07,0.21,0.91,0.71,0.50972,0.33636,0.38827,0.56,180.0,113.0,318.0,312.0,1,places_top,False
train/00000056/00056920.jpg,124140,0.01,0.01,0.4,0.92,0.39636,0.13264,0.61818,0.13538,181.0,0.0,318.0,174.0,1,places_top,False
train/00000032/00032408.jpg,52412,0.0,0.19,0.13,0.62,0.018182,0.28254,0.20545,0.75629,0.0,90.0,35.0,190.0,1,places_top,False
train/00000096/00096605.jpg,83453,0.11,0.13,0.56,1.0,0.57636,0.21091,0.37727,0.22182,266.0,126.0,314.0,190.0,1,places_top,False
train/00000022/00022065.jpg,37554,0.35,0.29,0.34,0.49,0.43067,0.39,0.38267,0.474,152.0,143.0,207.0,215.0,1,pascal,False
train/00000066/00066641.jpg,37022,0.11,0.36,0.47,0.61,0.49513,0.44545,0.62163,0.52364,223.0,278.0,259.0,321.0,1,places_top,False
train/00000063/00063081.jpg,23024,0.11,0.24,0.36,0.75,0.16182,0.35818,0.36636,0.22545,37.0,253.0,110.0,309.0,1,places_top,False
train/00000024/00024138.jpg,21372,0.19,0.37,0.51,0.82,0.37091,0.45636,0.50727,0.57364,229.0,188.0,291.0,258.0,1,places_top,False
train/00000048/00048182.jpg,16173,0.16,0.22,0.57,0.99,0.43273,0.36295,0.61455,0.49404,318.0,104.0,420.0,225.0,1,places_top,False
train/00000056/00056426.jpg,72769,0.02,0.18,0.3,0.85,0.12835,0.29277,0.099255,0.44606,51.0,87.0,122.0,182.0,1,places_top,False
train/00000023/00023476.jpg,67804,0.05,0.2,0.35,0.56,0.37859,0.288,0.48722,0.532,85.0,100.0,131.0,167.0,1,pascal,False
train/00000014/00014986.jpg,97640,0.24,0.0,0.64,0.55,0.57178,0.22345,0.61542,0.68891,202.0,0.0,352.0,161.0,1,coco_val,False
train/00000026/00026085.jpg,78834,0.08,0.15,0.3,0.98,0.26,0.33091,0.30364,0.55455,132.0,87.0,228.0,206.0,1,places_top,False
train/00000098/00098860.jpg,90629,0.21,0.04,0.92,0.63,0.57666,0.17091,0.48083,0.74909,241.0,38.0,354.0,212.0,1,places_top,False
train/00000099/00099601.jpg,103781,0.05,0.12,0.52,0.95,0.48787,0.31091,0.5,0.69818,293.0,193.0,306.0,207.0,1,places_top,False
train/00000096/00096681.jpg,69867,0.11,0.21,0.23,0.79,0.18727,0.27444,0.47273,0.34235,87.0,114.0,131.0,164.0,1,places_top,False
train/00000083/00083894.jpg,50395,0.35,0.04,0.75,0.93,0.42963,0.24465,0.47196,0.86284,132.0,19.0,327.0,254.0,1,places_top,False
train/00000055/00055025.jpg,7950,0.15,0.11,0.28,0.92,0.20727,0.24057,0.40545,0.25969,119.0,102.0,164.0,147.0,1,places_top,False
train/00000018/00018980.jpg,50678,0.48,0.04,0.16,0.6,0.54182,0.11121,0.36182,0.28096,344.0,24.0,373.0,56.0,1,coco_val,False
train/00000030/00030129.jpg,23387,-0.01,0.11,0.35,0.86,0.13168,0.18164,0.18877,0.74414,11.0,62.0,87.0,135.0,1,places_top,False
train/00000015/00015813.jpg,89557,0.32,0.44,0.26,0.54,0.46727,0.55178,0.49091,0.96327,259.0,187.0,315.0,268.0,1,coco_val,False
train/00000117/00117450.jpg,89942,0.08,0.23,0.75,0.83,0.46364,0.51091,0.48,0.92545,311.0,186.0,396.0,269.0,1,places_top,False
train/00000116/00116686.jpg,44199,0.24,0.04,0.55,0.9,0.37636,0.22835,0.38364,0.59459,230.0,36.0,302.0,145.0,1,places_top,False
train/00000041/00041129.jpg,111675,0.22,0.07,0.63,0.93,0.46909,0.25261,0.44364,0.78377,270.0,51.0,360.0,186.0,1,places_top,False
train/00000032/00032773.jpg,115250,0.44,0.07,0.55,0.87,0.49636,0.22455,0.45636,0.29,366.0,82.0,409.0,136.0,1,places_top,False
train/00000003/00003469.jpg,113379,0.07,0.03,0.52,0.97,0.29368,0.20333,0.9193,0.41333,33.0,10.0,94.0,67.0,1,actions,False
train/00000065/00065227.jpg,61632,0.0,0.31,0.14,0.77,0.10145,0.36437,0.52691,0.4729,40.0,156.0,88.0,210.0,1,places_top,False
train/00000017/00017904.jpg,64491,0.42,0.12,0.22,0.54,0.55107,0.19859,0.43835,0.15496,335.0,58.0,380.0,108.0,1,coco_val,False
train/00000086/00086930.jpg,102820,0.41,0.23,0.6,0.96,0.52182,0.37422,0.60545,0.72969,370.0,151.0,430.0,230.0,1,places_top,False
train/00000056/00056554.jpg,41339,0.0,0.26,0.37,0.85,0.15698,0.33312,0.25735,0.39885,79.0,128.0,133.0,186.0,1,places_top,False
train/00000002/00002796.jpg,17843,0.15,0.12,0.51,0.88,0.5,0.29667,0.5799,0.56,112.0,26.0,152.0,79.0,1,actions,False
train/00000101/00101506.jpg,37466,0.01,0.27,0.24,0.94,0.14,0.34962,0.51455,0.44422,47.0,141.0,112.0,217.0,1,places_top,False
train/00000038/00038871.jpg,90627,0.1,0.16,0.27,1.1,0.25031,0.21982,0.33515,0.25613,109.0,88.0,172.0,155.0,1,places_top,False
train/00000098/00098774.jpg,93373,0.19,0.26,0.36,0.75,0.29273,0.41,0.22182,0.66636,191.0,143.0,253.0,231.0,1,places_top,False
train/00000108/00108611.jpg,24487,0.09,0.01,0.21,0.45,0.14909,0.08343,0.15818,0.79755,123.0,18.0,149.0,54.0,1,places_top,False
train/00000008/00008243.jpg,82183,0.48,0.16,0.26,0.63,0.58182,0.23231,0.47455,0.33884,355.0,70.0,392.0,122.0,1,coco,False
train/00000077/00077476.jpg,97155,0.09,0.06,0.67,0.62,0.48642,0.23011,0.61739,0.68284,187.0,71.0,271.0,167.0,1,places_top,False
train/00000002/00002210.jpg,44537,0.03,0.16,0.43,0.84,0.38951,0.37,0.56554,0.63,114.0,61.0,224.0,185.0,1,actions,False
train/00000057/00057113.jpg,67028,0.0,0.13,0.55,0.88,0.42909,0.25018,0.54182,0.58004,247.0,94.0,297.0,163.0,1,places_top,False
train/00000070/00070749.jpg,81113,0.04,0.02,0.37,0.49,0.16455,0.069091,0.14273,0.38545,73.0,7.0,133.0,94.0,1,places_top,False
train/00000102/00102038.jpg,53408,0.09,0.0,0.66,0.54,0.35742,0.17969,0.40234,0.4043,138.0,9.0,204.0,109.0,1,places_top,False
train/00000114/00114773.jpg,47490,0.16,0.14,0.24,0.68,0.22364,0.19648,0.43818,0.38789,150.0,75.0,185.0,116.0,1,places_top,False
train/00000111/00111790.jpg,49529,0.36,0.08,0.71,0.93,0.54182,0.23555,0.31818,0.64891,370.0,49.0,470.0,187.0,1,places_top,False
train/00000039/00039073.jpg,31215,0.08,0.1,1.04,0.97,0.46985,0.22364,0.30303,0.24545,215.0,35.0,329.0,195.0,1,places_top,False
train/00000028/00028823.jpg,582,0.0,0.08,0.39,1.01,0.29818,0.3375,0.38364,0.43209,64.0,44.0,224.0,244.0,1,places_top,False
train/00000103/00103351.jpg,84877,0.07,0.2,0.27,0.81,0.20727,0.35447,0.32545,0.55093,92.0,127.0,162.0,218.0,1,places_top,False
train/00000057/00057620.jpg,106188,0.03,0.07,0.17,0.58,0.094545,0.14273,0.0090909,0.15636,54.0,45.0,94.0,94.0,1,places_top,False
train/00000090/00090617.jpg,118964,0.35,-0.05,0.77,0.98,0.56499,0.16909,0.39602,0.50182,253.0,7.0,357.0,135.0,1,places_top,False
train/00000015/00015644.jpg,114521,0.17,0.46,0.24,0.47,0.35091,0.54121,0.46,0.55818,193.0,230.0,232.0,275.0,1,coco_val,False
train/00000011/00011046.jpg,23555,0.0,0.0,0.93,0.98,0.44611,0.23818,0.53593,0.6,180.0,0.0,338.0,173.0,1,coco,False
train/00000032/00032527.jpg,10169,0.17,0.02,0.37,0.45,0.28998,0.11193,0.22692,0.20284,104.0,18.0,173.0,114.0,1,places_top,False
train/00000023/00023265.jpg,79120,0.26,0.19,0.43,0.62,0.536,0.35333,0.564,0.64133,220.0,75.0,281.0,168.0,1,pascal,False
train/00000062/00062544.jpg,68370,0.19,0.22,0.44,0.78,0.36545,0.46182,0.38545,0.76455,211.0,133.0,320.0,282.0,1,places_top,False
train/00000047/00047513.jpg,14517,0.16,0.1,0.58,0.96,0.46909,0.19727,0.64727,0.23545,302.0,45.0,369.0,126.0,1,places_top,False
train/00000065/00065683.jpg,123370,0.01,0.0,0.3,0.98,0.12364,0.28171,0.41636,0.69888,0.0,7.0,139.0,238.0,1,places_top,False
train/00000114/00114110.jpg,26026,0.04,0.26,0.14,0.7,0.10909,0.34455,0.51455,0.35818,56.0,158.0,84.0,192.0,1,places_top,False
train/00000020/00020495.jpg,36631,0.26,0.0,0.15,0.53,0.344,0.132,0.422,0.71867,150.0,1.0,196.0,56.0,1,imagenet,False
train/00000085/00085437.jpg,81887,0.01,0.23,0.24,0.87,0.085455,0.37672,0.54909,0.085327,13.0,151.0,83.0,223.0,1,places_top,False
train/00000068/00068173.jpg,38112,0.27,0.01,0.8,1.06,0.51273,0.32294,0.65273,0.6625,304.0,62.0,431.0,243.0,1,places_top,False
train/00000079/00079718.jpg,20379,0.26,0.27,0.54,0.75,0.44182,0.35196,0.48,0.47259,288.0,129.0,358.0,207.0,1,places_top,False
train/00000084/00084935.jpg,97911,0.27,0.15,0.59,0.87,0.42627,0.31091,0.58739,0.43455,181.0,199.0,233.0,272.0,1,places_top,False
train/00000051/00051337.jpg,48016,0.16,0.11,0.6,1.0,0.41091,0.36257,0.52909,0.36807,207.0,54.0,345.0,245.0,1,places_top,False
train/00000006/00006143.jpg,18564,0.18,0.19,0.68,0.45,0.72182,0.37523,0.60727,0.27758,451.0,119.0,547.0,208.0,1,coco,False
train/00000105/00105047.jpg,58223,0.03,0.18,0.36,0.97,0.20727,0.23805,0.70364,0.29384,105.0,97.0,154.0,150.0,1,places_top,False
train/00000096/00096066.jpg,28700,0.32,0.07,0.46,0.53,0.60545,0.26958,0.72545,0.40783,392.0,112.0,420.0,146.0,1,places_top,False
train/00000098/00098956.jpg,53576,0.05,0.11,0.53,0.85,0.43241,0.16,0.62737,0.50909,134.0,10.0,267.0,175.0,1,places_top,False
train/00000057/00057353.jpg,59652,0.3,0.04,0.62,1.02,0.48,0.37455,0.45273,0.46727,309.0,60.0,449.0,273.0,1,places_top,False
train/00000031/00031589.jpg,41983,0.21,0.17,0.43,0.81,0.35091,0.32388,0.49091,0.42142,213.0,108.0,286.0,209.0,1,places_top,False
train/00000039/00039038.jpg,77655,0.34,0.12,0.66,0.99,0.84344,0.33903,0.85646,0.41629,422.0,164.0,446.0,193.0,1,places_top,False
train/00000086/00086773.jpg,88076,0.02,0.05,0.37,0.93,0.20909,0.12891,0.34909,0.3763,94.0,28.0,162.0,107.0,1,places_top,False
train/00000089/00089345.jpg,120673,-0.02,0.17,0.39,1.05,0.21149,0.37373,0.39695,0.64859,32.0,86.0,176.0,261.0,1,places_top,False
train/00000083/00083830.jpg,97617,0.15,0.03,0.68,0.85,0.39636,0.090909,0.68,0.54545,128.0,17.0,236.0,147.0,1,places_top,False
train/00000115/00115826.jpg,52432,0.18,0.13,0.42,0.7,0.3,0.18227,0.31636,0.53638,181.0,73.0,214.0,111.0,1,places_top,False
train/00000093/00093734.jpg,11478,0.03,-0.01,0.48,0.6,0.27418,0.010816,0.49782,0.40616,141.0,0.0,232.0,28.0,1,places_top,True
train/00000080/00080545.jpg,55960,0.35,0.09,0.67,0.76,0.50364,0.20545,0.44,0.43727,361.0,58.0,416.0,132.0,1,places_top,False
train/00000019/00019505.jpg,3811,0.61,0.62,0.28,0.36,0.77273,0.72074,0.43455,0.26836,482.0,268.0,554.0,348.0,1,coco_val,False
train/00000010/00010737.jpg,124217,0.02,0.02,0.38,0.98,0.24727,0.1789,0.40727,0.43139,92.0,11.0,183.0,118.0,1,coco,False
train/00000050/00050197.jpg,108996,0.0,0.12,0.25,0.68,0.10364,0.19925,0.70364,0.18712,19.0,67.0,85.0,138.0,1,places_top,False
train/00000032/00032681.jpg,124615,0.22,0.19,0.36,0.58,0.43455,0.26958,0.64909,0.43936,277.0,105.0,318.0,149.0,1,places_top,False
train/00000022/00022629.jpg,61106,0.23,0.51,0.23,0.31,0.36486,0.544,0.45195,0.596,110.0,257.0,129.0,278.0,1,pascal,False
train/00000095/00095555.jpg,99999,0.05,0.0,0.46,0.93,0.5,0.23649,0.60909,0.73635,365.0,83.0,424.0,146.0,1,places_top,False
train/00000030/00030059.jpg,73860,0.02,0.02,0.38,0.7,0.30727,0.058572,0.36909,0.51213,148.0,0.0,241.0,67.0,1,places_top,False
train/00000083/00083870.jpg,118367,0.33,0.08,0.64,0.89,0.46,0.19767,0.42727,0.79416,303.0,42.0,397.0,172.0,1,places_top,False
train/00000051/00051709.jpg,3408,0.24,0.33,0.38,0.71,0.41091,0.3763,0.52364,0.45392,255.0,175.0,288.0,213.0,1,places_top,False
train/00000020/00020789.jpg,32518,0.02,0.01,0.98,0.99,0.336,0.19333,0.614,0.62,60.0,4.0,184.0,157.0,1,pascal,False
train/00000043/00043924.jpg,116930,0.16,0.18,0.49,1.02,0.35455,0.31562,0.6,0.28148,185.0,100.0,276.0,219.0,1,places_top,False
train/00000100/00100363.jpg,109749,0.13,0.16,0.27,0.51,0.26,0.31153,0.28364,0.49392,192.0,129.0,252.0,189.0,1,places_top,True
train/00000081/00081487.jpg,26731,0.31,0.27,0.46,0.6,0.40909,0.30354,0.48545,0.45634,259.0,133.0,290.0,169.0,1,places_top,False
train/00000004/00004739.jpg,59860,0.12,0.17,0.38,0.83,0.38914,0.39333,0.37583,0.73333,137.0,55.0,210.0,152.0,1,actions,False
train/00000054/00054212.jpg,100314,0.17,0.32,0.32,0.82,0.23818,0.40056,0.37091,0.52425,126.0,156.0,177.0,224.0,1,places_top,False
train/00000066/00066997.jpg,63550,0.12,0.23,0.32,0.95,0.26727,0.36272,0.42364,0.66958,140.0,125.0,219.0,228.0,1,places_top,False
train/00000090/00090415.jpg,81277,0.15,0.07,0.3,0.77,0.25455,0.14589,0.37636,0.24776,138.0,39.0,185.0,96.0,1,places_top,False
train/00000096/00096553.jpg,123509,0.01,0.04,0.36,0.74,0.17455,0.16872,0.60364,0.17112,60.0,28.0,145.0,125.0,1,places_top,False
train/00000037/00037107.jpg,21949,0.01,0.23,0.51,0.94,0.25727,0.51273,0.75091,0.45818,30.0,302.0,172.0,461.0,1,places_top,False
train/00000084/00084046.jpg,57246,0.37,0.12,0.53,0.75,0.60909,0.386,0.34,0.66008,408.0,147.0,475.0,225.0,1,places_top,False
train/00000078/00078557.jpg,18123,0.23,0.03,0.59,1.0,0.48182,0.15865,0.6,0.358,263.0,0.0,404.0,147.0,1,places_top,False
train/00000114/00114783.jpg,112800,0.01,0.15,0.35,0.63,0.17273,0.20545,0.53752,0.16727,49.0,81.0,117.0,151.0,1,places_top,False
train/00000031/00031267.jpg,46802,0.0,0.14,0.17,1.1,0.052727,0.24434,0.36727,0.81543,0.0,93.0,59.0,170.0,1,places_top,False
train/00000115/00115674.jpg,50604,0.24,0.1,0.38,0.49,0.32113,0.15882,0.37589,0.137,133.0,107.0,162.0,141.0,1,places_top,False
train/00000095/00095848.jpg,57028,0.13,0.27,0.24,0.68,0.34,0.3719,0.58727,0.7894,190.0,161.0,223.0,201.0,1,places_top,False
train/00000098/00098441.jpg,48441,0.0,0.25,0.28,0.67,0.061818,0.27364,0.21818,0.29,0.0,17.0,59.0,206.0,1,places_top,False
train/00000108/00108927.jpg,121544,0.05,0.03,0.65,0.98,0.40071,0.19455,0.70354,0.44909,114.0,49.0,228.0,184.0,1,places_top,False
train/00000010/00010747.jpg,49587,0.46,0.37,0.17,0.62,0.58727,0.47091,0.51455,0.52182,324.0,177.0,406.0,285.0,1,coco,False
train/00000076/00076905.jpg,61695,0.21,0.13,0.62,0.8,0.39183,0.22647,0.38698,0.23556,172.0,102.0,237.0,193.0,1,places_top,False
train/00000099/00099382.jpg,68141,0.27,0.28,0.53,0.68,0.71428,0.35636,0.52408,0.56364,345.0,161.0,439.0,286.0,1,places_top,False
train/00000093/00093172.jpg,106138,0.22,0.16,0.48,0.46,0.39571,0.19818,0.5097,0.4,172.0,103.0,220.0,162.0,1,places_top,False
train/00000060/00060838.jpg,16264,0.31,0.25,0.6,0.91,0.49455,0.34141,0.80545,0.33867,336.0,135.0,382.0,188.0,1,places_top,False
train/00000108/00108792.jpg,12149,0.09,0.1,0.43,0.88,0.36364,0.27578,0.35091,0.6832,220.0,67.0,311.0,208.0,1,places_top,False
train/00000037/00037444.jpg,90266,0.06,0.08,0.53,0.98,0.37455,0.30091,0.53273,0.61727,169.0,40.0,314.0,219.0,1,places_top,False
train/00000118/00118355.jpg,109974,0.06,0.23,0.53,0.76,0.34118,0.40033,0.52059,0.45681,53.0,71.0,119.0,152.0,1,sun,False
train/00000017/00017722.jpg,78874,0.17,0.45,0.61,0.31,0.41592,0.482,0.94444,0.796,124.0,227.0,147.0,254.0,1,coco_val,False
train/00000013/00013565.jpg,21369,0.79,0.19,0.19,0.67,0.84182,0.26236,0.80909,0.34977,531.0,81.0,571.0,125.0,1,coco,False
train/00000002/00002440.jpg,6108,0.41,0.01,0.59,0.99,0.5212,0.2952,0.51893,0.36187,166.0,1.0,291.0,121.0,1,actions,True
train/00000054/00054598.jpg,121984,0.24,0.25,0.58,0.98,0.47091,0.58246,0.55273,0.69888,260.0,226.0,342.0,318.0,1,places_top,True
train/00000008/00008131.jpg,37749,0.1,0.37,0.24,0.46,0.27455,0.44667,0.48182,0.58485,154.0,186.0,188.0,229.0,1,coco,False
train/00000096/00096810.jpg,40070,0.14,0.1,0.39,0.92,0.27273,0.28909,0.12909,0.26,233.0,62.0,333.0,200.0,1,places_top,False
train/00000013/00013210.jpg,59734,0.04,0.55,0.4,0.45,0.308,0.61,0.796,0.444,75.0,276.0,126.0,330.0,1,coco,False
train/00000028/00028739.jpg,50933,0.07,0.09,0.43,0.63,0.27636,0.18227,0.19091,0.57276,156.0,44.0,215.0,124.0,1,places_top,False
train/00000072/00072735.jpg,41982,0.11,0.05,0.49,0.96,0.23636,0.19902,0.10182,0.7277,142.0,8.0,252.0,156.0,1,places_top,False
train/00000012/00012689.jpg,22859,0.74,0.0,0.26,0.87,0.76364,0.058527,0.19818,0.54905,475.0,0.0,575.0,78.0,1,coco,False
train/00000074/00074146.jpg,32751,0.19,0.13,0.3,0.81,0.39636,0.36175,0.87636,0.93415,248.0,163.0,280.0,202.0,1,places_top,False
train/00000042/00042570.jpg,14183,0.06,0.14,0.23,0.4,0.2,0.19925,0.28727,0.2332,115.0,70.0,145.0,104.0,1,places_top,False
train/00000100/00100464.jpg,58950,-0.09,0.12,0.91,1.01,0.31273,0.30261,0.62182,0.49726,79.0,32.0,294.0,289.0,1,places_top,False
train/00000093/00093501.jpg,80072,0.09,0.23,0.28,0.98,0.16364,0.29984,0.19636,0.58795,108.0,106.0,172.0,197.0,1,places_top,False
train/00000042/00042913.jpg,61006,0.11,0.01,0.5,0.93,0.35527,0.1909,0.68255,0.63718,176.0,8.0,274.0,142.0,1,places_top,False
train/00000076/00076683.jpg,15001,0.43,0.25,0.62,0.69,0.52364,0.34414,0.44909,0.56836,392.0,137.0,441.0,202.0,1,places_top,False
train/00000098/00098381.jpg,61105,0.29,0.32,0.63,0.58,0.47285,0.32182,0.45064,0.38545,220.0,201.0,261.0,249.0,1,places_top,False
train/00000080/00080521.jpg,96231,0.16,0.07,0.25,0.65,0.39455,0.089986,0.43636,0.42869,352.0,6.0,420.0,83.0,1,places_top,False
train/00000024/00024574.jpg,11941,0.26,0.12,0.83,1.02,0.63091,0.31182,0.65273,0.37182,407.0,78.0,513.0,207.0,1,places_top,False
train/00000024/00024730.jpg,92636,0.08,0.18,0.49,0.97,0.3,0.27444,0.63091,0.12891,138.0,109.0,222.0,193.0,1,places_top,False
train/00000022/00022058.jpg,74329,0.12,0.25,0.43,0.29,0.284,0.39067,0.13,0.54,126.0,118.0,167.0,171.0,1,pascal,False
train/00000018/00018055.jpg,32476,0.37,0.01,0.63,0.98,0.79455,0.21394,0.56909,0.42,473.0,0.0,640.0,181.0,1,coco_val,False
train/00000103/00103337.jpg,67511,0.36,0.31,0.59,0.72,0.49219,0.4427,0.46289,0.68484,216.0,210.0,259.0,256.0,1,places_top,False
train/00000022/00022681.jpg,118214,0.0,0.14,1.0,0.86,0.77265,0.35667,0.51773,0.25333,290.0,48.0,389.0,161.0,1,pascal,False
train/00000037/00037503.jpg,95645,0.33,0.04,0.76,0.97,0.50727,0.28455,0.44545,0.72091,362.0,11.0,534.0,233.0,1,places_top,False
train/00000062/00062360.jpg,75895,0.35,0.23,0.5,0.78,0.45818,0.31576,0.80364,0.2899,383.0,138.0,417.0,179.0,1,places_top,False
train/00000070/00070539.jpg,15662,0.35,0.01,0.98,0.95,0.80364,0.20469,0.40727,0.44805,608.0,0.0,770.0,190.0,1,places_top,False
train/00000076/00076276.jpg,8285,0.08,-0.08,0.35,0.88,0.26727,0.090909,0.34909,0.67727,129.0,0.0,251.0,93.0,1,places_top,False
train/00000023/00023741.jpg,32791,0.72,0.39,0.28,0.44,0.934,0.46286,0.872,0.40571,462.0,156.0,479.0,173.0,1,pascal,True
train/00000086/00086370.jpg,9522,0.05,0.06,0.52,0.93,0.44909,0.30075,0.65273,0.64163,190.0,29.0,340.0,229.0,1,places_top,False
train/00000005/00005751.jpg,33846,0.42,0.0,0.35,0.31,0.51383,0.089382,0.51869,0.46167,194.0,1.0,261.0,101.0,1,coco,False
train/00000093/00093470.jpg,70169,0.34,0.21,0.43,0.94,0.68182,0.33509,0.46,0.24163,523.0,155.0,561.0,192.0,1,places_top,False
train/00000021/00021646.jpg,50855,0.07,0.09,0.32,0.41,0.186,0.23653,0.452,0.6018,62.0,30.0,111.0,97.0,1,pascal,False
train/00000015/00015705.jpg,11681,0.76,0.7,0.23,0.3,0.92545,0.78341,0.94545,0.80794,562.0,300.0,610.0,348.0,1,coco_val,False
train/00000097/00097641.jpg,66129,0.16,0.16,0.53,1.04,0.43273,0.3332,0.60727,0.34961,201.0,83.0,357.0,244.0,1,places_top,False
train/00000000/00000843.jpg,83109,0.08,0.39,0.44,0.58,0.30667,0.49113,0.64333,0.40466,69.0,201.0,98.0,236.0,1,actions,False
train/00000040/00040111.jpg,22749,0.04,0.07,0.32,0.92,0.17818,0.18398,0.52,0.55925,95.0,12.0,181.0,124.0,1,places_top,False
train/00000024/00024953.jpg,31219,0.04,0.09,0.27,0.87,0.21455,0.2041,0.35818,0.44907,92.0,53.0,156.0,126.0,1,places_top,False
train/00000036/00036279.jpg,79334,0.04,0.21,0.18,0.82,0.12727,0.28182,0.57273,0.27364,52.0,117.0,113.0,177.0,1,places_top,False
train/00000024/00024988.jpg,109972,0.13,0.32,0.4,0.99,0.29091,0.39813,0.74727,0.31082,132.0,160.0,211.0,247.0,1,places_top,False
train/00000084/00084636.jpg,58938,0.01,-0.03,0.43,0.69,0.19162,0.094545,0.7728,0.28727,0.0,0.0,128.0,112.0,1,places_top,False
train/00000070/00070979.jpg,3337,0.02,0.12,0.79,0.57,0.65636,0.38789,0.66182,0.96484,424.0,59.0,565.0,227.0,1,places_top,False
train/00000074/00074191.jpg,37879,0.28,0.06,0.42,0.5,0.33455,0.13182,0.34545,0.60091,244.0,40.0,271.0,76.0,1,places_top,False
train/00000101/00101360.jpg,91247,0.01,0.06,0.21,1.01,0.036364,0.09152,0.54364,0.2752,0.0,0.0,37.0,115.0,1,places_top,False
train/00000099/00099012.jpg,89509,0.39,0.27,0.66,0.79,0.55547,0.37779,0.35425,0.62427,389.0,147.0,462.0,233.0,1,places_top,False
train/00000025/00025172.jpg,72991,0.31,0.21,0.64,0.97,0.46364,0.5,0.14909,0.54123,270.0,160.0,365.0,273.0,1,places_top,False
train/00000109/00109756.jpg,70836,0.24,0.01,0.58,0.96,0.36545,0.20135,0.26,0.40474,243.0,17.0,346.0,146.0,1,places_top,False
train/00000005/00005964.jpg,3652,0.07,0.22,0.56,0.5,0.3915,0.29818,0.39693,0.64182,147.0,149.0,183.0,202.0,1,coco,False
train/00000055/00055169.jpg,80404,0.31,0.26,0.52,0.73,0.38727,0.3375,0.48545,0.53396,205.0,124.0,270.0,203.0,1,places_top,False
train/00000035/00035276.jpg,91610,0.09,0.12,0.76,0.99,0.21636,0.32364,0.31455,0.24545,63.0,221.0,154.0,288.0,1,places_top,False
train/00000047/00047638.jpg,67217,0.33,0.08,0.9,1.01,0.59023,0.16545,0.48711,0.63273,263.0,16.0,358.0,131.0,1,places_top,False
train/00000025/00025200.jpg,120242,0.34,0.13,0.69,0.97,0.51455,0.32113,0.51455,0.32603,283.0,93.0,420.0,276.0,1,places_top,False
train/00000001/00001064.jpg,104469,0.28,0.04,0.53,0.73,0.584,0.24227,0.50067,0.77978,154.0,58.0,209.0,129.0,1,actions,False
train/00000049/00049880.jpg,85748,0.3,0.16,0.52,1.08,0.51164,0.29153,0.45527,0.34607,381.0,124.0,413.0,165.0,1,places_top,False
train/00000082/00082612.jpg,2690,0.25,0.13,0.69,0.73,0.42182,0.2,0.30727,0.26273,313.0,79.0,352.0,127.0,1,places_top,False
train/00000118/00118456.jpg,30172,0.6,0.17,0.13,0.47,0.66229,0.25,0.62397,0.65333,270.0,49.0,289.0,72.0,1,sun,False
train/00000025/00025771.jpg,72674,0.01,0.26,0.16,0.71,0.10909,0.30354,0.46545,0.30354,33.0,135.0,84.0,186.0,1,places_top,False
train/00000084/00084939.jpg,10196,0.26,0.04,0.61,0.95,0.43471,0.22599,0.19107,0.81508,286.0,45.0,360.0,161.0,1,places_top,False
train/00000109/00109959.jpg,101173,0.0,0.12,0.12,0.8,0.036364,0.27678,0.25091,0.16679,0.0,87.0,33.0,169.0,1,places_top,False
train/00000024/00024912.jpg,15395,0.36,0.03,0.52,1.02,0.64,0.54909,0.47636,0.18091,469.0,255.0,511.0,301.0,1,places_top,False
train/00000000/00000217.jpg,104809,0.03,0.14,0.96,0.86,0.435,0.34123,0.5875,0.45972,41.0,56.0,223.0,255.0,1,actions,False
train/00000098/00098696.jpg,70463,0.22,0.17,0.35,0.95,0.28909,0.28455,0.46909,0.50273,183.0,88.0,240.0,165.0,1,places_top,False
train/00000071/00071495.jpg,98462,0.05,0.17,0.58,1.02,0.41455,0.37229,0.51818,0.62771,192.0,88.0,298.0,218.0,1,places_top,False
train/00000012/00012181.jpg,60002,0.23,0.07,0.29,0.63,0.43455,0.15828,0.85455,0.80822,231.0,35.0,286.0,106.0,1,coco,False
train/00000042/00042581.jpg,110136,0.24,0.16,0.56,0.76,0.46364,0.27056,0.51091,0.41598,376.0,85.0,435.0,159.0,1,places_top,False
train/00000008/00008184.jpg,27120,0.71,0.2,0.25,0.52,0.88182,0.26564,0.81273,0.38554,560.0,84.0,603.0,134.0,1,coco,False
train/00000118/00118503.jpg,113123,0.16,0.25,0.32,0.48,0.22,0.36688,0.29455,0.76372,104.0,109.0,156.0,178.0,1,sun,False
train/00000057/00057796.jpg,80762,0.0,0.26,0.18,0.96,0.10182,0.38868,0.16364,0.51919,18.0,131.0,113.0,239.0,1,places_top,False
train/00000077/00077721.jpg,79506,0.2,0.37,0.35,0.76,0.36909,0.37676,0.28,0.50685,344.0,181.0,373.0,217.0,1,places_top,False
train/00000032/00032120.jpg,91864,0.09,0.3,0.24,0.78,0.19273,0.3569,0.42545,0.32779,102.0,155.0,135.0,188.0,1,places_top,False
train/00000060/00060443.jpg,105893,0.04,0.01,0.66,1.0,0.52727,0.3,0.58727,0.71273,181.0,65.0,389.0,272.0,1,places_top,False
train/00000033/00033428.jpg,84538,0.13,0.03,0.24,0.82,0.30182,0.19806,0.52727,0.2579,177.0,53.0,246.0,138.0,1,places_top,False
train/00000118/00118627.jpg,55625,0.36,0.28,0.11,0.57,0.4388,0.33261,0.62244,0.31079,1008.0,560.0,1158.0,701.0,1,sun,False
train/00000105/00105442.jpg,66288,0.22,0.32,0.47,0.73,0.59249,0.34364,0.56528,0.40364,290.0,248.0,313.0,279.0,1,places_top,False
train/00000000/00000271.jpg,90856,0.01,0.03,0.91,0.97,0.44,0.35667,0.8525,0.4,60.0,15.0,192.0,175.0,1,actions,False
train/00000076/00076950.jpg,112629,0.12,0.12,0.83,0.98,0.77,0.28545,0.95,0.36,311.0,116.0,432.0,283.0,1,places_top,False
train/00000012/00012958.jpg,116587,0.27,0.0,0.34,0.54,0.49273,0.20909,0.53818,0.44667,245.0,2.0,352.0,151.0,1,coco,False
train/00000015/00015002.jpg,16252,0.08,0.49,0.3,0.42,0.26291,0.54364,0.50545,0.78727,89.0,318.0,128.0,363.0,1,coco_val,False
train/00000078/00078498.jpg,77026,0.0,0.28,0.16,0.87,0.052727,0.37422,0.087273,0.89102,1.0,146.0,54.0,222.0,1,places_top,False
train/00000006/00006137.jpg,22831,0.32,0.08,0.38,0.62,0.58428,0.19455,0.57069,0.66,206.0,54.0,274.0,148.0,1,coco,False
train/00000103/00103655.jpg,31961,-0.01,0.09,0.5,0.97,0.34364,0.42344,0.77273,0.45625,2.0,0.0,336.0,368.0,1,places_top,False
train/00000091/00091509.jpg,101487,0.18,0.29,0.6,0.81,0.45716,0.32727,0.57765,0.30727,195.0,216.0,245.0,280.0,1,places_top,False
train/00000113/00113468.jpg,95838,0.09,0.0,0.32,0.81,0.25455,0.1,0.34727,0.90455,131.0,11.0,182.0,79.0,1,places_top,False
train/00000084/00084441.jpg,21528,0.16,0.05,0.79,0.98,0.76727,0.35338,0.54727,0.41701,563.0,88.0,717.0,257.0,1,places_top,False
train/00000097/00097882.jpg,118075,0.32,0.13,0.49,0.38,0.66909,0.42636,0.18182,0.31727,493.0,144.0,600.0,264.0,1,places_top,False
train/00000074/00074275.jpg,54736,0.35,0.29,0.53,0.67,0.77636,0.31332,0.55818,0.33151,592.0,141.0,625.0,178.0,1,places_top,False
train/00000005/00005396.jpg,35810,0.13,0.2,0.24,0.8,0.29455,0.2924,0.46182,0.28148,131.0,83.0,198.0,166.0,1,coco,False
train/00000092/00092526.jpg,88156,0.15,0.14,0.47,0.9,0.34766,0.23242,0.46094,0.26172,134.0,79.0,219.0,161.0,1,places_top,False
train/00000042/00042877.jpg,63851,0.05,0.07,0.33,0.9,0.26182,0.15781,0.39273,0.55807,105.0,18.0,174.0,111.0,1,places_top,False
train/00000083/00083304.jpg,100439,0.02,0.29,0.4,0.69,0.17855,0.37818,0.49378,0.38545,22.0,156.0,110.0,265.0,1,places_top,False
train/00000019/00019014.jpg,67961,0.31,0.01,0.45,0.87,0.54909,0.22121,0.34909,0.96061,313.0,1.0,419.0,155.0,1,coco_val,False
train/00000015/00015114.jpg,52509,0.36,0.15,0.21,0.59,0.46909,0.22364,0.77091,0.30606,260.0,73.0,313.0,143.0,1,coco_val,False
train/00000095/00095792.jpg,115612,0.16,0.24,0.4,0.47,0.55818,0.43519,0.18,0.34446,403.0,193.0,439.0,237.0,1,places_top,False
train/00000027/00027919.jpg,66823,0.02,0.03,0.32,0.94,0.096364,0.45898,0.66364,0.19102,0.0,80.0,123.0,347.0,1,places_top,False
train/00000052/00052597.jpg,98161,0.42,0.29,0.56,0.8,0.48,0.34707,0.74545,0.66385,357.0,159.0,390.0,199.0,1,places_top,False
train/00000046/00046819.jpg,15316,0.21,0.09,0.55,0.92,0.53273,0.15319,0.2,0.2078,409.0,0.0,527.0,142.0,1,places_top,False
train/00000088/00088434.jpg,5590,0.13,0.13,0.73,0.76,0.41818,0.30661,0.24364,0.66425,273.0,83.0,383.0,230.0,1,places_top,False
train/00000021/00021776.jpg,124806,0.64,0.19,0.27,0.81,0.708,0.33733,0.512,0.348,328.0,72.0,411.0,155.0,1,pascal,False
train/00000046/00046772.jpg,66872,0.06,0.11,0.93,1.07,0.77422,0.27062,0.37773,0.25305,365.0,76.0,467.0,204.0,1,places_top,False
train/00000056/00056977.jpg,110486,0.21,0.29,0.54,0.77,0.32727,0.34727,0.50727,0.69091,185.0,118.0,286.0,229.0,1,places_top,False
train/00000088/00088528.jpg,24496,0.12,0.12,0.7,0.96,0.42773,0.30112,0.44531,0.72119,187.0,77.0,296.0,217.0,1,places_top,False
train/00000056/00056727.jpg,124328,0.01,0.17,0.15,0.53,0.061818,0.27653,0.043636,0.50972,18.0,92.0,77.0,164.0,1,places_top,False
train/00000050/00050149.jpg,95441,0.15,0.14,0.47,0.95,0.3,0.36602,0.31818,0.55847,160.0,118.0,237.0,217.0,1,places_top,False
train/00000030/00030479.jpg,112579,0.03,0.14,0.21,0.91,0.14182,0.247,0.24545,0.48967,78.0,86.0,125.0,149.0,1,places_top,False
train/00000045/00045806.jpg,3441,0.1,0.15,0.44,0.99,0.34213,0.24051,0.56032,0.1596,191.0,69.0,271.0,165.0,1,places_top,False
train/00000071/00071635.jpg,52315,0.06,0.13,0.43,0.96,0.34545,0.24421,0.66909,0.13459,168.0,76.0,254.0,170.0,1,places_top,False
train/00000082/00082809.jpg,33133,0.34,0.24,0.51,1.02,0.45273,0.40298,0.72545,0.41996,263.0,175.0,315.0,232.0,1,places_top,False
train/00000071/00071787.jpg,113304,0.04,0.07,0.88,1.01,0.60182,0.37873,0.66909,0.55578,165.0,10.0,442.0,338.0,1,places_top,False
train/00000059/00059513.jpg,3274,0.12,-0.01,0.53,0.61,0.44727,0.15776,0.63455,0.58214,285.0,0.0,386.0,116.0,1,places_top,False
train/00000084/00084836.jpg,48065,0.03,0.2,0.4,1.02,0.29455,0.36018,0.42364,0.72754,145.0,91.0,251.0,228.0,1,places_top,False
train/00000016/00016958.jpg,119193,0.7,0.12,0.3,0.87,0.83818,0.26364,0.27091,0.2,512.0,128.0,546.0,171.0,1,coco_val,False
train/00000013/00013602.jpg,103705,0.84,0.46,0.12,0.54,0.88364,0.50967,0.75818,0.62893,556.0,166.0,584.0,194.0,1,coco,False
train/00000073/00073785.jpg,73214,0.45,0.09,0.57,0.76,0.64727,0.33098,0.83818,0.29628,440.0,155.0,461.0,181.0,1,places_top,False
train/00000048/00048327.jpg,81932,0.27,0.29,0.95,0.81,0.38,0.31727,0.58545,0.30364,244.0,128.0,304.0,198.0,1,places_top,False
train/00000108/00108675.jpg,85586,0.29,0.15,0.64,0.85,0.43273,0.30265,0.28909,0.44133,311.0,112.0,380.0,191.0,1,places_top,False
train/00000051/00051812.jpg,52680,0.33,0.13,0.63,0.81,0.55455,0.25332,0.54909,0.86028,460.0,78.0,537.0,180.0,1,places_top,False
train/00000111/00111145.jpg,15281,0.12,0.06,0.36,0.98,0.38,0.25455,0.70364,0.20818,217.0,76.0,302.0,178.0,1,places_top,False
train/00000050/00050663.jpg,111930,-0.01,0.09,0.29,0.89,0.25273,0.26958,0.57818,0.53881,59.0,39.0,195.0,197.0,1,places_top,False
train/00000009/00009782.jpg,3829,0.29,0.05,0.23,0.75,0.32,0.32518,0.070909,0.92066,190.0,100.0,224.0,150.0,1,coco,True
train/00000061/00061643.jpg,84964,0.28,0.18,0.46,0.99,0.50727,0.21636,0.33455,0.52182,379.0,83.0,423.0,141.0,1,places_top,False
train/00000021/00021463.jpg,94153,0.02,0.25,0.21,0.58,0.184,0.35067,0.554,0.29733,62.0,101.0,122.0,161.0,1,pascal,True
train/00000088/00088264.jpg,50805,0.11,0.01,0.45,0.85,0.31727,0.15273,0.60091,0.41455,83.0,54.0,180.0,174.0,1,places_top,False
train/00000004/00004244.jpg,78491,0.15,0.0,0.37,1.0,0.3925,0.09,0.5075,0.55667,114.0,0.0,160.0,52.0,1,actions,False
train/00000032/00032930.jpg,32554,0.04,0.07,0.48,0.92,0.31727,0.16364,0.54909,0.18,100.0,93.0,168.0,171.0,1,places_top,False
train/00000052/00052268.jpg,95483,0.01,0.18,0.22,0.71,0.12909,0.26473,0.31636,0.26473,50.0,99.0,104.0,168.0,1,places_top,False
train/00000099/00099885.jpg,66306,0.11,0.29,0.49,0.79,0.42545,0.47807,0.48,0.67545,294.0,193.0,353.0,264.0,1,places_top,False
train/00000062/00062559.jpg,57663,0.2,0.19,0.4,1.04,0.37091,0.31966,0.45818,0.85023,216.0,116.0,277.0,198.0,1,places_top,False
train/00000009/00009540.jpg,90471,0.07,0.03,0.91,0.95,0.35964,0.22956,0.38327,0.62743,153.0,18.0,245.0,132.0,1,coco,False
train/00000016/00016145.jpg,56723,0.15,0.08,0.8,0.92,0.45636,0.25474,0.94,0.60356,211.0,35.0,308.0,159.0,1,coco_val,False
train/00000018/00018308.jpg,87499,0.2,0.2,0.16,0.62,0.26364,0.25474,0.21818,0.77524,150.0,86.0,180.0,122.0,1,coco_val,False
train/00000118/00118773.jpg,22549,0.87,0.32,0.12,0.54,0.92581,0.37333,0.66728,0.22,283.0,67.0,297.0,84.0,1,sun,False
train/00000106/00106569.jpg,48602,0.35,0.14,0.65,0.98,0.51455,0.24526,0.33273,0.93411,365.0,74.0,420.0,148.0,1,places_top,False
train/00000015/00015255.jpg,7611,0.0,0.0,1.0,0.95,0.50364,0.48731,0.35091,0.76658,310.0,177.0,413.0,302.0,1,coco_val,False
train/00000029/00029575.jpg,3642,0.01,0.12,0.55,1.0,0.30605,0.32944,0.45151,0.47497,97.0,69.0,225.0,206.0,1,places_top,False
train/00000019/00019327.jpg,34637,0.04,0.14,0.2,0.53,0.14727,0.17526,0.14727,0.17977,76.0,76.0,108.0,112.0,1,coco_val,False
train/00000091/00091217.jpg,62590,0.25,0.03,0.82,0.95,0.49091,0.32779,0.55091,0.57761,242.0,6.0,423.0,212.0,1,places_top,False
train/00000061/00061598.jpg,110627,0.47,-0.05,0.55,0.9,0.5,0.022727,0.092727,0.27636,373.0,0.0,429.0,37.0,1,places_top,False
train/00000039/00039880.jpg,125299,0.07,0.19,0.52,0.97,0.28545,0.23818,0.26727,0.79455,189.0,79.0,242.0,155.0,1,places_top,False
train/00000055/00055870.jpg,69114,0.2,0.04,0.96,1.01,0.55636,0.22835,0.10727,0.43451,355.0,8.0,495.0,197.0,1,places_top,False
train/00000039/00039091.jpg,21030,0.05,0.17,0.16,0.61,0.10364,0.19727,0.25636,0.28727,57.0,87.0,83.0,116.0,1,places_top,False
train/00000026/00026202.jpg,102436,0.11,0.17,0.59,0.79,0.37383,0.23455,0.82351,0.82,141.0,147.0,226.0,251.0,1,places_top,False
train/00000070/00070093.jpg,31642,0.28,0.29,0.72,0.81,0.35636,0.31727,0.74364,0.25727,237.0,132.0,285.0,195.0,1,places_top,False
train/00000003/00003970.jpg,75454,0.35,0.0,0.65,1.0,0.6125,0.21667,0.4125,0.65333,232.0,0.0,318.0,106.0,1,actions,False
train/00000040/00040738.jpg,33971,0.28,0.01,0.99,0.92,0.57273,0.29141,0.33455,0.45634,352.0,0.0,615.0,265.0,1,places_top,False
train/00000076/00076578.jpg,63648,0.05,0.06,0.73,1.01,0.34,0.32207,0.80182,0.48706,130.0,56.0,331.0,283.0,1,places_top,False
train/00000091/00091070.jpg,67666,0.15,0.02,0.34,0.61,0.27122,0.10024,0.56482,0.49626,146.0,22.0,182.0,69.0,1,places_top,False
train/00000016/00016364.jpg,25258,0.08,0.11,0.87,0.89,0.63081,0.23091,0.13756,0.50909,244.0,70.0,359.0,205.0,1,coco_val,False
train/00000010/00010486.jpg,49138,0.44,0.22,0.56,0.78,0.64801,0.33775,0.77216,0.75775,290.0,154.0,411.0,256.0,1,coco,True
train/00000117/00117369.jpg,57753,0.4,0.19,0.61,0.8,0.51818,0.2429,0.75091,0.30354,337.0,100.0,371.0,136.0,1,places_top,False
train/00000018/00018299.jpg,33173,0.03,0.29,0.41,0.7,0.24667,0.43,0.35067,0.306,31.0,151.0,109.0,244.0,1,coco_val,False
train/00000112/00112114.jpg,33491,0.3,0.24,0.57,0.65,0.50727,0.38,0.53091,0.82727,369.0,147.0,416.0,201.0,1,places_top,False
train/00000116/00116176.jpg,21375,0.13,0.26,0.33,0.58,0.31091,0.28737,0.34909,0.28303,142.0,125.0,169.0,154.0,1,places_top,False
train/00000056/00056973.jpg,123723,0.29,0.31,0.4,0.81,0.33818,0.36636,0.40727,0.32273,255.0,172.0,278.0,197.0,1,places_top,False
train/00000051/00051614.jpg,74261,0.13,0.2,0.23,0.65,0.22545,0.25988,0.80727,0.46119,109.0,105.0,165.0,159.0,1,places_top,False
train/00000005/00005266.jpg,55627,0.49,0.11,0.48,0.88,0.59091,0.29065,0.25091,0.82897,334.0,41.0,457.0,191.0,1,coco,False
train/00000009/00009119.jpg,61309,0.04,0.13,0.71,0.84,0.46,0.21879,0.86182,0.23333,245.0,68.0,307.0,138.0,1,coco,False
train/00000030/00030576.jpg,119972,0.06,0.04,0.24,0.97,0.23273,0.17827,0.31455,0.35522,137.0,37.0,197.0,113.0,1,places_top,False
train/00000040/00040107.jpg,14111,0.07,0.0,0.43,1.0,0.37636,0.10403,0.56,0.68843,158.0,0.0,310.0,130.0,1,places_top,False
train/00000053/00053971.jpg,86471,0.14,-0.02,0.63,0.86,0.41091,0.21563,0.40909,0.75977,248.0,0.0,407.0,192.0,1,places_top,False
train/00000033/00033297.jpg,40701,0.17,0.07,0.55,0.87,0.34716,0.17091,0.61949,0.19818,108.0,92.0,190.0,183.0,1,places_top,False
train/00000051/00051444.jpg,107359,0.05,0.02,0.54,0.59,0.36651,0.22,0.37087,0.52187,197.0,0.0,344.0,166.0,1,places_top,False
train/00000075/00075635.jpg,43143,0.11,0.03,0.41,0.91,0.25031,0.41836,0.26242,0.56755,106.0,112.0,219.0,232.0,1,places_top,False
train/00000023/00023011.jpg,17913,0.23,0.45,0.37,0.55,0.422,0.56364,0.41,0.61515,178.0,147.0,240.0,231.0,1,pascal,False
train/00000078/00078270.jpg,71689,0.2,0.22,0.28,0.82,0.26909,0.57034,0.62545,0.56306,170.0,287.0,189.0,307.0,1,places_top,False
train/00000018/00018028.jpg,120441,0.07,0.15,0.93,0.84,0.47333,0.262,0.564,0.292,60.0,75.0,203.0,235.0,1,coco_val,False
train/00000104/00104143.jpg,88457,0.37,0.08,0.64,0.81,0.48,0.12648,0.29636,0.62127,308.0,30.0,356.0,91.0,1,places_top,False
train/00000003/00003308.jpg,42139,0.3,0.06,0.31,0.63,0.51,0.11419,0.63333,0.50222,126.0,27.0,165.0,80.0,1,actions,False
train/00000043/00043339.jpg,23461,0.24,0.05,0.38,0.44,0.30909,0.11273,0.023636,0.31182,220.0,28.0,259.0,79.0,1,places_top,False
train/00000016/00016622.jpg,28081,0.42,0.2,0.44,0.52,0.63964,0.27091,0.6944,0.32727,232.0,129.0,299.0,218.0,1,coco_val,False
train/00000030/00030694.jpg,35208,0.15,0.16,0.25,0.67,0.32545,0.42071,0.35636,0.4918,214.0,181.0,257.0,232.0,1,places_top,False
train/00000048/00048024.jpg,40909,0.01,0.04,0.17,0.98,0.16,0.13182,0.52,0.36091,80.0,13.0,155.0,99.0,1,places_top,False
train/00000112/00112218.jpg,87895,0.26,0.11,0.42,0.91,0.35455,0.26716,0.48727,0.57034,223.0,100.0,265.0,152.0,1,places_top,False
train/00000093/00093882.jpg,408,0.17,0.27,0.54,0.77,0.44,0.36082,0.48364,0.42537,221.0,139.0,274.0,194.0,1,places_top,False
train/00000080/00080463.jpg,58180,0.37,0.05,0.72,1.03,0.48364,0.31648,0.30545,0.65653,338.0,39.0,492.0,236.0,1,places_top,False
train/00000025/00025432.jpg,80857,0.24,0.17,0.67,1.01,0.39091,0.34417,0.27455,0.22464,294.0,112.0,408.0,230.0,1,places_top,False
train/00000012/00012276.jpg,99398,0.61,0.21,0.13,0.5,0.71091,0.26995,0.81636,0.72781,430.0,115.0,463.0,155.0,1,coco,False
train/00000079/00079029.jpg,95774,0.05,0.19,0.19,0.65,0.14364,0.29273,0.37455,0.30636,72.0,120.0,119.0,169.0,1,places_top,False
train/00000035/00035199.jpg,22000,0.44,0.06,0.54,0.77,0.57636,0.27686,0.28727,0.29141,382.0,112.0,427.0,164.0,1,places_top,False
train/00000081/00081880.jpg,44317,0.4,0.2,0.78,0.76,0.46,0.27636,0.36545,0.63636,330.0,78.0,403.0,179.0,1,places_top,False
train/00000115/00115049.jpg,71936,0.1,0.35,0.59,0.73,0.16182,0.51273,0.28727,0.35273,59.0,288.0,224.0,468.0,1,places_top,False
train/00000045/00045783.jpg,43083,0.04,0.0,0.53,0.99,0.53091,0.26697,0.32364,0.014759,412.0,84.0,507.0,206.0,1,places_top,False
train/00000050/00050300.jpg,110776,0.22,0.18,0.33,0.62,0.29455,0.21865,0.55091,0.28656,177.0,80.0,212.0,125.0,1,places_top,False
train/00000021/00021223.jpg,121742,0.68,0.03,0.32,0.97,0.814,0.20133,0.386,0.84667,396.0,18.0,468.0,114.0,1,pascal,False
train/00000066/00066490.jpg,46776,0.27,0.26,0.44,0.88,0.39273,0.38818,0.51818,0.91182,258.0,138.0,323.0,230.0,1,places_top,False
train/00000064/00064281.jpg,53433,0.14,0.3,0.24,0.76,0.25728,0.40234,0.25971,0.66428,155.0,175.0,185.0,207.0,1,places_top,True
train/00000009/00009285.jpg,42715,0.29,0.37,0.49,0.46,0.4237,0.37455,0.63353,0.021818,143.0,231.0,193.0,288.0,1,coco,False
train/00000005/00005555.jpg,107417,0.0,0.04,0.71,0.78,0.58448,0.15818,0.45367,0.71818,199.0,25.0,302.0,149.0,1,coco,False
train/00000097/00097044.jpg,62029,0.15,0.3,0.43,0.75,0.29545,0.38909,0.30091,0.74182,120.0,234.0,189.0,332.0,1,places_top,False
train/00000107/00107699.jpg,79315,0.02,0.16,0.2,0.8,0.089091,0.27061,0.50545,0.40715,49.0,105.0,90.0,152.0,1,places_top,False
train/00000009/00009606.jpg,2997,0.38,0.36,0.22,0.64,0.48545,0.4297,0.37818,0.46848,306.0,172.0,364.0,239.0,1,coco,False
train/00000045/00045116.jpg,11298,0.01,0.13,0.33,0.97,0.21636,0.37873,0.54909,0.32779,47.0,108.0,163.0,241.0,1,places_top,False
train/00000058/00058572.jpg,15902,0.03,0.22,0.63,0.91,0.36,0.51365,0.57455,0.81404,174.0,160.0,302.0,310.0,1,places_top,False
train/00000066/00066916.jpg,60939,0.01,0.04,0.46,0.96,0.30364,0.2138,0.67091,0.44907,120.0,48.0,226.0,169.0,1,places_top,False
train/00000015/00015227.jpg,89993,0.32,0.33,0.35,0.38,0.47636,0.38864,0.28,0.50909,290.0,169.0,344.0,224.0,1,coco_val,False
train/00000079/00079960.jpg,276,0.02,0.1,0.17,0.83,0.10909,0.20742,0.065455,0.20195,73.0,80.0,121.0,131.0,1,places_top,False
train/00000093/00093497.jpg,57839,0.14,0.32,0.3,0.7,0.20545,0.36127,0.74,0.41023,132.0,161.0,168.0,204.0,1,places_top,False
train/00000063/00063886.jpg,41991,0.24,0.18,0.49,0.98,0.49727,0.37091,0.85547,0.30727,207.0,242.0,263.0,307.0,1,places_top,False
train/00000009/00009513.jpg,72058,0.26,0.52,0.21,0.38,0.40727,0.60083,0.52364,0.76706,231.0,228.0,266.0,267.0,1,coco,False
train/00000057/00057709.jpg,21293,0.25,0.31,0.43,0.97,0.54545,0.40969,0.73636,0.41234,367.0,170.0,423.0,242.0,1,places_top,False
train/00000105/00105501.jpg,39357,0.21,0.18,0.4,1.02,0.37455,0.27782,0.82545,0.91458,211.0,107.0,254.0,164.0,1,places_top,False
train/00000100/00100146.jpg,39905,0.13,0.16,0.9,1.03,0.34909,0.386,0.32364,0.55336,193.0,111.0,332.0,319.0,1,places_top,False
train/00000099/00099987.jpg,82182,0.27,-0.06,0.6,1.01,0.39818,0.11619,0.21455,0.90026,267.0,0.0,399.0,124.0,1,places_top,False
train/00000039/00039238.jpg,68841,0.24,0.09,0.74,0.96,0.62289,0.21273,0.75124,0.061818,187.0,108.0,312.0,250.0,1,places_top,False
train/00000003/00003328.jpg,114870,0.42,0.29,0.27,0.42,0.5659,0.36091,0.70273,0.61212,151.0,120.0,179.0,159.0,1,actions,False
train/00000008/00008526.jpg,85312,0.12,0.31,0.44,0.45,0.44,0.4137,0.14727,0.76446,266.0,135.0,312.0,190.0,1,coco,False
train/00000113/00113578.jpg,96734,0.45,0.26,0.56,0.74,0.90909,0.35636,0.90364,0.51273,450.0,248.0,481.0,291.0,1,places_top,False
train/00000079/00079758.jpg,96924,0.0,0.19,0.19,0.46,0.068274,0.20909,0.21137,0.25273,11.0,121.0,42.0,153.0,1,places_top,False
train/00000034/00034417.jpg,31537,0.3,0.17,0.71,0.94,0.48909,0.22364,0.36364,0.27636,242.0,134.0,307.0,211.0,1,places_top,False
train/00000038/00038932.jpg,34190,0.33,0.33,0.52,0.59,0.53273,0.7959,0.47455,0.46847,351.0,392.0,376.0,420.0,1,places_top,False
train/00000118/00118141.jpg,35969,0.21,0.35,0.59,0.62,0.405,0.40727,0.52452,0.86727,174.0,296.0,228.0,374.0,1,places_top,False
train/00000019/00019039.jpg,49521,0.44,0.21,0.24,0.61,0.51921,0.33455,0.55763,0.21636,188.0,205.0,230.0,244.0,1,coco_val,False
train/00000000/00000074.jpg,103389,0.03,0.32,0.66,0.68,0.56,0.4135,0.81,0.49789,97.0,148.0,188.0,256.0,1,actions,False
train/00000008/00008774.jpg,122300,0.11,0.18,0.42,0.82,0.28,0.34,0.57091,0.37394,104.0,90.0,191.0,200.0,1,coco,False
train/00000069/00069489.jpg,17662,0.0,0.02,0.41,0.91,0.23636,0.20895,0.62182,0.43936,77.0,51.0,204.0,189.0,1,places_top,False
train/00000058/00058179.jpg,102663,0.01,0.12,0.16,0.84,0.11818,0.21994,0.26,0.15918,58.0,81.0,107.0,140.0,1,places_top,False
train/00000035/00035802.jpg,101919,0.1,0.34,0.47,0.6,0.30665,0.37011,0.25196,0.48065,118.0,250.0,175.0,322.0,1,places_top,False
train/00000084/00084464.jpg,68144,0.21,0.02,0.83,0.9,0.35818,0.22545,0.039091,0.84727,149.0,63.0,274.0,237.0,1,places_top,False
train/00000073/00073995.jpg,81616,0.17,0.18,0.44,0.49,0.27454,0.20956,0.31817,0.21684,132.0,142.0,156.0,170.0,1,places_top,False
train/00000118/00118589.jpg,10262,0.43,0.53,0.3,0.47,0.45992,0.62,0.40482,0.80667,155.0,142.0,183.0,175.0,1,sun,False
train/00000081/00081846.jpg,41971,0.43,0.28,0.64,0.6,0.59273,0.33022,0.49818,0.57519,389.0,126.0,428.0,175.0,1,places_top,False
train/00000010/00010857.jpg,104624,0.45,0.15,0.54,0.72,0.64545,0.36182,0.63273,0.64545,369.0,74.0,458.0,202.0,1,coco,False
train/00000113/00113740.jpg,9195,0.36,0.21,0.63,0.84,0.55242,0.29818,0.099688,0.34727,267.0,173.0,320.0,232.0,1,places_top,False
train/00000034/00034852.jpg,97365,0.07,0.2,0.93,0.86,0.51454,0.24862,0.28545,0.26558,230.0,120.0,357.0,252.0,1,places_top,False
train/00000009/00009029.jpg,98734,0.15,0.06,0.64,0.87,0.46545,0.26564,0.74909,0.75616,202.0,25.0,305.0,150.0,1,coco,False
train/00000044/00044229.jpg,33415,0.03,0.04,0.37,0.77,0.27724,0.21091,0.38047,0.44182,3.0,1.0,107.0,133.0,1,places_top,False
train/00000091/00091222.jpg,63943,0.01,0.12,0.33,0.81,0.24,0.35254,0.35818,0.36073,125.0,130.0,208.0,219.0,1,places_top,False
train/00000044/00044700.jpg,109307,0.17,0.18,0.4,1.04,0.33818,0.31567,0.55636,0.39813,160.0,98.0,225.0,173.0,1,places_top,False
train/00000010/00010437.jpg,106454,0.18,0.2,0.17,0.8,0.244,0.268,0.378,0.29467,113.0,75.0,148.0,118.0,1,coco,False
train/00000009/00009897.jpg,112227,0.25,0.19,0.66,0.8,0.54909,0.45378,0.64909,0.39397,261.0,87.0,400.0,323.0,1,coco,False
train/00000051/00051537.jpg,120611,0.2,0.23,0.53,0.99,0.41091,0.39086,0.91455,0.57034,210.0,94.0,309.0,229.0,1,places_top,False
train/00000108/00108195.jpg,66307,0.41,0.04,0.55,0.6,0.48,0.083065,0.47091,0.74042,383.0,5.0,427.0,57.0,1,places_top,False
train/00000048/00048321.jpg,94723,0.15,0.11,0.8,0.79,0.32364,0.15865,0.23091,0.23511,227.0,46.0,317.0,156.0,1,places_top,False
train/00000044/00044867.jpg,123643,0.24,0.11,0.59,0.8,0.42481,0.21636,0.42966,0.0018182,186.0,99.0,247.0,169.0,1,places_top,False
train/00000050/00050403.jpg,93356,0.45,0.04,0.75,0.95,0.53094,0.17091,0.38188,0.43636,255.0,94.0,319.0,175.0,1,places_top,False
train/00000041/00041008.jpg,118673,0.11,0.18,0.37,0.88,0.3,0.31567,0.43091,0.58974,157.0,107.0,229.0,204.0,1,places_top,False
train/00000068/00068931.jpg,74035,0.15,0.14,0.65,1.08,0.36385,0.25636,0.46142,0.96182,150.0,100.0,219.0,196.0,1,places_top,False
train/00000100/00100868.jpg,96152,0.24,0.39,0.44,0.78,0.31091,0.45007,0.49273,0.66818,205.0,206.0,254.0,257.0,1,places_top,False
train/00000011/00011060.jpg,83819,0.42,0.2,0.58,0.79,0.66909,0.36182,0.065455,0.32364,391.0,137.0,548.0,296.0,1,coco,False
train/00000115/00115176.jpg,26526,0.37,0.13,0.55,0.89,0.44,0.21623,0.67091,0.27929,271.0,91.0,319.0,140.0,1,places_top,False
train/00000073/00073734.jpg,58944,0.24,0.21,0.58,0.71,0.52073,0.30244,0.87709,0.81789,361.0,120.0,406.0,178.0,1,places_top,False
train/00000052/00052604.jpg,77793,0.18,0.33,0.32,0.97,0.30364,0.58224,0.38,0.70287,123.0,231.0,240.0,358.0,1,places_top,False
train/00000004/00004033.jpg,28406,0.31,0.21,0.65,0.79,0.595,0.37333,0.2525,0.55,226.0,61.0,310.0,162.0,1,actions,False
train/00000037/00037964.jpg,72971,-0.02,0.01,0.6,1.03,0.33273,0.15316,0.58,0.35447,6.0,0.0,234.0,187.0,1,places_top,False
train/00000049/00049927.jpg,6513,0.11,0.05,0.33,0.29,0.21166,0.072727,0.62785,0.27273,73.0,20.0,112.0,71.0,1,places_top,False
train/00000111/00111989.jpg,83968,0.24,0.16,0.56,0.89,0.44545,0.21909,0.75818,0.19455,284.0,73.0,352.0,150.0,1,places_top,False
train/00000035/00035539.jpg,50513,0.22,0.18,0.8,0.96,0.48091,0.24727,0.49182,0.53091,199.0,129.0,270.0,236.0,1,places_top,False
train/00000008/00008819.jpg,98677,0.35,0.38,0.22,0.36,0.47275,0.43636,0.34194,0.32727,171.0,249.0,231.0,309.0,1,coco,True
train/00000118/00118385.jpg,110183,0.51,0.46,0.25,0.54,0.61629,0.54582,0.38962,0.68158,1942.0,1120.0,2282.0,1554.0,1,sun,False
train/00000046/00046535.jpg,119551,0.1,0.18,0.73,0.96,0.37455,0.38273,0.52909,0.36909,208.0,95.0,334.0,278.0,1,places_top,False
train/00000067/00067088.jpg,117970,0.08,0.13,0.34,1.07,0.20909,0.24061,0.41818,0.34,85.0,87.0,148.0,156.0,1,places_top,False
train/00000014/00014759.jpg,26175,0.34,0.22,0.19,0.75,0.45091,0.30848,0.37455,0.60424,285.0,107.0,327.0,168.0,1,coco,False
train/00000038/00038285.jpg,60265,0.07,0.04,0.84,0.97,0.64,0.16602,0.80364,0.13565,227.0,6.0,369.0,180.0,1,places_top,False
train/00000020/00020405.jpg,121193,0.48,0.04,0.51,0.96,0.692,0.264,0.228,0.36,200.0,20.0,375.0,248.0,1,imagenet,False
train/00000017/00017103.jpg,113786,0.45,0.39,0.17,0.6,0.48727,0.48637,0.44909,0.5,291.0,178.0,337.0,230.0,1,coco_val,False
train/00000066/00066365.jpg,26873,0.01,0.32,0.23,0.51,0.063636,0.56182,0.5,0.27455,0.0,381.0,118.0,522.0,1,places_top,False
train/00000062/00062657.jpg,93889,0.01,0.06,0.32,1.0,0.11636,0.3092,0.81636,0.29436,0.0,19.0,131.0,204.0,1,places_top,False
train/00000015/00015630.jpg,26841,0.24,0.01,0.29,0.98,0.34909,0.12315,0.22727,0.24792,216.0,13.0,273.0,76.0,1,coco_val,False
train/00000094/00094796.jpg,16512,0.17,0.17,0.32,0.55,0.23455,0.2392,0.26364,0.38494,158.0,97.0,188.0,136.0,1,places_top,False
train/00000030/00030205.jpg,115344,0.35,0.14,0.47,0.5,0.39273,0.2443,0.38727,0.36671,277.0,87.0,319.0,139.0,1,places_top,False
train/00000003/00003200.jpg,116635,0.31,0.04,0.59,0.96,0.6575,0.23,0.4875,0.34333,253.0,13.0,343.0,121.0,1,actions,False
train/00000050/00050217.jpg,56615,0.1,0.21,0.44,0.84,0.26485,0.31615,0.33515,0.44324,161.0,112.0,226.0,190.0,1,places_top,False
train/00000102/00102699.jpg,28287,0.05,0.14,0.29,0.91,0.24645,0.20972,0.49518,0.76534,143.0,78.0,190.0,122.0,1,places_top,False
train/00000019/00019773.jpg,3943,0.01,0.21,0.37,0.78,0.22727,0.3497,0.86545,0.44424,61.0,105.0,156.0,214.0,1,coco_val,False
train/00000029/00029817.jpg,4574,-0.01,0.11,0.26,0.69,0.15455,0.23682,0.18909,0.65832,46.0,60.0,126.0,164.0,1,places_top,False
train/00000046/00046173.jpg,71867,0.32,0.04,0.72,0.86,0.38364,0.15364,0.51273,0.090909,256.0,53.0,316.0,106.0,1,places_top,False
train/00000021/00021691.jpg,103750,0.55,0.15,0.29,0.58,0.628,0.284,0.548,0.556,294.0,58.0,349.0,127.0,1,pascal,False
train/00000042/00042083.jpg,70681,0.3,0.31,0.51,0.9,0.41818,0.39582,0.37091,0.69739,296.0,154.0,354.0,238.0,1,places_top,False
train/00000076/00076205.jpg,18946,0.19,0.28,0.4,0.81,0.31455,0.34962,0.56545,0.3666,161.0,150.0,232.0,230.0,1,places_top,False
train/00000021/00021637.jpg,109256,0.31,0.52,0.24,0.48,0.406,0.61467,0.388,0.25467,176.0,197.0,240.0,267.0,1,pascal,False
train/00000104/00104440.jpg,14098,0.39,0.02,0.56,1.02,0.50545,0.22178,0.97273,0.65528,418.0,56.0,480.0,142.0,1,places_top,False
train/00000073/00073447.jpg,40629,0.13,0.02,0.47,0.72,0.33455,0.2496,0.24545,0.4867,153.0,20.0,260.0,176.0,1,places_top,False
train/00000058/00058970.jpg,116299,0.01,0.1,0.28,0.93,0.17091,0.24364,0.95636,0.23273,51.0,74.0,152.0,176.0,1,places_top,False
train/00000018/00018472.jpg,23252,0.25,0.08,0.66,0.79,0.69987,0.22364,0.50548,0.84364,265.0,50.0,383.0,206.0,1,coco_val,False
train/00000069/00069046.jpg,124038,0.15,0.17,0.4,1.02,0.26,0.23945,0.70545,0.19485,148.0,97.0,191.0,149.0,1,places_top,False
train/00000094/00094031.jpg,62938,0.4,0.03,0.59,0.54,0.48545,0.12636,0.91455,0.66909,349.0,20.0,395.0,83.0,1,places_top,False
train/00000115/00115181.jpg,43898,0.23,0.09,0.4,0.73,0.49636,0.22593,0.61091,0.3472,311.0,79.0,358.0,132.0,1,places_top,False
train/00000031/00031229.jpg,54420,0.03,0.1,0.32,0.97,0.29636,0.18572,0.52182,0.92427,209.0,31.0,277.0,116.0,1,places_top,False
train/00000031/00031551.jpg,65948,0.24,0.22,0.52,0.92,0.53636,0.32,0.78545,0.32,403.0,160.0,420.0,180.0,1,places_top,False
train/00000018/00018540.jpg,110537,0.79,0.06,0.15,0.75,0.86482,0.10727,0.38664,0.37832,542.0,25.0,576.0,68.0,1,coco_val,False
train/00000095/00095239.jpg,80458,0.0,0.06,0.17,0.62,0.11273,0.17443,0.43273,0.52713,45.0,41.0,107.0,120.0,1,places_top,False
train/00000097/00097059.jpg,33571,0.01,0.22,0.22,0.98,0.16545,0.35733,0.20727,0.50297,77.0,113.0,149.0,202.0,1,places_top,False
train/00000067/00067614.jpg,90894,0.44,0.21,0.59,0.5,0.56182,0.23818,0.59091,0.40727,409.0,98.0,439.0,130.0,1,places_top,False
train/00000019/00019297.jpg,111491,0.64,0.18,0.3,0.67,0.71273,0.25474,0.33818,0.64443,443.0,76.0,483.0,132.0,1,coco_val,False
train/00000064/00064883.jpg,21023,0.18,0.25,0.52,0.81,0.37388,0.36727,0.43209,0.79636,125.0,183.0,194.0,270.0,1,places_top,False
train/00000035/00035292.jpg,41431,0.35,0.24,0.51,0.82,0.45091,0.32818,0.52,0.74545,324.0,138.0,364.0,187.0,1,places_top,False
train/00000081/00081289.jpg,119980,0.04,0.07,0.83,0.92,0.60364,0.15909,0.31455,0.35545,445.0,36.0,530.0,144.0,1,places_top,False
train/00000075/00075130.jpg,46559,0.1,0.17,0.47,0.73,0.24909,0.41,0.25455,0.59818,159.0,82.0,275.0,243.0,1,places_top,False
train/00000062/00062697.jpg,108279,0.02,0.35,0.65,0.79,0.49273,0.49727,0.74727,0.66133,282.0,171.0,395.0,329.0,1,places_top,False
train/00000027/00027206.jpg,122428,0.06,0.02,0.9,0.78,0.57276,0.26,0.67463,0.75091,192.0,0.0,379.0,255.0,1,places_top,False
train/00000086/00086482.jpg,13710,0.33,0.05,0.93,1.01,0.46154,0.23633,0.29423,0.87109,204.0,43.0,321.0,196.0,1,places_top,False
train/00000048/00048685.jpg,9644,-0.01,0.22,0.19,1.11,0.17455,0.41265,0.38364,0.35119,70.0,149.0,167.0,264.0,1,places_top,False
train/00000023/00023294.jpg,92770,0.25,0.09,0.35,0.52,0.36376,0.25021,0.16576,0.45021,165.0,32.0,225.0,118.0,1,pascal,False
train/00000006/00006463.jpg,48241,0.69,0.19,0.24,0.58,0.79091,0.25449,0.43636,0.51345,498.0,75.0,523.0,105.0,1,coco,False
train/00000067/00067495.jpg,102561,0.23,0.23,0.52,0.8,0.3,0.3679,0.17455,0.64036,206.0,130.0,268.0,212.0,1,places_top,False
train/00000116/00116218.jpg,51599,0.08,0.19,0.25,0.63,0.16364,0.25759,0.74,0.57354,92.0,102.0,134.0,159.0,1,places_top,False
train/00000115/00115891.jpg,78006,0.09,0.0,0.31,0.69,0.2207,0.099265,0.43359,0.85294,91.0,23.0,129.0,76.0,1,places_top,False
train/00000020/00020466.jpg,78463,0.7,0.63,0.19,0.37,0.77,0.73733,0.738,0.83067,364.0,244.0,402.0,291.0,1,imagenet,False
train/00000104/00104340.jpg,81042,0.02,0.05,0.34,1.04,0.23091,0.22113,0.54727,0.20961,106.0,83.0,158.0,146.0,1,places_top,False
train/00000010/00010530.jpg,42283,0.0,0.01,0.15,0.97,0.04,0.24933,0.14,0.588,0.0,7.0,45.0,115.0,1,coco,False
train/00000110/00110050.jpg,40309,0.11,0.06,0.74,0.94,0.69273,0.3826,0.89455,0.71523,251.0,54.0,409.0,238.0,1,places_top,False
train/00000077/00077609.jpg,116498,0.15,0.22,0.24,0.69,0.21091,0.30415,0.36909,0.35039,143.0,131.0,172.0,161.0,1,places_top,False
train/00000014/00014075.jpg,105304,0.84,0.19,0.16,0.78,0.97818,0.24303,0.54,0.30606,606.0,96.0,640.0,147.0,1,coco,False
train/00000025/00025978.jpg,49244,0.03,0.32,0.35,0.93,0.26273,0.38182,0.44818,0.34,74.0,259.0,143.0,337.0,1,places_top,False
train/00000062/00062905.jpg,46621,0.29,0.21,0.41,0.6,0.37164,0.27579,0.46982,0.38494,227.0,120.0,258.0,159.0,1,places_top,False
train/00000115/00115457.jpg,16822,0.43,0.24,0.56,0.99,0.52,0.3502,0.56364,0.35564,359.0,150.0,401.0,197.0,1,places_top,False
train/00000025/00025419.jpg,93624,0.02,0.11,0.3,1.01,0.20727,0.26231,0.88,0.24776,61.0,82.0,160.0,182.0,1,places_top,False
train/00000103/00103279.jpg,37236,0.0,0.15,0.34,0.94,0.24182,0.3666,0.23636,0.76437,58.0,69.0,204.0,237.0,1,places_top,False
train/00000086/00086530.jpg,14082,0.17,0.15,0.9,1.01,0.33069,0.24909,0.15592,0.76545,113.0,108.0,226.0,252.0,1,places_top,False
train/00000097/00097503.jpg,34359,0.01,-0.02,0.31,0.36,0.10727,0.029837,0.098182,0.21741,31.0,0.0,108.0,63.0,1,places_top,False
train/00000118/00118649.jpg,16038,0.41,0.25,0.29,0.75,0.57818,0.32986,0.71091,0.62396,394.0,141.0,455.0,217.0,1,sun,False
train/00000091/00091186.jpg,61163,-0.01,0.23,0.34,0.93,0.19301,0.36722,0.53796,0.43995,0.0,186.0,109.0,313.0,1,places_top,False
train/00000117/00117993.jpg,110577,0.29,0.34,0.44,0.65,0.31091,0.47817,0.35455,0.54366,204.0,227.0,223.0,248.0,1,places_top,False
train/00000106/00106738.jpg,121848,0.16,0.26,0.86,0.78,0.64473,0.38909,0.88505,0.87455,291.0,237.0,352.0,324.0,1,places_top,False
train/00000060/00060976.jpg,36925,0.11,0.1,0.22,0.65,0.17273,0.19102,0.23091,0.71328,110.0,60.0,146.0,111.0,1,places_top,False
train/00000021/00021945.jpg,46360,0.42,0.12,0.48,0.79,0.552,0.20278,0.944,0.26389,241.0,47.0,278.0,85.0,1,pascal,False
train/00000071/00071712.jpg,67129,0.45,0.22,0.56,0.73,0.46643,0.30182,0.23937,0.21273,225.0,139.0,282.0,189.0,1,places_top,False
train/00000118/00118602.jpg,124978,0.14,0.33,0.3,0.58,0.34958,0.38,0.22423,0.282,97.0,169.0,134.0,213.0,1,sun,False
train/00000082/00082756.jpg,26177,0.26,0.2,0.65,0.83,0.45803,0.28,0.34889,0.48909,216.0,186.0,262.0,250.0,1,places_top,False
train/00000113/00113510.jpg,93133,0.38,0.15,0.62,0.84,0.53593,0.26468,0.70684,0.89256,233.0,154.0,290.0,237.0,1,places_top,False
train/00000084/00084779.jpg,88688,0.04,0.08,0.36,1.02,0.26,0.55182,0.56727,0.89818,138.0,233.0,214.0,326.0,1,places_top,False
train/00000080/00080628.jpg,87985,0.03,0.05,0.47,1.05,0.37571,0.33203,0.71281,0.44727,138.0,136.0,214.0,236.0,1,places_top,False
train/00000017/00017378.jpg,41170,0.35,0.12,0.18,0.73,0.43636,0.17677,0.27636,0.87351,257.0,66.0,295.0,114.0,1,coco_val,False
train/00000066/00066546.jpg,69258,0.12,0.25,0.26,0.67,0.2,0.32294,0.25273,0.54366,123.8,153.4,153.2,185.6,1,places_top,True
train/00000076/00076679.jpg,56431,0.0,0.2,0.35,1.04,0.27201,0.38909,0.69403,0.76,7.0,140.0,174.0,346.0,1,places_top,False
train/00000103/00103627.jpg,74755,0.12,0.16,0.46,0.9,0.40655,0.25091,0.61544,0.43091,140.0,136.0,222.0,242.0,1,places_top,False
train/00000101/00101493.jpg,31152,0.2,0.01,0.43,0.23,0.34727,0.056364,0.32818,0.11818,156.0,7.0,201.0,67.0,1,places_top,False
train/00000073/00073789.jpg,58226,0.0,0.0,0.19,0.85,0.11818,0.093821,0.14545,0.40554,32.0,14.0,79.0,66.0,1,places_top,False
train/00000028/00028651.jpg,120932,0.17,0.15,0.48,0.5,0.43273,0.30466,0.43636,0.43489,291.0,96.0,363.0,165.0,1,places_top,False
train/00000119/00119073.jpg,51249,0.53,0.21,0.13,0.65,0.632,0.252,0.834,0.34267,288.0,79.0,319.0,116.0,1,sun,False
train/00000116/00116273.jpg,91688,0.0,0.06,0.51,0.92,0.39636,0.40298,0.62909,0.45149,108.0,99.0,284.0,293.0,1,places_top,False
train/00000074/00074355.jpg,82202,0.36,0.12,0.71,1.01,0.43455,0.24909,0.38909,0.93091,338.0,80.0,407.0,148.0,1,places_top,False
train/00000056/00056371.jpg,84269,0.04,0.01,0.39,0.89,0.20545,0.1477,0.10909,0.24569,109.0,23.0,177.0,113.0,1,places_top,False
train/00000006/00006498.jpg,43330,0.67,0.13,0.23,0.81,0.79236,0.22703,0.496,0.23276,493.0,52.0,539.0,107.0,1,coco,False
train/00000036/00036136.jpg,34565,0.14,0.28,0.26,0.66,0.16909,0.32446,0.24,0.54507,97.0,138.0,137.0,189.0,1,places_top,False
train/00000036/00036712.jpg,84421,0.01,0.17,0.32,0.62,0.077976,0.39455,0.71101,0.93273,0.0,86.0,78.0,371.0,1,places_top,False
train/00000069/00069864.jpg,12480,0.18,0.11,0.52,0.88,0.39273,0.18636,0.92727,0.35,217.0,20.0,328.0,151.0,1,places_top,False
train/00000058/00058980.jpg,94368,0.13,0.24,0.34,0.61,0.28414,0.32,0.29141,0.40727,123.0,169.0,173.0,229.0,1,places_top,False
train/00000048/00048090.jpg,111678,0.13,0.03,0.56,0.92,0.47818,0.19263,0.58,0.28765,236.0,0.0,389.0,183.0,1,places_top,False
train/00000078/00078744.jpg,69972,0.01,0.0,0.52,0.97,0.28,0.031893,0.51455,0.039169,60.0,1.0,197.0,46.0,1,places_top,False
train/00000012/00012118.jpg,103126,0.47,0.28,0.41,0.37,0.58909,0.32727,0.62,0.37091,340.0,178.0,383.0,227.0,1,coco,False
train/00000110/00110821.jpg,49924,0.2,0.2,0.8,0.79,0.59455,0.25105,0.31092,0.26802,279.0,153.0,350.0,235.0,1,places_top,False
train/00000055/00055646.jpg,109419,0.0,0.05,0.47,1.1,0.38516,0.37273,0.36875,0.83091,72.0,82.0,273.0,358.0,1,places_top,False
train/00000024/00024179.jpg,120394,0.27,0.04,0.68,0.56,0.43309,0.12364,0.32156,0.55636,195.0,10.0,259.0,101.0,1,places_top,False
train/00000001/00001659.jpg,24726,0.4,0.2,0.6,0.8,0.50667,0.33556,0.49333,0.71111,118.0,93.0,181.0,169.0,1,actions,False
train/00000000/00000129.jpg,51278,0.06,0.1,0.86,0.91,0.45305,0.41,0.33099,0.6275,153.0,36.0,323.0,249.0,1,actions,False
train/00000047/00047364.jpg,55831,0.07,0.21,0.92,1.05,0.51455,0.476,0.38909,0.52134,334.0,89.0,481.0,264.0,1,places_top,False
train/00000081/00081312.jpg,26375,0.08,-0.01,0.98,1.06,0.62781,0.25636,0.59315,0.98909,243.0,8.0,411.0,175.0,1,places_top,True
train/00000011/00011757.jpg,95720,0.0,0.06,0.66,0.66,0.45455,0.3124,0.42727,0.54622,270.0,112.0,324.0,164.0,1,coco,False
train/00000091/00091916.jpg,11752,0.38,0.14,0.6,0.49,0.43758,0.19091,0.43164,0.085455,212.0,138.0,252.0,182.0,1,places_top,False
train/00000055/00055616.jpg,36687,0.0,0.12,0.32,0.96,0.10364,0.38,0.42545,0.30364,0.0,109.0,123.0,270.0,1,places_top,False
train/00000111/00111555.jpg,108161,0.15,0.27,0.49,0.85,0.39273,0.36643,0.58545,0.40187,256.0,148.0,317.0,225.0,1,places_top,False
train/00000055/00055614.jpg,26584,0.02,0.14,0.33,1.01,0.14182,0.41786,0.42909,0.52464,0.0,86.0,170.0,359.0,1,places_top,False
train/00000038/00038104.jpg,55464,0.17,0.11,0.27,0.8,0.28909,0.33364,0.69091,0.31727,191.0,144.0,232.0,187.0,1,places_top,False
train/00000106/00106680.jpg,91428,0.12,0.03,0.26,0.49,0.18545,0.082727,0.55818,0.32545,124.0,27.0,156.0,69.0,1,places_top,False
train/00000044/00044757.jpg,105026,0.3,0.18,0.6,0.96,0.51213,0.23273,0.58732,0.51818,241.0,132.0,298.0,200.0,1,places_top,False
train/00000047/00047674.jpg,33035,0.46,0.05,0.56,0.89,0.70839,0.10727,0.53809,0.18182,342.0,22.0,419.0,114.0,1,places_top,False
train/00000098/00098503.jpg,106955,0.0,-0.11,0.3,0.91,0.18,0.11051,0.36364,0.20584,41.0,0.0,156.0,121.0,1,places_top,False
train/00000073/00073422.jpg,90531,0.32,0.1,0.77,0.27,0.65273,0.18364,0.57636,0.71273,254.0,41.0,378.0,210.0,1,places_top,False
train/00000057/00057753.jpg,11589,0.21,0.24,0.5,0.97,0.63636,0.3625,0.23091,0.9125,416.0,73.0,545.0,238.0,1,places_top,False
train/00000024/00024977.jpg,108037,0.29,0.08,0.6,0.65,0.42692,0.19455,0.39525,0.52545,185.0,77.0,240.0,160.0,1,places_top,False
train/00000056/00056699.jpg,99566,0.01,0.06,0.25,0.88,0.18727,0.36175,0.66364,0.76437,2.0,58.0,152.0,238.0,1,places_top,False
train/00000070/00070623.jpg,96905,0.2,0.33,0.34,0.79,0.29636,0.42345,0.66727,0.49727,199.0,179.0,241.0,230.0,1,places_top,False
train/00000025/00025825.jpg,31699,0.34,0.14,0.6,0.81,0.46909,0.26284,0.49273,0.30373,347.0,108.0,379.0,146.0,1,places_top,False
train/00000113/00113184.jpg,61979,0.07,0.1,0.4,0.73,0.34727,0.23818,0.64182,0.96364,233.0,73.0,285.0,138.0,1,places_top,False
train/00000045/00045110.jpg,65946,0.03,0.22,0.33,0.81,0.26909,0.36858,0.81091,0.59309,171.0,165.0,220.0,220.0,1,places_top,False
train/00000087/00087520.jpg,81422,0.27,0.15,0.82,0.81,0.65185,0.24909,0.28094,0.66545,314.0,127.0,370.0,207.0,1,places_top,False
train/00000029/00029363.jpg,12365,0.43,0.27,0.56,0.81,0.49273,0.32818,0.44182,0.36909,358.0,151.0,390.0,185.0,1,places_top,False
train/00000016/00016924.jpg,36512,0.68,0.0,0.32,0.98,0.94105,0.080382,0.16876,0.29839,599.0,0.0,640.0,86.0,1,coco_val,False
train/00000003/00003110.jpg,96954,0.13,0.11,0.72,0.89,0.44027,0.33,0.67478,0.52333,106.0,29.0,209.0,157.0,1,actions,False
train/00000081/00081230.jpg,105613,0.0,-0.02,0.6,0.9,0.46182,0.47273,0.47636,0.61455,285.0,172.0,423.0,312.0,1,places_top,True
train/00000064/00064323.jpg,72502,0.08,0.13,0.2,0.57,0.13273,0.17273,0.59636,0.59,88.0,72.0,113.0,104.0,1,places_top,False
train/00000067/00067745.jpg,95098,0.15,0.29,0.27,0.82,0.18727,0.37449,0.067273,0.7617,129.0,164.0,166.0,211.0,1,places_top,False
train/00000050/00050223.jpg,112995,0.2,0.1,0.37,0.71,0.28182,0.25746,0.37273,0.40298,143.0,77.0,208.0,160.0,1,places_top,False
train/00000119/00119118.jpg,38208,0.31,0.33,0.16,0.51,0.39696,0.39432,0.50604,0.35797,166.0,125.0,201.0,162.0,1,sun,False
train/00000112/00112684.jpg,34310,0.06,0.25,0.2,0.81,0.16545,0.29702,0.22,0.51668,105.0,111.0,147.0,166.0,1,places_top,False
train/00000075/00075160.jpg,62744,0.04,0.04,0.49,0.99,0.10909,0.32052,0.24,0.30354,28.0,92.0,120.0,236.0,1,places_top,True
train/00000050/00050436.jpg,50182,0.01,0.21,0.61,0.98,0.48545,0.39601,0.52909,0.60882,274.0,135.0,363.0,262.0,1,places_top,False
train/00000118/00118109.jpg,96759,0.29,0.17,0.51,0.76,0.41758,0.23728,0.53878,0.60594,260.0,76.0,312.0,147.0,1,places_top,False
train/00000079/00079491.jpg,101230,0.05,0.33,0.32,0.74,0.27273,0.46604,0.3,0.59944,147.0,203.0,200.0,265.0,1,places_top,False
train/00000106/00106794.jpg,44524,0.31,0.05,0.55,0.95,0.5,0.12892,0.33636,0.54638,288.0,26.0,343.0,105.0,1,places_top,False
train/00000059/00059937.jpg,89478,0.03,0.19,0.35,0.96,0.18727,0.29987,0.043636,0.58393,165.0,104.0,241.0,188.0,1,places_top,False
train/00000041/00041448.jpg,102714,0.3,0.06,0.77,0.53,0.64909,0.15136,0.75091,0.41012,449.0,30.0,512.0,105.0,1,places_top,False
train/00000082/00082298.jpg,81637,0.36,0.4,0.63,0.66,0.55455,0.48545,0.41273,0.47575,365.0,221.0,421.0,274.0,1,places_top,False
train/00000029/00029717.jpg,25642,0.3,0.2,0.41,0.79,0.36545,0.30065,0.72727,0.31703,249.0,123.0,291.0,175.0,1,places_top,False
train/00000022/00022329.jpg,14500,0.05,0.43,0.26,0.42,0.172,0.53593,0.248,0.82934,58.0,143.0,101.0,196.0,1,pascal,False
train/00000063/00063255.jpg,87579,0.0,0.22,0.34,1.01,0.25818,0.43664,0.43636,0.84272,125.0,133.0,241.0,276.0,1,places_top,False
train/00000045/00045130.jpg,83248,0.29,0.13,0.51,0.95,0.51273,0.28033,0.87455,0.47437,476.0,97.0,531.0,163.0,1,places_top,False
train/00000073/00073708.jpg,68109,0.01,0.06,0.15,0.38,0.085938,0.076172,0.42188,0.37305,18.0,9.0,41.0,37.0,1,places_top,False
train/00000104/00104047.jpg,42996,0.19,0.0,0.6,0.99,0.42545,0.16957,0.53091,0.56008,229.0,0.0,367.0,159.0,1,places_top,False
train/00000111/00111499.jpg,59828,0.14,0.29,0.3,0.88,0.19091,0.34812,0.67273,0.37397,177.0,137.0,208.0,171.0,1,places_top,False
train/00000022/00022256.jpg,19744,0.77,0.31,0.17,0.59,0.82545,0.68939,0.51818,0.5,398.0,75.6,428.0,88.32,1,pascal,True
train/00000047/00047714.jpg,13264,0.11,0.06,0.52,0.95,0.39091,0.21873,0.55091,0.30338,223.0,46.0,334.0,187.0,1,places_top,False
train/00000028/00028686.jpg,30905,0.29,-0.01,0.4,0.5,0.52545,0.30839,0.62364,0.41268,340.0,124.0,382.0,170.0,1,places_top,False
train/00000011/00011751.jpg,38497,0.48,0.14,0.27,0.66,0.59455,0.20023,0.41273,0.58993,374.0,61.0,411.0,102.0,1,coco,False
train/00000089/00089649.jpg,79850,0.11,0.16,0.68,0.99,0.41273,0.36909,0.56182,0.60364,229.0,87.0,376.0,257.0,1,places_top,False
train/00000096/00096348.jpg,76220,0.03,0.18,0.49,0.89,0.41797,0.30859,0.51758,0.51562,167.0,97.0,230.0,181.0,1,places_top,False
train/00000076/00076960.jpg,99055,0.01,-0.03,0.4,0.31,0.2332,0.018182,0.31809,0.23091,84.0,0.0,143.0,39.0,1,places_top,False
train/00000111/00111887.jpg,29913,0.07,0.01,0.42,0.99,0.29091,0.15091,0.78727,0.28727,140.0,11.0,239.0,122.0,1,places_top,False
train/00000063/00063753.jpg,53035,0.13,0.27,0.35,0.9,0.26242,0.36019,0.28182,0.41852,154.0,138.0,204.0,197.0,1,places_top,False
train/00000116/00116119.jpg,20596,0.32,0.07,0.71,0.76,0.48364,0.17636,0.93909,0.19273,201.0,82.0,261.0,163.0,1,places_top,False
train/00000012/00012992.jpg,66292,0.11,0.36,0.18,0.61,0.27455,0.4103,0.41091,0.45152,143.0,175.0,181.0,220.0,1,coco,False
train/00000115/00115952.jpg,55115,0.05,-0.03,0.47,0.62,0.16545,0.14254,0.35818,0.65064,33.0,2.0,158.0,78.0,1,places_top,True
train/00000025/00025212.jpg,87294,0.11,0.16,0.36,0.98,0.23818,0.25327,0.32364,0.38212,139.0,95.0,197.0,166.0,1,places_top,False
train/00000114/00114901.jpg,56105,-0.01,0.02,0.32,0.95,0.26545,0.2138,0.84364,0.4806,105.0,24.0,211.0,152.0,1,places_top,False
train/00000067/00067073.jpg,122053,0.0,0.08,0.22,0.69,0.15818,0.18227,0.54364,0.62855,62.0,47.0,124.0,128.0,1,places_top,False
train/00000093/00093554.jpg,46064,0.12,0.3,0.28,0.79,0.28909,0.36175,0.49636,0.83956,170.0,153.0,217.0,209.0,1,places_top,False
train/00000064/00064936.jpg,23875,0.32,0.07,0.94,1.04,0.78364,0.17273,0.95818,0.23091,339.0,83.0,421.0,190.0,1,places_top,False
train/00000044/00044613.jpg,81566,0.18,0.03,0.63,0.91,0.2998,0.23273,0.38136,0.80364,89.0,91.0,174.0,203.0,1,places_top,False
train/00000098/00098328.jpg,51931,-0.01,0.07,0.44,0.96,0.29273,0.25879,0.46727,0.5804,121.0,42.0,244.0,205.0,1,places_top,False
train/00000066/00066407.jpg,5602,0.18,0.17,0.27,0.7,0.20909,0.24624,0.18727,0.26597,153.0,103.0,179.0,133.0,1,places_top,True
train/00000107/00107846.jpg,112620,0.04,-0.01,0.35,0.91,0.13091,0.070703,0.2,0.84727,77.0,0.0,136.0,76.0,1,places_top,False
train/00000061/00061223.jpg,24531,0.13,0.1,0.27,0.81,0.26364,0.24666,0.52727,0.43885,185.0,98.0,227.0,147.0,1,places_top,False
train/00000052/00052806.jpg,105472,0.42,0.29,0.55,0.75,0.46545,0.36175,0.26182,0.52668,307.0,165.0,334.0,198.0,1,places_top,False
train/00000101/00101806.jpg,48255,0.14,0.27,0.42,0.76,0.31455,0.35205,0.52727,0.6237,178.0,154.0,262.0,229.0,1,places_top,True
train/00000018/00018811.jpg,37609,0.46,0.5,0.25,0.48,0.54727,0.57358,0.17273,0.14846,336.0,214.0,388.0,284.0,1,coco_val,False
train/00000026/00026221.jpg,79013,0.13,0.29,0.26,0.79,0.36182,0.50816,0.54545,0.30687,203.0,219.0,293.0,299.0,1,places_top,False
train/00000039/00039786.jpg,68380,0.1,0.16,0.32,0.91,0.26727,0.26788,0.65636,0.27061,152.0,90.0,206.0,152.0,1,places_top,False
train/00000076/00076937.jpg,22865,0.0,0.0,0.33,0.99,0.21091,0.15909,0.55273,0.63909,29.0,0.0,181.0,161.0,1,places_top,False
train/00000078/00078453.jpg,26444,0.31,0.17,0.74,0.8,0.42816,0.27077,0.40149,0.48895,318.0,92.0,370.0,160.0,1,places_top,False
train/00000004/00004185.jpg,2944,0.19,0.0,0.74,0.78,0.55333,0.14218,0.53333,0.72512,126.0,0.0,201.0,106.0,1,actions,False
train/00000006/00006808.jpg,8580,0.45,0.17,0.18,0.82,0.55818,0.24303,0.67091,0.13152,323.0,87.0,364.0,136.0,1,coco,False
train/00000041/00041369.jpg,49146,0.01,-0.05,0.51,1.01,0.34727,0.085373,0.43455,0.31084,151.0,0.0,322.0,143.0,1,places_top,False
train/00000007/00007908.jpg,76207,0.36,0.0,0.59,0.97,0.61091,0.18787,0.58364,0.85046,343.0,0.0,455.0,71.0,1,coco,False
train/00000000/00000634.jpg,91815,0.39,0.2,0.59,0.81,0.74305,0.29331,0.4376,0.30349,446.0,140.0,533.0,231.0,1,actions,False
train/00000066/00066075.jpg,20399,0.13,0.25,0.35,0.7,0.38909,0.31727,0.24545,0.31727,283.0,142.0,320.0,191.0,1,places_top,False
train/00000066/00066196.jpg,39744,0.24,0.05,0.77,0.65,0.48725,0.16182,0.29092,0.43455,208.0,36.0,323.0,178.0,1,places_top,False
train/00000104/00104227.jpg,14150,0.24,0.21,0.38,0.59,0.35345,0.27487,0.60982,0.43326,247.0,121.0,276.0,150.0,1,places_top,False
train/00000081/00081759.jpg,6231,0.4,0.11,0.78,0.93,0.54,0.43727,0.50182,0.67727,378.0,183.0,459.0,251.0,1,places_top,True
train/00000063/00063225.jpg,113239,0.26,0.13,0.76,0.96,0.53516,0.35551,0.78906,0.32129,211.0,127.0,295.0,236.0,1,places_top,False
train/00000051/00051398.jpg,4320,0.08,0.0,0.46,0.88,0.5,0.54636,0.32545,0.79727,330.0,182.0,447.0,344.0,1,places_top,False
train/00000046/00046668.jpg,2266,0.15,0.12,0.71,0.9,0.46909,0.20804,0.49636,0.25809,334.0,45.0,412.0,146.0,1,places_top,False
train/00000036/00036394.jpg,1006,0.14,0.17,0.89,0.55,0.35273,0.27455,0.82455,0.61455,127.0,133.0,227.0,250.0,1,places_top,False
train/00000106/00106331.jpg,94420,0.05,0.28,0.18,0.62,0.074545,0.33372,0.14727,0.33099,24.0,149.0,58.0,184.0,1,places_top,False
train/00000054/00054841.jpg,105621,0.01,0.13,0.45,1.04,0.24909,0.29636,0.65545,0.82364,0.0,58.0,155.0,332.0,1,places_top,False
train/00000111/00111119.jpg,88968,0.13,0.07,0.47,1.03,0.33636,0.20818,0.57091,0.91455,195.0,46.0,281.0,157.0,1,places_top,False
train/00000018/00018726.jpg,49349,0.0,0.01,0.66,0.98,0.352,0.34776,0.654,0.50597,6.0,5.0,229.0,241.0,1,coco_val,True
train/00000014/00014079.jpg,76536,0.37,0.16,0.32,0.41,0.58364,0.23596,0.24909,0.26166,372.0,86.0,406.0,126.0,1,coco,False
train/00000103/00103859.jpg,17735,0.27,0.32,0.63,0.67,0.49615,0.44336,0.45376,0.62305,235.0,167.0,298.0,242.0,1,places_top,False
train/00000091/00091508.jpg,75724,0.32,0.11,0.59,1.06,0.49983,0.3194,0.35507,0.4662,206.0,174.0,307.0,304.0,1,places_top,False
train/00000019/00019908.jpg,12095,0.42,0.0,0.39,0.53,0.67273,0.080328,0.57455,0.20568,398.0,0.0,502.0,99.0,1,coco_val,False
train/00000094/00094087.jpg,93392,0.22,0.05,0.4,0.57,0.33091,0.18031,0.35636,0.34531,218.0,50.0,259.0,109.0,1,places_top,False
train/00000015/00015078.jpg,79031,0.73,0.25,0.14,0.54,0.81091,0.30364,0.089091,0.42485,507.0,125.0,537.0,164.0,1,coco_val,False
train/00000112/00112384.jpg,100316,0.42,0.08,0.61,0.84,0.66909,0.2429,0.21455,0.30354,429.0,34.0,535.0,160.0,1,places_top,False
train/00000067/00067351.jpg,70708,0.01,0.14,0.32,1.0,0.26073,0.35592,0.608,0.60031,64.0,105.0,173.0,223.0,1,places_top,False
train/00000011/00011797.jpg,56499,0.0,0.0,1.0,0.87,0.50818,0.14545,0.65261,0.79818,107.0,0.0,298.0,224.0,1,coco,False
train/00000017/00017048.jpg,57947,0.1,0.31,0.36,0.68,0.38182,0.48907,0.77818,0.34977,136.0,138.0,254.0,269.0,1,coco_val,False
train/00000014/00014645.jpg,25494,0.0,0.0,0.18,0.6,0.06308,0.17417,0.35994,0.12252,4.0,4.0,55.0,197.0,1,coco,True
train/00000117/00117498.jpg,86969,0.37,0.02,0.63,0.62,0.60914,0.20545,0.59217,0.51091,274.0,64.0,341.0,147.0,1,places_top,False
train/00000116/00116071.jpg,80287,0.05,0.2,0.39,0.78,0.26958,0.26364,0.41996,0.53636,103.0,149.0,152.0,202.0,1,places_top,False
train/00000062/00062103.jpg,46675,0.43,0.08,0.57,0.58,0.49455,0.18636,0.27636,0.18909,359.0,64.0,393.0,112.0,1,places_top,False
train/00000096/00096083.jpg,61171,0.1,0.22,0.27,0.66,0.18727,0.26423,0.61636,0.30536,115.0,104.0,158.0,152.0,1,places_top,False
train/00000060/00060968.jpg,88277,0.04,0.08,0.19,0.83,0.13455,0.14273,0.29818,0.14,57.0,35.0,113.0,97.0,1,places_top,False
train/00000037/00037600.jpg,40660,0.18,0.17,0.97,0.97,0.46255,0.49061,0.43164,0.85654,285.0,160.0,403.0,300.0,1,places_top,False
train/00000051/00051943.jpg,94548,0.23,0.13,0.81,0.92,0.52364,0.47259,0.63818,0.81527,283.0,76.0,479.0,309.0,1,places_top,False
train/00000004/00004213.jpg,20589,0.0,0.03,0.74,0.97,0.48333,0.25333,0.65667,0.88889,65.0,16.0,174.0,155.0,1,actions,False
train/00000096/00096611.jpg,88158,0.41,0.35,0.51,0.91,0.63636,0.44422,0.7,0.78135,410.0,198.0,444.0,242.0,1,places_top,False
train/00000091/00091832.jpg,98946,0.2,0.13,0.86,0.92,0.42724,0.24364,0.74497,0.52182,126.0,87.0,233.0,222.0,1,places_top,False
train/00000096/00096909.jpg,21783,0.11,0.07,0.37,0.99,0.27818,0.3081,0.64909,0.26149,71.0,69.0,245.0,239.0,1,places_top,False
train/00000003/00003370.jpg,26056,0.44,0.1,0.16,0.49,0.5078,0.13667,0.67934,0.27333,166.0,22.0,179.0,38.0,1,actions,False
train/00000103/00103125.jpg,87707,0.07,0.28,0.4,1.02,0.35273,0.43155,0.56727,0.78201,208.0,162.0,307.0,287.0,1,places_top,False
train/00000022/00022871.jpg,89654,0.8,0.08,0.17,0.69,0.89923,0.24,0.9838,0.11667,447.0,26.0,474.0,59.0,1,pascal,False
train/00000002/00002065.jpg,31845,0.34,0.01,0.45,0.98,0.50545,0.21682,0.40364,0.82136,306.0,0.0,403.0,117.0,1,actions,False
train/00000000/00000226.jpg,88294,0.12,0.04,0.69,0.96,0.42355,0.15091,0.50273,0.21636,221.0,36.0,369.0,227.0,1,actions,False
train/00000084/00084598.jpg,80777,0.03,0.02,0.4,0.99,0.34,0.15457,0.67636,0.89203,174.0,0.0,286.0,133.0,1,places_top,False
train/00000112/00112013.jpg,55782,0.11,0.08,0.33,0.75,0.26727,0.20818,0.58364,0.15636,138.0,51.0,216.0,139.0,1,places_top,False
train/00000014/00014543.jpg,68143,0.56,0.05,0.19,0.95,0.62545,0.11917,0.19455,0.07157,407.0,25.0,457.0,78.0,1,coco,False
train/00000110/00110162.jpg,15206,0.01,0.23,0.17,0.96,0.12364,0.3375,0.34909,0.32294,42.0,145.0,92.0,193.0,1,places_top,False
train/00000091/00091821.jpg,112495,0.04,0.18,0.47,0.93,0.36133,0.4375,0.38672,0.78516,117.0,96.0,240.0,258.0,1,places_top,False
train/00000083/00083453.jpg,22158,0.02,0.04,0.48,0.62,0.3472,0.17273,0.614,0.78,119.0,69.0,205.0,174.0,1,places_top,False
train/00000020/00020750.jpg,14749,0.27,0.35,0.1,0.65,0.318,0.39067,0.446,0.43067,132.0,125.0,168.0,166.0,1,pascal,False
train/00000113/00113715.jpg,37406,0.21,0.12,0.53,0.83,0.38,0.16182,0.31727,0.89091,161.0,102.0,219.0,164.0,1,places_top,False
train/00000025/00025405.jpg,91470,0.09,0.12,0.26,0.5,0.14364,0.23203,0.37636,0.4918,76.0,66.0,140.0,145.0,1,places_top,False
train/00000112/00112465.jpg,46219,0.03,0.27,0.3,0.9,0.15333,0.33799,0.19696,0.41463,54.0,141.0,108.0,206.0,1,places_top,False
train/00000025/00025829.jpg,105182,0.27,0.2,0.35,0.95,0.36727,0.29381,0.71636,0.05777,229.0,115.0,286.0,174.0,1,places_top,False
train/00000020/00020978.jpg,72074,0.18,0.29,0.12,0.33,0.226,0.39496,0.102,0.60829,101.0,112.0,150.0,166.0,1,pascal,False
train/00000093/00093490.jpg,107451,0.01,0.19,0.29,0.8,0.26545,0.21905,0.16545,0.2708,178.0,87.0,208.0,124.0,1,places_top,False
train/00000021/00021712.jpg,92493,0.76,0.34,0.11,0.39,0.788,0.38267,0.016,0.468,392.0,129.0,412.0,150.0,1,pascal,False
train/00000071/00071456.jpg,2400,0.03,0.22,0.3,0.92,0.14182,0.35545,0.45455,0.23,40.0,124.0,147.0,210.0,1,places_top,False
train/00000047/00047831.jpg,86348,0.34,0.13,0.47,0.77,0.42909,0.20652,0.59818,0.30112,261.0,74.0,303.0,128.0,1,places_top,False
train/00000043/00043691.jpg,67298,0.1,0.01,0.49,1.02,0.39576,0.15508,0.45151,0.44163,156.0,0.0,316.0,132.0,1,places_top,False
train/00000064/00064747.jpg,7591,0.17,0.17,0.75,0.87,0.42909,0.36636,0.24909,0.31727,302.0,70.0,472.0,252.0,1,places_top,False
train/00000008/00008675.jpg,122968,0.0,0.19,0.17,0.81,0.12909,0.27847,0.51818,0.61193,32.0,97.0,89.0,163.0,1,coco,False
train/00000010/00010945.jpg,88269,0.46,0.37,0.46,0.62,0.69335,0.5144,0.37153,0.31453,402.0,158.0,578.0,299.0,1,coco,False
train/00000022/00022593.jpg,35437,0.4,0.04,0.22,0.46,0.46162,0.186,0.21515,0.266,222.0,65.0,258.0,111.0,1,pascal,False
train/00000096/00096674.jpg,35341,0.23,0.34,0.35,1.02,0.3,0.45888,0.71091,0.21763,185.0,196.0,252.0,271.0,1,places_top,False
train/00000111/00111376.jpg,2340,0.21,0.17,0.5,0.96,0.45636,0.35545,0.62909,0.34727,296.0,141.0,361.0,217.0,1,places_top,False
train/00000116/00116508.jpg,28284,0.21,0.25,0.38,0.75,0.33273,0.32294,0.39091,0.49272,200.0,137.0,230.0,179.0,1,places_top,False
train/00000028/00028572.jpg,40831,0.01,0.23,0.42,0.99,0.27273,0.35933,0.66,0.28171,92.0,132.0,206.0,257.0,1,places_top,False
train/00000107/00107889.jpg,47824,0.02,0.05,0.51,0.83,0.43818,0.17461,0.39273,0.80352,316.0,34.0,373.0,116.0,1,places_top,False
train/00000029/00029747.jpg,41003,0.01,0.14,0.25,0.99,0.085455,0.36845,0.52364,0.44397,0.0,117.0,75.0,239.0,1,places_top,False
train/00000039/00039809.jpg,53388,0.03,0.11,0.22,0.72,0.20182,0.24766,0.57273,0.46441,122.0,79.0,186.0,155.0,1,places_top,False
train/00000045/00045228.jpg,27207,0.21,0.18,0.56,0.99,0.44727,0.36364,0.81273,0.53818,249.0,98.0,351.0,225.0,1,places_top,False
train/00000007/00007811.jpg,84150,0.08,0.31,0.59,0.53,0.32727,0.44424,0.65636,0.74,183.0,165.0,236.0,232.0,1,coco,False
train/00000051/00051304.jpg,821,0.42,0.05,0.72,0.84,0.58364,0.21214,0.53818,0.80979,407.0,25.0,497.0,158.0,1,places_top,False
train/00000112/00112339.jpg,62319,0.26,0.2,0.46,0.66,0.36909,0.30398,0.66727,0.3092,244.0,117.0,301.0,193.0,1,places_top,False
train/00000073/00073763.jpg,50969,0.04,0.13,0.21,0.81,0.18242,0.25828,0.30364,0.47028,118.0,104.0,158.0,149.0,1,places_top,False
train/00000021/00021884.jpg,51466,0.1,0.3,0.41,0.7,0.47867,0.396,0.58,0.514,139.0,148.0,191.0,207.0,1,pascal,False
train/00000077/00077238.jpg,62774,0.41,0.24,0.61,0.76,0.52909,0.386,0.49818,0.77407,343.0,140.0,400.0,226.0,1,places_top,False
train/00000032/00032745.jpg,52781,0.42,0.13,0.57,0.86,0.44609,0.28,0.34678,0.29455,210.0,188.0,279.0,256.0,1,places_top,False
train/00000000/00000249.jpg,37470,0.34,0.21,0.54,0.79,0.45427,0.386,0.4165,0.456,215.0,105.0,347.0,248.0,1,actions,False
train/00000108/00108196.jpg,89688,0.04,0.04,0.32,0.9,0.27091,0.16214,0.58909,0.16928,120.0,23.0,202.0,121.0,1,places_top,False
train/00000032/00032989.jpg,94014,0.17,0.14,0.54,0.95,0.41657,0.21964,0.63057,0.29236,161.0,118.0,231.0,205.0,1,places_top,False
train/00000023/00023722.jpg,81,0.25,0.11,0.63,0.57,0.56133,0.178,0.54,0.988,193.0,56.0,226.0,104.0,1,pascal,False
train/00000066/00066990.jpg,122308,0.07,-0.01,0.8,0.86,0.49397,0.24,0.55728,0.73636,167.0,27.0,341.0,282.0,1,places_top,False
train/00000005/00005164.jpg,107759,0.0,0.32,0.5,0.68,0.13152,0.42727,0.15333,0.64364,39.0,209.0,94.0,286.0,1,coco,False
train/00000057/00057533.jpg,89715,0.05,0.2,0.27,0.49,0.10727,0.30039,0.096364,0.50273,68.0,101.0,130.0,179.0,1,places_top,False
train/00000060/00060739.jpg,95900,0.29,0.39,0.49,0.63,0.38843,0.42909,0.46847,0.68,188.0,267.0,215.0,303.0,1,places_top,False
train/00000036/00036204.jpg,14847,0.06,0.35,0.27,0.75,0.13455,0.43695,0.087273,0.55483,95.0,196.0,136.0,247.0,1,places_top,False
train/00000067/00067299.jpg,101658,0.02,0.07,0.43,0.99,0.24909,0.34235,0.58182,0.73527,56.0,66.0,192.0,240.0,1,places_top,False
train/00000008/00008180.jpg,71775,0.17,0.38,0.5,0.57,0.23688,0.40364,0.055414,0.62364,120.0,187.0,164.0,232.0,1,coco,True
train/00000006/00006543.jpg,32896,0.0,0.0,0.18,0.94,0.10182,0.01765,0.55091,0.32014,20.0,0.0,62.0,18.0,1,coco,False
train/00000036/00036681.jpg,69158,0.02,0.29,0.27,0.98,0.17455,0.38115,0.83455,0.40298,43.0,159.0,141.0,271.0,1,places_top,False
train/00000100/00100164.jpg,93620,0.25,0.34,0.37,0.7,0.36182,0.36858,0.26909,0.37405,273.0,167.0,297.0,196.0,1,places_top,False
train/00000002/00002468.jpg,7058,0.06,0.17,0.79,0.72,0.44,0.36716,0.47333,0.4877,52.0,52.0,111.0,121.0,1,actions,False
train/00000002/00002743.jpg,57160,0.12,0.06,0.74,0.94,0.44333,0.215,0.76,0.41,76.0,24.0,144.0,110.0,1,actions,False
train/00000113/00113429.jpg,99713,0.37,0.01,0.59,0.74,0.54091,0.16909,0.72091,0.82727,234.0,84.0,284.0,160.0,1,places_top,False
train/00000099/00099686.jpg,100287,0.21,0.12,0.54,0.75,0.46992,0.29818,0.61758,0.72909,133.0,138.0,259.0,286.0,1,places_top,False
train/00000074/00074817.jpg,119235,0.01,0.25,0.24,0.75,0.13455,0.28182,0.60182,0.11273,28.0,74.0,113.0,176.0,1,places_top,False
train/00000116/00116038.jpg,53875,0.2,-0.02,0.71,0.77,0.46477,0.10727,0.21598,0.41636,220.0,22.0,287.0,105.0,1,places_top,False
train/00000094/00094100.jpg,54015,0.08,0.29,0.25,0.71,0.20182,0.34957,0.29818,0.97935,132.0,158.0,162.0,198.0,1,places_top,False
train/00000080/00080711.jpg,42069,0.15,0.13,0.34,0.94,0.23273,0.2423,0.40727,0.22311,145.0,89.0,196.0,144.0,1,places_top,False
train/00000007/00007135.jpg,122182,0.72,0.57,0.17,0.43,0.79091,0.62632,0.68,0.62875,500.0,274.0,553.0,334.0,1,coco,False
train/00000097/00097427.jpg,111838,0.29,0.3,0.77,0.66,0.58,0.35102,0.20909,0.35102,519.0,157.0,567.0,213.0,1,places_top,False
train/00000060/00060097.jpg,89223,0.37,0.24,0.53,0.74,0.47273,0.28945,0.53818,0.46719,330.0,121.0,364.0,157.0,1,places_top,False
train/00000100/00100884.jpg,104017,0.03,0.14,0.31,0.94,0.17455,0.24031,0.34364,0.50295,100.0,79.0,156.0,146.0,1,places_top,False
train/00000116/00116804.jpg,83460,0.4,0.04,0.58,0.8,0.5,0.24982,0.56554,0.70556,187.0,76.0,289.0,228.0,1,places_top,False
train/00000056/00056991.jpg,75900,0.01,0.02,0.27,0.96,0.15636,0.26273,0.42364,0.86,1.0,5.0,169.0,216.0,1,places_top,False
train/00000013/00013110.jpg,84657,0.31,0.07,0.2,0.49,0.47636,0.18388,0.44182,0.59811,283.0,54.0,318.0,92.0,1,coco,False
train/00000106/00106282.jpg,94866,0.21,0.04,0.79,0.9,0.54605,0.16593,0.67696,0.47145,275.0,14.0,361.0,130.0,1,places_top,False
train/00000010/00010159.jpg,102163,0.22,0.41,0.35,0.59,0.376,0.77327,0.436,0.085586,158.0,227.0,218.0,287.0,1,coco,True
train/00000101/00101574.jpg,60836,0.17,0.05,0.54,0.43,0.60182,0.45091,0.33455,0.38273,458.0,191.0,517.0,259.0,1,places_top,False
train/00000060/00060330.jpg,37118,0.2,0.29,0.61,0.72,0.51909,0.38,0.96364,0.6,207.0,235.0,282.0,329.0,1,places_top,False
train/00000082/00082493.jpg,32446,0.44,0.31,0.67,0.79,0.55455,0.37388,0.58545,0.386,361.0,167.0,391.0,204.0,1,places_top,False
train/00000058/00058332.jpg,13573,0.46,0.16,0.54,0.67,0.49818,0.2358,0.056364,0.51089,371.0,103.0,400.0,139.0,1,places_top,False
train/00000038/00038079.jpg,106600,0.01,0.29,0.41,0.64,0.26,0.35234,0.7,0.12266,153.0,151.0,217.0,214.0,1,places_top,False
train/00000024/00024147.jpg,58529,0.03,0.07,0.59,0.97,0.41273,0.24504,0.62,0.87558,227.0,28.0,348.0,184.0,1,places_top,False
train/00000041/00041733.jpg,8064,0.26,0.11,0.78,0.91,0.48086,0.26545,0.5,0.36909,200.0,101.0,305.0,260.0,1,places_top,False
train/00000090/00090446.jpg,117352,0.29,0.28,0.49,1.0,0.43818,0.36966,0.59636,0.52102,216.0,137.0,280.0,207.0,1,places_top,False
train/00000067/00067786.jpg,3794,0.23,0.06,0.95,0.98,0.66,0.31182,0.33455,0.89545,468.0,30.0,608.0,208.0,1,places_top,False
train/00000066/00066145.jpg,83006,0.28,0.12,0.6,0.47,0.38818,0.18,0.29273,0.79818,171.0,93.0,211.0,155.0,1,places_top,False
train/00000055/00055311.jpg,33338,0.17,0.29,0.29,0.75,0.25273,0.33219,0.39091,0.41222,168.0,149.0,197.0,184.0,1,places_top,False
train/00000000/00000173.jpg,3590,0.22,0.12,0.78,0.89,0.78667,0.26,0.61,0.2625,184.0,41.0,300.0,181.0,1,actions,False
train/00000008/00008127.jpg,99838,0.25,0.11,0.14,0.76,0.28909,0.19006,0.39091,0.413,172.0,25.0,196.0,54.0,1,coco,False
train/00000057/00057967.jpg,73242,0.2,0.29,0.34,0.71,0.28182,0.36328,0.48,0.5875,192.0,160.0,234.0,213.0,1,places_top,False
train/00000081/00081405.jpg,100113,0.1,0.09,0.85,0.71,0.76545,0.27636,0.70364,0.49182,535.0,67.0,639.0,188.0,1,places_top,False
train/00000014/00014793.jpg,72481,0.4,0.37,0.59,0.62,0.43697,0.50182,0.41273,0.69818,174.0,237.0,257.0,337.0,1,coco,False
train/00000079/00079700.jpg,63694,0.04,0.15,0.25,0.66,0.10545,0.20167,0.08,0.37145,68.0,78.0,106.0,115.0,1,places_top,False
train/00000052/00052628.jpg,26419,0.29,0.33,0.4,0.74,0.52364,0.73516,0.60909,0.73516,306.0,289.0,421.0,423.0,1,places_top,False
train/00000070/00070889.jpg,93281,0.14,0.0,0.94,0.99,0.61091,0.16511,0.21273,0.31334,397.0,0.0,640.0,198.0,1,places_top,False
train/00000059/00059379.jpg,97110,0.21,0.12,0.51,0.67,0.39818,0.22508,0.53818,0.9343,178.0,56.0,250.0,143.0,1,places_top,False
train/00000081/00081606.jpg,72412,0.43,-0.07,0.5,0.84,0.50909,0.082827,0.45273,0.5097,326.0,0.0,392.0,75.0,1,places_top,False
train/00000084/00084026.jpg,37350,0.32,0.31,0.44,0.9,0.41636,0.34918,0.58727,0.5146,262.0,152.0,302.0,207.0,1,places_top,False
train/00000031/00031950.jpg,59317,0.27,0.26,0.44,0.57,0.41851,0.34102,0.36757,0.49375,186.0,178.0,253.0,268.0,1,places_top,False
train/00000074/00074521.jpg,3434,0.03,0.21,0.49,0.97,0.21818,0.3375,0.98,0.48302,83.0,134.0,162.0,222.0,1,places_top,False
train/00000080/00080301.jpg,101398,0.21,0.12,0.39,0.84,0.50545,0.20507,0.32182,0.2078,371.0,78.0,414.0,133.0,1,places_top,False
train/00000092/00092551.jpg,75236,0.32,0.05,0.59,1.02,0.60429,0.51273,0.49272,0.23455,275.0,351.0,368.0,419.0,1,places_top,False
train/00000041/00041955.jpg,106046,0.02,0.13,0.63,1.01,0.28909,0.3242,0.79455,0.58077,97.0,71.0,206.0,194.0,1,places_top,False
train/00000055/00055698.jpg,70253,0.02,0.1,0.31,1.01,0.20727,0.30597,0.27818,0.54608,35.0,47.0,191.0,239.0,1,places_top,False
train/00000072/00072299.jpg,44155,0.08,0.11,0.88,1.02,0.58186,0.35829,0.62368,0.61284,212.0,81.0,346.0,244.0,1,places_top,False
train/00000046/00046702.jpg,58003,0.2,0.15,0.75,0.97,0.55818,0.27866,0.68545,0.43902,297.0,87.0,367.0,181.0,1,places_top,False
train/00000102/00102267.jpg,6448,0.26,0.1,0.48,0.56,0.40545,0.15364,0.56545,0.96636,286.0,63.0,322.0,107.0,1,places_top,False
train/00000020/00020244.jpg,118828,0.05,0.25,0.21,0.53,0.14909,0.33649,0.76,0.33377,67.0,110.0,131.0,184.0,1,coco_val,False
train/00000077/00077392.jpg,49739,0.37,0.15,0.62,0.73,0.52943,0.21193,0.60946,0.85738,237.0,107.0,290.0,174.0,1,places_top,False
train/00000094/00094147.jpg,41559,0.23,0.05,0.53,0.53,0.33636,0.11818,0.10318,0.52,164.0,38.0,202.0,83.0,1,places_top,False
train/00000062/00062628.jpg,32290,0.08,0.07,0.44,0.88,0.30182,0.3099,0.25818,0.65889,178.0,67.0,275.0,201.0,1,places_top,False
train/00000012/00012009.jpg,89505,0.04,0.23,0.77,0.53,0.59273,0.44182,0.59455,0.80788,349.4,196.2,444.6,313.8,1,coco,True
train/00000102/00102174.jpg,104560,0.02,0.14,0.17,0.71,0.12073,0.21804,0.14255,0.25607,72.0,70.0,112.0,123.0,1,places_top,False
train/00000060/00060388.jpg,50958,0.04,0.2,0.6,0.89,0.61727,0.27818,0.72091,0.37818,238.0,135.0,345.0,246.0,1,places_top,False
train/00000068/00068230.jpg,18979,-0.01,0.03,0.5,0.99,0.40727,0.27063,0.43091,0.4583,175.0,27.0,331.0,205.0,1,places_top,False
train/00000077/00077484.jpg,36909,0.25,0.28,0.8,0.67,0.58008,0.33203,0.89062,0.81641,259.0,131.0,320.0,200.0,1,places_top,False
train/00000118/00118899.jpg,106526,0.68,0.18,0.18,0.63,0.787,0.22585,0.098655,0.27546,345.0,68.0,379.0,105.0,1,sun,False
train/00000003/00003219.jpg,10190,0.24,0.16,0.31,0.84,0.43229,0.30333,0.45833,0.41333,150.0,48.0,196.0,121.0,1,actions,False
train/00000026/00026059.jpg,37874,0.25,0.24,0.58,0.97,0.54909,0.40479,0.65455,0.57616,333.0,125.0,431.0,255.0,1,places_top,False
train/00000027/00027356.jpg,58445,0.07,0.16,0.91,0.63,0.37873,0.38364,0.43694,0.68545,146.0,105.0,299.0,288.0,1,places_top,False
train/00000038/00038182.jpg,104002,0.28,0.24,0.39,0.71,0.34,0.31418,0.4,0.28645,244.0,146.0,270.0,175.0,1,places_top,False
train/00000038/00038461.jpg,2023,0.26,0.13,0.66,0.87,0.31818,0.18608,0.49273,0.1571,180.0,58.0,238.0,128.0,1,places_top,False
train/00000061/00061512.jpg,122368,0.1,0.21,0.34,0.98,0.26909,0.31727,0.47455,0.23545,184.0,140.0,222.0,182.0,1,places_top,False
train/00000088/00088106.jpg,10240,0.03,0.17,0.6,0.75,0.385,0.34395,0.50478,0.44953,171.0,98.0,269.0,221.0,1,places_top,False
train/00000104/00104517.jpg,58779,0.44,0.08,0.55,0.94,0.62909,0.19612,0.47818,0.59153,630.0,65.0,674.0,119.0,1,places_top,False
train/00000100/00100561.jpg,1359,0.02,0.32,0.32,0.67,0.18028,0.42,0.24531,0.66727,52.0,273.0,114.0,339.0,1,places_top,False
train/00000059/00059765.jpg,29798,0.39,0.3,0.65,0.57,0.49483,0.33091,0.51034,0.87455,240.0,224.0,266.0,254.0,1,places_top,False
train/00000068/00068360.jpg,111777,0.23,0.06,0.75,0.96,0.67636,0.53881,0.58364,0.44422,446.0,209.0,616.0,392.0,1,places_top,False
train/00000098/00098029.jpg,71185,0.14,0.03,0.78,0.81,0.6237,0.19091,0.6625,0.77273,261.0,37.0,379.0,181.0,1,places_top,False
train/00000063/00063087.jpg,31249,-0.01,0.13,0.51,1.09,0.12545,0.39633,0.66364,0.076921,0.0,134.0,157.0,272.0,1,places_top,False
train/00000020/00020292.jpg,63701,0.36,0.22,0.29,0.47,0.494,0.32036,0.79,0.49102,204.0,77.0,250.0,124.0,1,imagenet,False
train/00000077/00077567.jpg,42656,0.32,0.23,0.52,0.96,0.39455,0.30176,0.63455,0.53862,252.0,123.0,298.0,183.0,1,places_top,False
train/00000063/00063072.jpg,113615,0.18,0.12,0.32,0.46,0.24,0.14691,0.34545,0.56469,152.0,45.0,212.0,105.0,1,places_top,True
train/00000109/00109265.jpg,76293,0.0,0.16,0.14,0.75,0.072727,0.21636,0.36364,0.23818,31.0,81.0,71.0,127.0,1,places_top,False
train/00000057/00057702.jpg,21607,0.0,0.28,0.24,0.74,0.13273,0.44,0.21818,0.69091,21.0,153.0,124.0,281.0,1,places_top,False
train/00000034/00034538.jpg,14381,0.2,0.12,0.34,0.46,0.29273,0.14104,0.22909,0.16772,187.0,62.0,211.0,88.0,1,places_top,False
train/00000019/00019311.jpg,4536,0.05,0.12,0.95,0.67,0.48634,0.24909,0.56283,0.61455,174.0,74.0,274.0,229.0,1,coco_val,False
train/00000102/00102515.jpg,28355,0.28,0.18,0.48,0.78,0.43636,0.27686,0.50364,0.68918,262.0,99.0,314.0,159.0,1,places_top,False
train/00000078/00078397.jpg,90178,0.06,0.05,0.28,0.95,0.20182,0.16857,0.28182,0.47617,80.0,41.0,137.0,118.0,1,places_top,False
train/00000005/00005231.jpg,92332,0.66,0.16,0.27,0.38,0.79229,0.18727,0.96876,0.17455,309.0,99.0,340.0,134.0,1,coco,False
train/00000111/00111330.jpg,18234,0.33,0.11,0.56,0.89,0.52364,0.20545,0.88182,0.13727,347.0,61.0,414.0,140.0,1,places_top,False
train/00000000/00000598.jpg,15673,0.17,0.08,0.61,0.92,0.47405,0.2919,0.754,0.70893,115.0,22.0,203.0,121.0,1,actions,False
train/00000094/00094762.jpg,38201,0.11,0.06,0.41,0.63,0.32,0.14388,0.39636,0.81453,217.0,46.0,258.0,91.0,1,places_top,False
train/00000105/00105325.jpg,56316,0.4,0.08,0.62,0.73,0.52182,0.25391,0.75636,0.46445,378.0,100.0,422.0,147.0,1,places_top,False
train/00000078/00078268.jpg,118144,0.18,0.2,0.73,0.78,0.42112,0.25091,0.4864,0.27636,172.0,159.0,222.0,220.0,1,places_top,False
train/00000095/00095861.jpg,78822,0.32,0.28,0.53,0.74,0.41091,0.34099,0.36545,0.33551,312.0,154.0,346.0,188.0,1,places_top,False
train/00000057/00057694.jpg,4801,0.38,0.26,0.6,0.57,0.47091,0.36175,0.49818,0.49757,295.0,143.0,355.0,225.0,1,places_top,False
train/00000011/00011542.jpg,7642,0.56,0.06,0.38,0.83,0.73091,0.16164,0.092727,0.25242,455.0,27.0,534.0,109.0,1,coco,False
train/00000019/00019878.jpg,49358,0.36,0.0,0.25,0.54,0.492,0.089333,0.496,0.53733,222.0,0.0,264.0,58.0,1,coco_val,False
train/00000060/00060606.jpg,73224,0.06,0.31,0.35,1.0,0.33273,0.36091,0.48182,0.61455,203.0,139.0,257.0,209.0,1,places_top,False
train/00000075/00075391.jpg,10342,0.23,-0.03,0.64,0.78,0.42545,0.24458,0.40545,0.83082,212.0,4.0,339.0,166.0,1,places_top,False
train/00000068/00068031.jpg,26216,0.15,0.13,0.24,0.72,0.19273,0.19881,0.058182,0.51295,167.0,87.0,190.0,112.0,1,places_top,False
train/00000036/00036374.jpg,85386,0.26,0.19,0.77,0.97,0.55062,0.30131,0.87789,0.2831,320.0,93.0,453.0,251.0,1,places_top,False
train/00000036/00036876.jpg,114424,0.28,0.22,0.68,0.99,0.46364,0.44545,0.38364,0.51909,319.0,118.0,461.0,281.0,1,places_top,False
train/00000083/00083520.jpg,3401,0.21,0.04,0.32,0.54,0.40909,0.44983,0.43636,0.48432,350.0,214.0,371.0,241.0,1,places_top,False
train/00000020/00020629.jpg,75795,0.11,0.23,0.58,0.77,0.446,0.42533,0.276,0.55067,214.0,136.0,248.0,177.0,1,pascal,False
train/00000079/00079668.jpg,80032,0.08,0.24,0.34,0.91,0.20909,0.34313,0.48182,0.35138,137.0,136.0,183.0,185.0,1,places_top,False
train/00000010/00010194.jpg,65149,0.1,0.07,0.42,0.71,0.30682,0.23091,0.34318,0.80909,111.0,44.0,207.0,188.0,1,coco,False
train/00000034/00034057.jpg,52420,0.05,0.04,0.68,1.0,0.56273,0.35636,0.32,0.49455,257.0,212.0,409.0,349.0,1,places_top,False
train/00000105/00105630.jpg,31269,0.12,0.02,0.48,1.0,0.50909,0.25601,0.50182,0.33825,330.0,56.0,426.0,175.0,1,places_top,False
train/00000108/00108098.jpg,113457,0.19,0.1,0.55,0.88,0.34,0.13815,0.63818,0.36823,169.0,37.0,226.0,114.0,1,places_top,False
train/00000046/00046957.jpg,92074,0.03,0.18,0.88,0.89,0.3,0.3956,0.98727,0.14242,134.0,114.0,235.0,263.0,1,places_top,False
train/00000066/00066167.jpg,20455,0.08,0.12,0.46,0.86,0.28909,0.28328,0.41818,0.65398,178.0,49.0,275.0,177.0,1,places_top,False
train/00000093/00093546.jpg,47194,0.44,0.16,0.55,0.58,0.51273,0.22594,0.76,0.54082,398.0,95.0,431.0,137.0,1,places_top,False
train/00000016/00016648.jpg,101463,0.03,0.26,0.24,0.61,0.17027,0.33166,0.46664,0.19105,58.0,128.0,115.0,188.0,1,coco_val,False
train/00000061/00061905.jpg,14189,0.08,0.28,0.23,0.55,0.15953,0.33789,0.40661,0.33203,64.0,150.0,97.0,189.0,1,places_top,False
train/00000056/00056652.jpg,3405,-0.02,-0.05,0.38,0.98,0.28909,0.15874,0.68909,0.33328,35.0,0.0,237.0,189.0,1,places_top,False
train/00000056/00056129.jpg,125456,0.13,0.22,0.92,1.0,0.53091,0.39813,0.063636,0.96083,312.0,83.0,480.0,294.0,1,places_top,False
train/00000058/00058108.jpg,64950,0.01,0.02,0.28,0.74,0.15091,0.087646,0.65273,0.29792,56.0,13.0,126.0,86.0,1,places_top,False
train/00000015/00015155.jpg,44343,0.16,0.37,0.21,0.37,0.31818,0.46113,0.88182,0.32266,161.0,182.0,214.0,241.0,1,coco_val,False
train/00000001/00001015.jpg,105502,0.46,0.0,0.46,0.91,0.65636,0.20545,0.70364,0.88182,334.0,0.0,429.0,123.0,1,actions,False
train/00000021/00021911.jpg,44238,0.59,0.4,0.12,0.43,0.642,0.436,0.62,0.35333,309.0,149.0,332.0,176.0,1,pascal,False
train/00000031/00031232.jpg,13630,0.1,0.21,0.32,0.7,0.22182,0.28455,0.31091,0.49727,132.0,108.0,185.0,171.0,1,places_top,False
train/00000008/00008421.jpg,113738,0.01,0.23,0.43,0.76,0.30182,0.32788,0.73818,0.54364,146.0,113.0,205.0,187.0,1,coco,False
train/00000079/00079808.jpg,21058,0.03,0.04,0.44,0.8,0.22727,0.17081,0.55636,0.65801,88.0,18.0,175.0,146.0,1,places_top,False
train/00000044/00044406.jpg,27433,0.1,0.14,0.65,0.94,0.47273,0.30595,0.48,0.53064,277.0,56.0,377.0,194.0,1,places_top,False
train/00000002/00002878.jpg,123022,0.51,0.05,0.46,0.94,0.79977,0.24257,0.77056,0.72677,306.0,18.0,368.0,110.0,1,actions,False
train/00000103/00103317.jpg,27171,0.02,0.19,0.22,0.99,0.23273,0.49727,0.43818,0.60091,106.0,200.0,195.0,296.0,1,places_top,False
train/00000117/00117286.jpg,57093,0.28,0.3,0.6,0.72,0.38545,0.36175,0.47818,0.56549,198.0,133.0,273.0,225.0,1,places_top,False
train/00000076/00076829.jpg,74819,0.28,0.12,0.52,1.0,0.44182,0.23273,0.82545,0.40182,297.0,78.0,353.0,148.0,1,places_top,False
train/00000015/00015717.jpg,67671,0.21,0.14,0.23,0.86,0.3,0.30364,0.60727,0.54606,72.0,47.0,210.0,211.0,1,coco_val,False
train/00000080/00080404.jpg,49286,0.27,0.08,0.45,1.0,0.54909,0.2,0.38727,0.39091,398.0,64.0,447.0,134.0,1,places_top,False
train/00000065/00065856.jpg,50062,0.21,0.23,0.51,1.09,0.35636,0.3472,0.26545,0.75224,211.0,153.0,251.0,199.0,1,places_top,False
train/00000106/00106837.jpg,66971,0.02,0.01,0.2,0.71,0.080315,0.10655,0.44153,0.33564,23.0,0.0,67.0,52.0,1,places_top,False
train/00000043/00043112.jpg,76425,0.17,0.37,0.45,0.67,0.36418,0.43818,0.3763,0.70545,147.0,260.0,202.0,332.0,1,places_top,False
train/00000007/00007336.jpg,50550,0.35,0.0,0.61,1.0,0.52364,0.19697,0.25818,0.61394,251.0,0.0,438.0,203.0,1,coco,False
train/00000118/00118520.jpg,36510,0.11,0.26,0.33,0.58,0.20545,0.37157,0.53091,0.69128,168.0,217.0,337.0,399.0,1,sun,False
train/00000073/00073246.jpg,38199,0.04,0.25,0.17,0.59,0.11455,0.31567,0.078182,0.40541,65.0,146.0,103.0,192.0,1,places_top,False
train/00000043/00043181.jpg,64686,0.08,0.1,0.17,0.57,0.11273,0.17545,0.018182,0.093636,71.0,78.0,134.0,124.0,1,places_top,False
train/00000012/00012288.jpg,13792,0.07,0.33,0.19,0.66,0.15455,0.45367,0.39091,0.77251,48.0,143.0,120.0,225.0,1,coco,False
train/00000113/00113629.jpg,46862,0.21,0.23,0.38,0.81,0.25455,0.29,0.029091,0.50545,178.0,110.0,236.0,182.0,1,places_top,False
train/00000104/00104343.jpg,43894,0.12,0.15,0.68,0.96,0.56545,0.18174,0.47818,0.23614,398.0,50.0,487.0,140.0,1,places_top,False
train/00000046/00046154.jpg,62910,0.17,0.29,0.76,0.74,0.45818,0.43446,0.48909,0.65293,294.0,196.0,375.0,263.0,1,places_top,True
train/00000092/00092942.jpg,72165,0.11,0.06,0.46,0.81,0.24182,0.37455,0.47455,0.54636,128.0,131.0,200.0,217.0,1,places_top,False
train/00000023/00023873.jpg,27767,0.19,0.35,0.25,0.65,0.322,0.42793,0.486,0.54505,139.0,121.0,167.0,157.0,1,pascal,False
train/00000091/00091740.jpg,81905,0.22,0.34,0.5,0.95,0.67818,0.45358,0.32364,0.43173,509.0,196.0,554.0,254.0,1,places_top,False
train/00000083/00083138.jpg,75353,0.26,0.08,0.55,0.8,0.44,0.1491,0.50727,0.41567,310.0,36.0,358.0,99.0,1,places_top,False
train/00000004/00004005.jpg,116788,0.4,0.38,0.31,0.55,0.58426,0.50333,0.75055,0.48333,219.0,114.0,281.0,190.0,1,actions,False
train/00000058/00058014.jpg,4771,0.09,0.18,0.21,0.51,0.14727,0.33594,0.61636,0.1582,86.0,148.0,124.0,191.0,1,places_top,False
train/00000106/00106176.jpg,53896,0.45,0.02,0.66,0.94,0.52,0.14635,0.65273,0.028466,358.0,44.0,423.0,106.0,1,places_top,False
train/00000048/00048330.jpg,120454,0.01,0.02,0.87,0.81,0.38182,0.2411,0.64,0.42858,211.0,63.0,427.0,183.0,1,places_top,True
train/00000070/00070062.jpg,35021,-0.01,0.04,0.61,0.8,0.33435,0.41091,0.77297,0.72727,96.0,54.0,263.0,231.0,1,places_top,False
train/00000009/00009280.jpg,76003,0.0,0.0,0.14,0.96,0.047273,0.1819,0.47636,0.7746,0.0,0.0,56.0,125.0,1,coco,False
train/00000087/00087555.jpg,53620,0.35,0.23,0.47,0.92,0.45818,0.36636,0.52,0.76727,311.0,163.0,351.0,209.0,1,places_top,False
train/00000048/00048872.jpg,58311,0.33,0.26,0.43,0.93,0.4,0.3855,0.5,0.59988,241.0,151.0,293.0,223.0,1,places_top,False
train/00000045/00045300.jpg,12304,0.3,0.09,0.76,1.07,0.4394,0.20532,0.17273,0.51605,253.0,72.0,315.0,146.0,1,places_top,False
train/00000059/00059492.jpg,30952,0.24,0.31,0.43,0.69,0.31641,0.62891,0.33008,0.73438,141.0,298.0,171.0,338.0,1,places_top,False
train/00000118/00118997.jpg,94319,0.5,0.28,0.49,0.56,0.72806,0.41,0.60025,0.58667,196.0,55.0,234.0,103.0,1,sun,False
train/00000009/00009697.jpg,32666,0.57,0.49,0.25,0.26,0.60909,0.56727,0.53273,0.61636,367.0,304.0,440.0,389.0,1,coco,False
train/00000015/00015368.jpg,28234,0.05,0.26,0.43,0.72,0.20909,0.38776,0.73455,0.21367,66.0,144.0,139.0,224.0,1,coco_val,False
train/00000057/00057863.jpg,33404,0.32,0.27,0.53,0.81,0.42182,0.31464,0.70727,0.29283,277.0,126.0,346.0,209.0,1,places_top,False
train/00000007/00007848.jpg,109630,0.25,0.43,0.63,0.57,0.47333,0.58727,0.61394,0.75455,175.0,277.0,287.0,418.0,1,coco,False
train/00000025/00025601.jpg,43230,0.12,0.12,0.42,0.9,0.32364,0.20469,0.59818,0.22437,182.0,58.0,237.0,130.0,1,places_top,False
train/00000008/00008470.jpg,101418,0.13,0.12,0.22,0.88,0.29818,0.23504,0.47818,0.49454,147.0,53.0,205.0,121.0,1,coco,False
train/00000085/00085219.jpg,112708,0.05,0.02,0.69,0.93,0.15273,0.18712,0.32,0.74254,22.0,0.0,176.0,157.0,1,places_top,False
train/00000017/00017974.jpg,58437,0.03,0.15,0.45,0.84,0.24364,0.36386,0.44364,0.40276,58.0,57.0,168.0,190.0,1,coco_val,False
train/00000109/00109439.jpg,28462,0.1,0.27,0.25,0.83,0.20182,0.29869,0.53091,0.69403,110.0,125.0,147.0,168.0,1,places_top,False
train/00000093/00093694.jpg,101521,0.25,0.25,0.56,0.69,0.46545,0.35447,0.39818,0.38358,304.0,143.0,347.0,201.0,1,places_top,False
train/00000085/00085009.jpg,35357,0.06,0.09,0.74,0.96,0.63273,0.34182,0.69091,0.69909,408.0,68.0,551.0,244.0,1,places_top,False
train/00000066/00066854.jpg,115634,0.01,0.21,0.25,1.09,0.19273,0.39086,0.20545,0.59944,62.0,152.0,141.0,247.0,1,places_top,False
train/00000026/00026639.jpg,77255,0.07,0.31,0.18,0.69,0.14545,0.34235,0.16545,0.31567,76.0,161.0,101.0,190.0,1,places_top,False
train/00000044/00044650.jpg,50732,0.0,0.34,0.16,0.75,0.15636,0.40679,0.16182,0.7248,83.0,166.0,138.0,239.0,1,places_top,False
train/00000116/00116622.jpg,122125,0.22,0.2,0.41,0.49,0.55636,0.25353,0.53636,0.37754,410.0,106.0,442.0,145.0,1,places_top,False
train/00000057/00057613.jpg,98667,0.12,0.1,0.36,0.99,0.26,0.21563,0.61273,0.56836,108.0,48.0,204.0,156.0,1,places_top,False
train/00000077/00077025.jpg,93475,-0.02,0.17,0.35,1.04,0.23934,0.39273,0.73143,0.86727,0.0,150.0,142.0,329.0,1,places_top,False
train/00000052/00052001.jpg,78418,0.0,0.3,0.27,0.87,0.22605,0.47963,0.2794,0.41419,33.0,165.0,161.0,304.0,1,places_top,False
train/00000097/00097343.jpg,31670,0.0,0.1,0.13,0.74,0.056364,0.18227,0.48909,0.60914,0.0,51.0,54.0,132.0,1,places_top,False
train/00000020/00020865.jpg,107412,0.29,0.19,0.2,0.67,0.41,0.244,0.478,0.34533,183.0,73.0,220.0,112.0,1,pascal,False
train/00000093/00093189.jpg,17276,0.39,0.33,0.53,0.68,0.47636,0.46357,0.65091,0.61416,293.0,192.0,343.0,264.0,1,places_top,False
train/00000014/00014702.jpg,65891,0.75,0.23,0.13,0.49,0.81273,0.28798,0.44364,0.64052,509.0,114.0,534.0,148.0,1,coco,False
train/00000084/00084736.jpg,22930,0.13,0.04,0.67,1.01,0.54327,0.23118,0.77055,0.67903,296.0,38.0,428.0,197.0,1,places_top,False
train/00000117/00117379.jpg,60838,-0.01,0.16,0.21,0.95,0.096364,0.32052,0.43818,0.71344,13.0,100.0,97.0,206.0,1,places_top,False
train/00000002/00002270.jpg,62387,0.0,0.2,0.58,0.8,0.50754,0.46333,0.54774,0.49667,126.0,58.0,227.0,177.0,1,actions,False
train/00000047/00047396.jpg,97265,0.0,0.12,0.34,0.69,0.27818,0.22279,0.68545,0.41847,126.0,39.0,229.0,156.0,1,places_top,False
train/00000068/00068705.jpg,79625,0.22,0.15,0.41,0.76,0.31455,0.22965,0.081818,0.44265,224.0,91.0,269.0,138.0,1,places_top,False
train/00000088/00088559.jpg,112456,0.21,0.12,0.73,0.98,0.35273,0.26,0.30727,0.85455,214.0,43.0,322.0,182.0,1,places_top,False
train/00000026/00026134.jpg,71694,0.0,0.08,0.68,0.96,0.14182,0.46604,0.36545,0.57034,1.0,68.0,194.0,293.0,1,places_top,False
train/00000113/00113966.jpg,2161,0.38,0.08,0.47,0.8,0.51273,0.20103,0.68,0.9271,302.0,76.0,342.0,130.0,1,places_top,False
train/00000020/00020064.jpg,87275,0.02,0.22,0.31,0.75,0.26545,0.37636,0.22182,0.80788,107.0,104.0,193.0,228.0,1,coco_val,False
train/00000097/00097784.jpg,57266,-0.01,0.17,0.24,1.01,0.065455,0.28452,0.04,0.37124,0.0,95.0,73.0,202.0,1,places_top,False
train/00000069/00069433.jpg,119138,0.25,0.0,0.53,0.85,0.35818,0.11636,0.31727,0.63455,157.0,29.0,211.0,110.0,1,places_top,False
train/00000023/00023725.jpg,54365,0.06,0.48,0.15,0.33,0.128,0.516,0.472,0.532,53.0,182.0,70.0,200.0,1,pascal,False
train/00000039/00039512.jpg,121311,0.39,0.18,0.58,0.74,0.73818,0.28727,0.78727,0.48364,533.0,122.0,577.0,172.0,1,places_top,False
train/00000061/00061923.jpg,90779,0.03,0.03,0.48,0.98,0.24545,0.29626,0.24364,0.81531,106.0,19.0,236.0,201.0,1,places_top,False
train/00000057/00057819.jpg,6401,0.35,0.19,0.66,0.96,0.57455,0.21814,0.77455,0.18194,350.0,76.0,427.0,158.0,1,places_top,False
train/00000021/00021684.jpg,82401,0.06,0.18,0.88,0.79,0.2362,0.248,0.76176,0.602,51.0,88.0,143.0,166.0,1,pascal,False
train/00000038/00038470.jpg,64492,0.05,0.07,0.43,0.86,0.15636,0.22424,0.46545,0.33858,97.0,60.0,154.0,128.0,1,places_top,False
train/00000050/00050737.jpg,103778,0.21,0.26,0.42,0.78,0.31818,0.33992,0.57273,0.66978,174.0,144.0,221.0,199.0,1,places_top,False
train/00000009/00009561.jpg,80364,0.69,0.0,0.31,1.0,0.75636,0.006749,0.53273,0.36374,487.0,0.0,549.0,47.0,1,coco,False
train/00000090/00090292.jpg,91997,0.28,0.02,0.95,0.87,0.59455,0.18199,0.38,0.96057,425.0,0.0,559.0,165.0,1,places_top,False
train/00000098/00098869.jpg,99836,0.2,0.27,0.49,0.62,0.35636,0.32779,0.49636,0.54608,220.0,134.0,258.0,179.0,1,places_top,False
train/00000073/00073413.jpg,9109,0.11,0.08,1.04,0.55,0.52911,0.25455,0.32052,0.32364,158.0,50.0,373.0,306.0,1,places_top,False
train/00000020/00020218.jpg,71600,0.45,0.16,0.44,0.82,0.76,0.27162,0.69818,0.46737,437.0,69.0,507.0,158.0,1,coco_val,False
train/00000089/00089715.jpg,124576,0.0,0.01,0.56,0.98,0.35091,0.18712,0.54182,0.47817,3.0,0.0,305.0,345.0,1,places_top,False
train/00000104/00104327.jpg,105115,0.36,0.2,0.49,0.62,0.43455,0.24717,0.49273,0.68246,305.0,108.0,328.0,140.0,1,places_top,False
train/00000103/00103918.jpg,101852,0.17,0.15,0.29,0.78,0.24364,0.23886,0.57818,0.55984,156.0,103.0,188.0,143.0,1,places_top,False
train/00000030/00030173.jpg,34636,0.39,0.22,0.5,0.81,0.66545,0.41,0.16909,0.39364,490.0,181.0,551.0,245.0,1,places_top,False
train/00000095/00095466.jpg,19387,0.38,0.32,0.52,0.64,0.47289,0.37935,0.87653,0.6244,277.0,173.0,307.0,210.0,1,places_top,False
train/00000075/00075830.jpg,60334,0.2,0.1,0.59,0.9,0.61636,0.27444,0.66364,0.7668,388.0,54.0,468.0,172.0,1,places_top,False
train/00000106/00106449.jpg,33426,0.1,0.11,0.74,1.01,0.59636,0.79773,0.64,0.90455,336.0,356.0,408.0,430.0,1,places_top,True
train/00000016/00016205.jpg,55358,0.4,0.01,0.34,0.92,0.64364,0.13394,0.70727,0.35455,346.0,10.0,417.0,88.0,1,coco_val,False
train/00000025/00025430.jpg,49659,0.29,0.24,0.4,0.91,0.37818,0.33909,0.47091,0.34727,251.0,148.0,294.0,200.0,1,places_top,False
train/00000002/00002703.jpg,68476,0.13,0.03,0.7,0.97,0.53,0.1468,0.25667,0.25497,101.0,7.0,156.0,70.0,1,actions,False
train/00000054/00054546.jpg,120074,0.12,0.2,0.6,0.99,0.41717,0.28727,0.50244,0.32909,169.0,135.0,254.0,255.0,1,places_top,False
train/00000115/00115639.jpg,95624,0.09,0.22,0.46,0.67,0.36364,0.42481,0.39273,0.86139,185.0,118.0,286.0,223.0,1,places_top,False
train/00000008/00008123.jpg,110429,0.39,0.0,0.33,0.67,0.48909,0.076566,0.53636,0.73919,290.0,0.0,340.0,45.0,1,coco,False
train/00000100/00100712.jpg,69141,0.19,0.18,0.31,0.61,0.26,0.24533,0.27455,0.58974,159.0,105.0,188.0,138.0,1,places_top,False
train/00000053/00053171.jpg,69618,0.27,0.07,0.4,0.42,0.51273,0.12364,0.42727,0.21636,385.0,47.0,410.0,76.0,1,places_top,False
train/00000031/00031529.jpg,111049,0.08,0.14,0.23,0.48,0.16364,0.21865,0.61273,0.29869,87.0,82.0,136.0,142.0,1,places_top,False
train/00000006/00006854.jpg,99145,0.51,0.3,0.24,0.55,0.66,0.35455,0.5,0.32303,417.0,150.0,445.0,187.0,1,coco,False
train/00000040/00040691.jpg,61248,0.45,0.02,0.59,0.81,0.52364,0.085252,0.35455,0.95355,346.4,23.4,378.6,62.6,1,places_top,True
train/00000008/00008482.jpg,9397,0.53,0.58,0.26,0.42,0.63091,0.73273,0.47636,0.32203,372.0,277.0,446.0,358.0,1,coco,False
train/00000076/00076092.jpg,28290,0.08,0.07,0.39,0.85,0.26909,0.32104,0.35636,0.74183,120.0,67.0,217.0,201.0,1,places_top,False
train/00000088/00088977.jpg,36136,0.24,0.0,0.68,0.99,0.3,0.36037,0.82545,0.54107,111.0,77.0,278.0,274.0,1,places_top,False
train/00000044/00044305.jpg,23441,0.42,0.13,0.5,0.88,0.49636,0.30112,0.53636,0.3763,304.0,117.0,344.0,164.0,1,places_top,False
train/00000052/00052626.jpg,22041,0.03,0.12,0.34,0.99,0.28364,0.39086,0.33636,0.7765,98.0,65.0,238.0,244.0,1,places_top,False
train/00000068/00068542.jpg,65341,0.23,0.19,0.65,0.81,0.54636,0.25273,0.74818,0.36727,263.0,161.0,323.0,232.0,1,places_top,False
train/00000056/00056046.jpg,38780,0.06,0.3,0.28,1.02,0.16182,0.4639,0.54364,0.58886,45.0,174.0,151.0,291.0,1,places_top,False
train/00000091/00091900.jpg,30655,0.27,0.26,0.5,0.9,0.47266,0.32227,0.83984,0.82227,187.0,122.0,252.0,192.0,1,places_top,False
train/00000093/00093276.jpg,62049,0.0,0.17,0.4,0.98,0.25391,0.24414,0.75,0.30664,70.0,72.0,170.0,192.0,1,places_top,False
train/00000040/00040615.jpg,51196,0.35,0.26,0.54,0.87,0.55328,0.39273,0.6768,0.90182,242.0,213.0,299.0,287.0,1,places_top,False
train/00000005/00005705.jpg,66917,0.12,0.11,0.46,0.87,0.23818,0.34626,0.70545,0.53316,95.0,56.0,185.0,161.0,1,coco,False
train/00000048/00048960.jpg,120519,0.13,0.0,0.57,1.01,0.41818,0.27031,0.77273,0.62305,182.0,31.0,340.0,220.0,1,places_top,False
train/00000078/00078482.jpg,115476,0.01,0.15,0.25,0.96,0.17636,0.5082,0.36727,0.36055,35.0,179.0,167.0,303.0,1,places_top,False
train/00000022/00022419.jpg,92071,0.61,0.45,0.22,0.54,0.648,0.49099,0.234,0.61411,321.0,150.0,345.0,177.0,1,pascal,False
train/00000044/00044109.jpg,82978,0.14,0.28,0.46,0.79,0.22545,0.36418,0.49818,0.33265,113.0,149.0,156.0,202.0,1,places_top,False
train/00000059/00059606.jpg,39631,0.04,0.19,0.38,0.66,0.21016,0.25455,0.41041,0.44727,62.0,141.0,115.0,205.0,1,places_top,False
train/00000039/00039582.jpg,10900,0.28,0.05,0.7,1.02,0.66182,0.16727,0.75273,0.40455,451.0,26.0,517.0,113.0,1,places_top,False
train/00000022/00022283.jpg,79897,0.6,0.39,0.12,0.46,0.644,0.43867,0.342,0.87333,313.0,145.0,334.0,173.0,1,pascal,False
train/00000117/00117245.jpg,20388,0.36,0.16,0.63,0.93,0.48909,0.26958,0.49455,0.35447,311.0,102.0,366.0,174.0,1,places_top,False
train/00000073/00073724.jpg,115504,0.23,0.11,0.46,0.99,0.46755,0.23184,0.50682,0.94686,286.0,58.0,346.0,133.0,1,places_top,False
train/00000104/00104467.jpg,15368,0.05,0.07,0.28,0.74,0.17273,0.15316,0.42364,0.97296,92.0,48.0,129.0,97.0,1,places_top,False
train/00000012/00012619.jpg,52312,0.03,0.32,0.19,0.59,0.11091,0.39576,0.19455,0.56788,59.0,158.0,91.0,201.0,1,coco,False
train/00000114/00114201.jpg,13348,0.37,0.04,0.54,0.74,0.44182,0.099091,0.46545,0.36364,330.0,19.0,367.0,73.0,1,places_top,False
train/00000011/00011706.jpg,55904,0.23,0.14,0.32,0.56,0.46927,0.25522,0.91058,0.66962,157.0,91.0,204.0,146.0,1,coco,False
train/00000034/00034519.jpg,109842,0.12,-0.01,0.22,0.49,0.16182,0.082827,0.08,0.056147,98.0,22.0,127.0,51.0,1,places_top,False
train/00000017/00017632.jpg,65345,0.25,0.32,0.22,0.53,0.29818,0.4297,0.14909,0.42485,177.0,147.0,263.0,237.0,1,coco_val,False
train/00000040/00040088.jpg,61443,0.37,0.32,0.73,0.75,0.53636,0.3876,0.34909,0.65626,383.0,154.0,445.0,238.0,1,places_top,False
train/00000036/00036367.jpg,51941,0.13,0.1,0.83,1.01,0.45364,0.19455,0.060909,0.73273,203.0,66.0,315.0,189.0,1,places_top,False
train/00000012/00012254.jpg,108950,0.41,0.33,0.2,0.4,0.56727,0.39606,0.53818,0.7508,348.0,170.0,385.0,220.0,1,coco,False
train/00000095/00095703.jpg,34325,0.02,0.35,0.25,0.55,0.10909,0.36903,0.34364,0.36175,58.0,171.0,89.0,209.0,1,places_top,False
train/00000082/00082975.jpg,109651,0.42,0.32,0.63,0.57,0.51367,0.3457,0.31445,0.38477,260.0,154.0,293.0,192.0,1,places_top,False
train/00000062/00062952.jpg,105478,0.06,0.14,0.36,0.74,0.38744,0.26698,0.37435,0.79935,236.0,55.0,329.0,155.0,1,places_top,False
train/00000035/00035701.jpg,46043,0.08,0.21,0.29,0.92,0.2,0.29626,0.54364,0.98994,114.0,112.0,165.0,180.0,1,places_top,False
train/00000113/00113691.jpg,76933,0.2,0.11,0.71,0.9,0.64073,0.46062,0.66618,0.9188,449.0,148.0,557.0,246.0,1,places_top,False
train/00000048/00048985.jpg,110244,0.32,0.03,0.65,0.94,0.49455,0.17984,0.41636,0.52911,311.0,29.0,381.0,134.0,1,places_top,False
train/00000004/00004885.jpg,25958,0.02,0.3,0.12,0.53,0.10545,0.35829,0.30909,0.35557,46.0,126.0,75.0,159.0,1,coco,False
train/00000009/00009463.jpg,80444,0.37,0.0,0.63,0.99,0.69455,0.18242,0.36727,0.61394,421.0,0.0,578.0,155.0,1,coco,False
train/00000097/00097396.jpg,60780,0.29,0.4,0.61,0.67,0.49347,0.46774,0.79893,0.47987,303.0,209.0,342.0,257.0,1,places_top,False
train/00000060/00060247.jpg,7753,0.08,0.16,0.35,0.92,0.28545,0.29384,0.79091,0.38843,133.0,97.0,219.0,198.0,1,places_top,False
train/00000101/00101087.jpg,101778,0.26,0.29,0.81,0.82,0.60609,0.36182,0.568,0.30727,266.0,253.0,322.0,313.0,1,places_top,False
train/00000072/00072142.jpg,107745,0.4,0.13,0.62,1.03,0.54727,0.27938,0.77273,0.58171,365.0,91.0,435.0,184.0,1,places_top,False
train/00000031/00031568.jpg,76763,0.12,-0.01,0.28,0.96,0.18182,0.15732,0.15455,0.39857,107.0,27.0,184.0,140.0,1,places_top,False
train/00000055/00055068.jpg,16532,0.02,0.04,0.39,0.96,0.29276,0.24825,0.71971,0.31097,105.0,32.0,244.0,199.0,1,places_top,False
train/00000021/00021992.jpg,81968,0.3,0.22,0.34,0.58,0.464,0.37467,0.528,0.48667,168.0,84.0,245.0,180.0,1,pascal,False
train/00000097/00097578.jpg,50684,-0.01,0.1,0.47,0.95,0.36909,0.32773,0.47091,0.91836,192.0,58.0,314.0,211.0,1,places_top,False
train/00000023/00023422.jpg,118417,0.21,0.11,0.68,0.89,0.58667,0.18591,0.61,0.34409,133.0,48.0,177.0,110.0,1,pascal,False
train/00000094/00094001.jpg,83676,0.26,0.18,0.41,0.72,0.32727,0.29602,0.63091,0.53315,218.0,136.0,246.0,166.0,1,places_top,False
train/00000105/00105100.jpg,37766,0.0,0.33,0.17,0.67,0.12925,0.51382,0.19835,0.64929,12.0,194.0,116.0,322.0,1,places_top,False
train/00000085/00085078.jpg,118200,0.19,0.21,0.54,0.79,0.40783,0.31636,0.68433,0.54727,137.0,169.0,214.0,255.0,1,places_top,False
train/00000063/00063679.jpg,101984,0.2,0.17,0.32,0.83,0.28,0.27201,0.36909,0.64067,171.0,109.0,204.0,155.0,1,places_top,False
train/00000092/00092074.jpg,50951,0.14,0.01,0.91,0.97,0.47008,0.2,0.38575,0.46364,186.0,2.0,349.0,233.0,1,places_top,False
train/00000051/00051772.jpg,3344,0.41,0.03,0.6,0.5,0.50727,0.081648,0.51636,0.20989,286.0,8.0,327.0,58.0,1,places_top,False
train/00000101/00101889.jpg,52148,-0.01,0.16,0.39,1.04,0.048607,0.29133,0.59293,0.40769,0.0,149.0,51.0,297.0,1,places_top,False
train/00000093/00093246.jpg,117093,0.39,0.15,0.59,0.85,0.5407,0.26727,0.49457,0.29091,258.0,192.0,299.0,230.0,1,places_top,False
train/00000083/00083384.jpg,104071,0.2,0.29,0.38,0.73,0.28727,0.40763,0.27273,0.66843,168.0,149.0,243.0,253.0,1,places_top,False
train/00000086/00086219.jpg,67491,0.24,0.17,0.87,1.03,0.50364,0.36903,0.50364,0.92202,284.0,89.0,404.0,247.0,1,places_top,False
train/00000001/00001439.jpg,6016,0.57,0.1,0.43,0.88,0.8186,0.19167,0.3028,0.66537,315.0,31.0,366.0,86.0,1,actions,False
train/00000064/00064997.jpg,24193,0.11,0.33,0.26,0.83,0.20364,0.3696,0.47091,0.55369,115.0,169.0,148.0,204.0,1,places_top,False
train/00000049/00049476.jpg,113517,0.09,0.1,0.29,0.81,0.35818,0.31257,0.11636,0.87218,247.0,106.0,318.0,203.0,1,places_top,False
train/00000106/00106499.jpg,119086,0.17,0.08,0.96,1.04,0.21466,0.55273,0.10171,0.92909,95.0,260.0,157.0,339.0,1,places_top,False
train/00000013/00013220.jpg,81268,0.27,0.46,0.31,0.31,0.34909,0.51782,0.68,0.22755,189.0,212.0,226.0,252.0,1,coco,False
train/00000051/00051114.jpg,53169,0.05,0.08,0.43,1.03,0.35091,0.27065,0.47455,0.48933,156.0,36.0,288.0,203.0,1,places_top,False
train/00000021/00021764.jpg,69585,0.0,0.0,1.0,1.0,0.166,0.44133,0.564,0.47867,0.0,2.0,220.0,278.0,1,pascal,False
train/00000013/00013063.jpg,56347,0.0,0.04,1.0,0.94,0.57273,0.41572,0.57273,0.2254,194.0,34.0,435.0,350.0,1,coco,False
train/00000116/00116695.jpg,100173,0.04,0.1,0.78,0.64,0.69141,0.21455,0.75703,0.56182,292.0,48.0,407.0,206.0,1,places_top,False
train/00000015/00015611.jpg,38920,0.67,0.11,0.26,0.57,0.87636,0.20702,0.58364,0.64373,514.0,47.0,581.0,131.0,1,coco_val,False
train/00000058/00058871.jpg,96662,0.02,0.12,0.51,0.74,0.50285,0.33799,0.15358,0.62405,241.0,147.0,355.0,286.0,1,places_top,False
train/00000017/00017378.jpg,85895,0.82,0.17,0.18,0.74,0.89835,0.23928,0.23289,0.85223,567.0,82.0,611.0,137.0,1,coco_val,False
train/00000105/00105256.jpg,2576,0.37,0.07,0.65,0.96,0.54492,0.17578,0.7168,0.089844,230.0,68.0,295.0,121.0,1,places_top,False
train/00000019/00019472.jpg,99937,0.02,0.5,0.51,0.31,0.27455,0.6,0.70606,0.38545,85.0,320.0,162.0,403.0,1,coco_val,False
train/00000054/00054716.jpg,67185,0.01,0.14,0.13,0.51,0.058182,0.21168,0.049091,0.31176,31.0,89.0,55.0,121.0,1,places_top,False
train/00000016/00016154.jpg,119828,0.84,0.02,0.16,0.59,0.92182,0.083053,0.6,0.30651,578.0,11.0,612.0,55.0,1,coco_val,False
train/00000097/00097170.jpg,60454,0.12,-0.01,0.41,0.99,0.31455,0.087109,0.17091,0.48906,182.0,0.0,245.0,62.0,1,places_top,False
train/00000082/00082998.jpg,27576,0.0,-0.01,0.32,1.12,0.20545,0.10182,0.80727,0.41273,51.0,0.0,188.0,117.0,1,places_top,False
train/00000039/00039777.jpg,53251,0.14,0.16,0.38,0.98,0.31636,0.23019,0.69091,0.12549,132.0,77.0,196.0,148.0,1,places_top,False
train/00000118/00118351.jpg,101490,0.11,0.25,0.14,0.62,0.19818,0.33515,0.18909,0.50323,287.0,228.0,357.0,317.0,1,sun,False
train/00000092/00092550.jpg,56920,0.17,0.26,0.74,0.61,0.41535,0.35273,0.73352,0.51818,153.0,236.0,223.0,326.0,1,places_top,False
train/00000010/00010614.jpg,117736,0.03,0.42,0.35,0.41,0.31426,0.51636,0.51366,0.73091,58.0,268.0,155.0,380.0,1,coco,False
train/00000014/00014721.jpg,68505,0.11,0.41,0.24,0.43,0.28465,0.47434,0.32476,0.56034,78.0,204.0,110.0,243.0,1,coco,False
train/00000010/00010800.jpg,91476,0.55,0.55,0.26,0.45,0.66182,0.62234,0.65818,0.69303,400.0,242.0,437.0,286.0,1,coco,False
train/00000064/00064122.jpg,42788,0.01,0.13,0.31,0.79,0.20909,0.24636,0.50909,0.57364,106.0,79.0,166.0,143.0,1,places_top,False
train/00000039/00039037.jpg,101236,0.16,0.28,0.32,0.9,0.27636,0.34078,0.32727,0.24006,224.0,148.0,264.0,195.0,1,places_top,False
train/00000095/00095098.jpg,3866,0.16,0.23,0.34,0.62,0.23636,0.26545,0.78545,0.86273,151.0,128.0,191.0,177.0,1,places_top,False
train/00000118/00118666.jpg,106914,0.8,0.28,0.13,0.6,0.81636,0.34,0.75273,0.51212,646.0,175.0,687.0,226.0,1,sun,False
train/00000113/00113924.jpg,36854,0.29,0.2,0.53,0.67,0.44908,0.25555,0.68183,0.34282,199.0,170.0,235.0,217.0,1,places_top,False
train/00000067/00067671.jpg,7185,0.27,0.01,0.55,0.98,0.50182,0.13727,0.62727,0.79182,321.0,0.0,423.0,108.0,1,places_top,False
train/00000018/00018928.jpg,11486,0.34,0.01,0.34,0.5,0.61636,0.1214,0.51455,0.51392,382.0,9.0,425.0,71.0,1,coco_val,False
train/00000063/00063083.jpg,95320,0.04,0.12,0.74,0.85,0.64553,0.20909,0.59702,0.59091,277.0,68.0,383.0,216.0,1,places_top,True
train/00000095/00095926.jpg,89679,0.28,0.13,0.75,0.78,0.30182,0.25902,0.17455,0.55087,198.0,72.0,268.0,162.0,1,places_top,False
train/00000019/00019775.jpg,98089,0.43,0.15,0.28,0.82,0.57564,0.26444,0.62655,0.97298,339.0,69.0,381.0,127.0,1,coco_val,False
train/00000055/00055492.jpg,68277,0.4,0.23,0.56,0.79,0.48545,0.24909,0.56909,0.37727,325.0,100.0,370.0,151.0,1,places_top,False
train/00000054/00054669.jpg,56714,0.07,0.13,0.29,0.79,0.23091,0.20111,0.1,0.32446,121.0,80.0,167.0,115.0,1,places_top,False
train/00000083/00083292.jpg,88696,0.06,0.24,0.33,0.81,0.26364,0.31567,0.39818,0.48787,118.0,117.0,176.0,178.0,1,places_top,False
train/00000048/00048245.jpg,20836,0.04,0.04,0.45,0.83,0.15273,0.046484,0.58182,0.20315,27.0,0.0,144.0,113.0,1,places_top,False
train/00000048/00048006.jpg,104237,0.22,0.07,0.79,1.03,0.55273,0.25036,0.72545,0.37868,293.0,26.0,393.0,147.0,1,places_top,False
train/00000094/00094672.jpg,39949,0.34,0.12,0.42,0.84,0.39616,0.28202,0.3758,0.48345,248.0,119.0,295.0,182.0,1,places_top,False
train/00000117/00117222.jpg,69683,0.08,0.31,0.3,0.81,0.23636,0.36736,0.47273,0.35135,99.0,154.0,149.0,209.0,1,places_top,False
train/00000114/00114415.jpg,47654,0.0,0.17,0.15,1.03,0.071636,0.26698,0.30982,0.39244,0.0,98.0,73.0,185.0,1,places_top,False
train/00000019/00019586.jpg,98152,0.0,0.08,0.96,0.92,0.11091,0.35219,0.19273,0.42767,0.0,64.0,86.0,189.0,1,coco_val,False
train/00000069/00069779.jpg,76283,0.25,0.15,0.4,0.8,0.33455,0.26,0.17818,0.24788,204.0,108.0,243.0,161.0,1,places_top,False
train/00000073/00073104.jpg,3848,0.28,0.33,0.39,0.75,0.29818,0.42272,0.27636,0.52862,235.0,188.0,271.0,229.0,1,places_top,False
train/00000066/00066499.jpg,67517,0.01,0.06,0.52,0.96,0.26545,0.18384,0.72909,0.19256,42.0,15.0,172.0,156.0,1,places_top,False
train/00000117/00117849.jpg,28300,0.0,0.32,0.54,0.81,0.4806,0.41273,0.47332,0.60545,190.0,217.0,269.0,318.0,1,places_top,False
train/00000035/00035321.jpg,72691,0.1,0.06,0.7,0.89,0.68364,0.16989,0.90182,0.21562,335.0,33.0,396.0,112.0,1,places_top,False
train/00000080/00080971.jpg,119078,0.16,0.15,0.41,1.01,0.27818,0.29626,0.67455,0.2235,148.0,105.0,214.0,191.0,1,places_top,False
train/00000024/00024640.jpg,84749,-0.01,0.34,0.26,0.63,0.18489,0.42364,0.19023,0.47273,51.0,262.0,117.0,335.0,1,places_top,False
train/00000015/00015907.jpg,84065,0.0,0.2,0.21,0.68,0.11091,0.26947,0.36545,0.25849,47.0,89.0,77.0,121.0,1,coco_val,False
train/00000045/00045281.jpg,114753,0.41,0.13,0.64,0.75,0.53153,0.18,0.50728,0.25455,241.0,91.0,293.0,159.0,1,places_top,False
train/00000118/00118458.jpg,105797,0.33,0.36,0.14,0.42,0.45273,0.391,0.55273,0.52422,335.0,212.0,370.0,256.0,1,sun,False
train/00000035/00035156.jpg,14874,0.23,0.22,0.76,1.02,0.61182,0.30182,0.44818,0.51091,296.0,184.0,350.0,261.0,1,places_top,False
train/00000033/00033751.jpg,101169,0.01,0.1,0.38,0.76,0.23956,0.20182,0.37938,0.23455,38.0,91.0,134.0,208.0,1,places_top,False
train/00000004/00004815.jpg,94580,0.34,0.1,0.37,0.72,0.55765,0.42667,0.55987,0.82667,216.0,30.0,301.0,154.0,1,actions,False
train/00000082/00082864.jpg,56433,0.14,0.06,0.37,0.83,0.24727,0.14361,0.34545,0.30536,155.0,49.0,205.0,106.0,1,places_top,False
train/00000009/00009019.jpg,111257,0.18,0.06,0.56,0.91,0.61818,0.29055,0.21091,0.91891,357.0,27.0,460.0,166.0,1,coco,False
train/00000090/00090071.jpg,61390,0.46,0.23,0.56,0.82,0.54364,0.33679,0.77818,0.41567,375.0,145.0,419.0,195.0,1,places_top,False
train/00000086/00086993.jpg,70710,0.13,0.19,0.48,0.57,0.29061,0.2583,0.20107,0.4983,122.0,150.0,200.0,244.0,1,places_top,False
train/00000045/00045310.jpg,81590,0.28,0.24,0.52,0.67,0.59636,0.26882,0.39455,0.3782,406.0,108.0,441.0,151.0,1,places_top,False
train/00000053/00053407.jpg,106017,0.02,0.07,0.42,0.83,0.34,0.27702,0.26545,0.38108,184.0,103.0,232.0,165.0,1,places_top,False
train/00000087/00087473.jpg,74046,0.39,0.05,0.72,0.99,0.53091,0.35447,0.39636,0.82743,284.0,39.0,448.0,245.0,1,places_top,False
train/00000052/00052659.jpg,6337,0.17,0.06,0.59,0.96,0.45818,0.25664,0.66909,0.74609,243.0,19.0,385.0,186.0,1,places_top,False
train/00000114/00114677.jpg,33452,0.15,0.11,0.31,0.51,0.24545,0.14545,0.29091,0.76727,173.0,51.0,204.0,93.0,1,places_top,False
train/00000089/00089712.jpg,62154,0.4,0.21,0.6,1.0,0.53818,0.325,0.48364,0.34961,382.0,137.0,436.0,215.0,1,places_top,False
train/00000055/00055317.jpg,75417,0.1,0.2,0.39,0.56,0.22327,0.25636,0.64108,0.57273,72.0,138.0,147.0,226.0,1,places_top,False
train/00000118/00118450.jpg,95686,0.63,0.4,0.24,0.4,0.738,0.44933,0.882,0.42,340.0,150.0,373.0,186.0,1,sun,False
train/00000074/00074594.jpg,38463,0.0,0.04,0.54,0.97,0.31091,0.24464,0.72,0.4511,144.0,42.0,248.0,174.0,1,places_top,False
train/00000037/00037765.jpg,5867,0.09,0.02,0.37,0.93,0.29636,0.22727,0.56545,0.69364,133.0,11.0,245.0,169.0,1,places_top,False
train/00000078/00078792.jpg,40531,0.1,0.16,0.28,0.81,0.2,0.24735,0.42545,0.3533,119.0,97.0,161.0,147.0,1,places_top,False
train/00000082/00082990.jpg,122230,0.11,0.05,0.62,0.96,0.38681,0.25273,0.65536,0.25636,136.0,116.0,204.0,192.0,1,places_top,False
train/00000109/00109468.jpg,67574,0.16,0.03,0.5,0.99,0.31574,0.12891,0.068138,0.20312,163.0,15.0,221.0,80.0,1,places_top,False
train/00000099/00099183.jpg,121986,0.07,-0.03,0.57,0.98,0.21091,0.15547,0.10727,0.98672,123.0,0.0,260.0,150.0,1,places_top,False
train/00000022/00022309.jpg,81560,0.14,0.1,0.52,0.9,0.3982,0.248,0.23952,0.124,127.0,127.0,156.0,166.0,1,pascal,False
train/00000061/00061027.jpg,7115,0.44,0.05,0.66,1.03,0.83818,0.26273,0.30364,0.44545,575.0,69.0,666.0,176.0,1,places_top,False
train/00000069/00069480.jpg,117062,0.28,0.05,0.72,1.01,0.51213,0.18625,0.44424,0.44172,285.0,7.0,398.0,174.0,1,places_top,False
train/00000048/00048542.jpg,62865,0.04,0.11,0.26,0.94,0.15091,0.25423,0.14182,0.7212,85.0,78.0,149.0,170.0,1,places_top,False
train/00000015/00015753.jpg,82968,0.14,0.21,0.65,0.76,0.53774,0.39455,0.61664,0.14182,127.0,193.0,150.0,222.0,1,coco_val,False
train/00000111/00111947.jpg,28001,0.07,0.18,0.32,1.01,0.24909,0.32102,0.52182,0.43795,117.0,98.0,210.0,212.0,1,places_top,False
train/00000042/00042190.jpg,117679,0.04,-0.03,0.38,0.87,0.26545,0.10909,0.33455,0.65881,138.0,0.0,212.0,98.0,1,places_top,False
train/00000112/00112507.jpg,57783,0.23,0.33,0.41,0.64,0.34114,0.37455,0.76312,0.42909,149.0,225.0,196.0,285.0,1,places_top,False
train/00000118/00118991.jpg,5202,0.63,0.06,0.31,0.81,0.83065,0.17572,0.77247,0.36947,1304.0,68.0,1434.0,243.0,1,sun,False
train/00000041/00041889.jpg,94264,0.02,0.03,0.82,0.95,0.41996,0.18545,0.74012,0.41091,113.0,39.0,236.0,202.0,1,places_top,False
train/00000109/00109676.jpg,24557,0.27,0.21,0.81,0.63,0.45149,0.35636,0.28656,0.48727,196.0,170.0,263.0,245.0,1,places_top,False
train/00000056/00056425.jpg,71069,0.17,0.12,0.36,0.98,0.25818,0.23805,0.25818,0.11436,149.0,79.0,211.0,151.0,1,places_top,False
train/00000033/00033013.jpg,105404,0.1,0.17,0.67,0.92,0.48078,0.25455,0.36,0.23636,212.0,159.0,264.0,227.0,1,places_top,False
train/00000055/00055594.jpg,106040,0.27,0.07,0.88,0.97,0.63273,0.18636,0.58364,0.39364,448.0,29.0,621.0,238.0,1,places_top,False
train/00000059/00059160.jpg,91505,0.31,0.18,0.77,0.81,0.45273,0.3763,0.32182,0.73042,289.0,116.0,374.0,226.0,1,places_top,False
train/00000115/00115915.jpg,125447,0.19,0.27,0.4,0.71,0.38182,0.41511,0.39636,0.7571,236.0,180.0,283.0,225.0,1,places_top,False
train/00000069/00069744.jpg,77357,0.29,0.18,0.61,0.88,0.55821,0.33818,0.69161,0.48909,240.0,185.0,302.0,254.0,1,places_top,False
train/00000051/00051440.jpg,116428,0.35,0.3,0.45,0.71,0.40727,0.41026,0.75273,0.46604,217.0,160.0,296.0,230.0,1,places_top,False
train/00000023/00023792.jpg,36426,0.51,0.17,0.09,0.67,0.56,0.24298,0.96727,0.21442,272.0,33.0,287.0,49.0,1,pascal,False
train/00000011/00011824.jpg,55299,0.24,0.15,0.4,0.68,0.41091,0.23513,0.56727,0.40039,215.0,77.0,272.0,143.0,1,coco,False
train/00000072/00072251.jpg,61576,0.01,0.14,0.24,0.84,0.15636,0.25261,0.16727,0.45634,57.0,84.0,113.0,158.0,1,places_top,False
train/00000103/00103849.jpg,81950,0.35,0.07,0.48,0.94,0.36573,0.21729,0.34827,0.48129,256.0,62.0,307.0,128.0,1,places_top,False
train/00000050/00050744.jpg,60502,0.0,0.05,0.47,0.95,0.25273,0.30101,0.39091,0.71808,83.0,35.0,228.0,208.0,1,places_top,False
train/00000078/00078772.jpg,31453,0.34,0.13,0.67,0.84,0.4734,0.23636,0.34281,0.27091,202.0,122.0,283.0,218.0,1,places_top,False
train/00000073/00073240.jpg,68862,0.21,0.04,1.0,0.51,0.71101,0.24,0.76437,0.63091,257.0,3.0,420.0,243.0,1,places_top,False
train/00000069/00069767.jpg,43103,0.37,0.09,0.49,0.56,0.38,0.15509,0.34,0.32511,249.0,52.0,282.0,89.0,1,places_top,False
train/00000027/00027236.jpg,57592,0.01,0.27,0.32,0.66,0.15818,0.34556,0.28364,0.61651,76.0,130.0,135.0,198.0,1,places_top,False
train/00000096/00096629.jpg,90307,0.32,0.15,0.79,0.66,0.49273,0.24909,0.33273,0.64182,367.0,68.0,453.0,173.0,1,places_top,False
train/00000012/00012817.jpg,78360,0.77,0.17,0.23,0.58,0.88727,0.22848,0.41636,0.4903,549.0,79.0,603.0,140.0,1,coco,False
train/00000095/00095440.jpg,106830,0.03,0.28,0.29,0.91,0.13455,0.38643,0.24545,0.96591,82.0,146.0,149.0,227.0,1,places_top,False
train/00000092/00092543.jpg,110787,0.12,0.1,0.5,0.67,0.37752,0.20622,0.42488,0.43409,153.0,87.0,219.0,172.0,1,places_top,False
train/00000082/00082428.jpg,21506,0.24,0.07,0.69,1.01,0.64545,0.25182,0.42727,0.20273,462.0,84.0,543.0,173.0,1,places_top,False
train/00000117/00117787.jpg,89501,0.24,0.29,0.51,0.68,0.41996,0.31818,0.67463,0.32909,183.0,196.0,222.0,240.0,1,places_top,False
train/00000070/00070877.jpg,101330,0.24,0.28,0.62,0.9,0.49273,0.42724,0.54,0.7571,291.0,146.0,365.0,253.0,1,places_top,False
train/00000089/00089378.jpg,78964,0.25,0.26,0.53,0.78,0.43091,0.39308,0.45636,0.70287,287.0,132.0,358.0,237.0,1,places_top,False
train/00000011/00011467.jpg,46105,0.75,0.45,0.25,0.55,0.89455,0.54606,0.8,0.54848,553.0,219.0,606.0,283.0,1,coco,False
train/00000040/00040889.jpg,75136,0.38,0.36,0.49,0.81,0.40182,0.41268,0.40727,0.75467,261.0,174.0,294.0,217.0,1,places_top,False
train/00000051/00051333.jpg,35838,0.18,0.0,0.38,0.74,0.33273,0.24436,0.44727,0.41783,192.0,36.0,304.0,150.0,1,places_top,False
train/00000071/00071539.jpg,37515,0.2,0.2,0.52,0.81,0.43091,0.35933,0.49818,0.61642,224.0,114.0,315.0,201.0,1,places_top,False
train/00000056/00056014.jpg,14473,-0.01,0.16,0.26,0.9,0.16364,0.30112,0.85818,0.35977,37.0,88.0,143.0,214.0,1,places_top,False
train/00000002/00002150.jpg,71550,0.38,0.14,0.27,0.68,0.53,0.32921,0.47,0.87871,143.0,93.0,181.0,145.0,1,actions,False
train/00000083/00083284.jpg,77640,0.01,0.37,0.55,0.87,0.17017,0.51455,0.46702,0.89455,52.0,360.0,104.0,413.0,1,places_top,False
train/00000001/00001982.jpg,98908,0.39,0.2,0.57,0.8,0.54489,0.37333,0.40773,0.75667,198.0,68.0,241.0,120.0,1,actions,False
train/00000088/00088254.jpg,108359,0.32,0.18,0.43,0.77,0.38122,0.26856,0.59455,0.25037,263.0,112.0,305.0,156.0,1,places_top,False
train/00000003/00003901.jpg,43919,0.06,0.05,0.52,0.95,0.4125,0.27667,0.59,0.41,94.0,14.0,179.0,116.0,1,actions,False
train/00000118/00118747.jpg,83598,0.19,0.15,0.8,0.67,0.31416,0.35849,0.32235,0.66395,98.0,166.0,212.0,297.0,1,sun,False
train/00000005/00005760.jpg,33182,0.63,0.34,0.33,0.5,0.75455,0.41758,0.41455,0.59697,475.0,162.0,547.0,247.0,1,coco,False
train/00000038/00038595.jpg,54181,0.04,0.0,0.31,0.23,0.19212,0.12,0.52068,0.22909,88.0,60.0,124.0,108.0,1,places_top,False
train/00000118/00118958.jpg,8122,0.62,0.17,0.38,0.59,0.86667,0.21525,0.98,0.22837,212.0,85.0,249.0,123.0,1,sun,False
train/00000073/00073005.jpg,32913,0.22,0.3,0.54,0.71,0.41273,0.39119,0.59091,0.38303,272.0,164.0,330.0,229.0,1,places_top,False
train/00000091/00091009.jpg,69186,0.21,0.24,0.74,0.85,0.57519,0.34727,0.81531,0.52364,249.0,187.0,311.0,258.0,1,places_top,False
train/00000107/00107133.jpg,16123,0.08,0.1,0.25,0.64,0.16,0.1927,0.37636,0.48634,80.0,66.0,123.0,122.0,1,places_top,False
train/00000015/00015444.jpg,26734,0.66,0.27,0.15,0.66,0.70364,0.34581,0.41455,0.93124,438.0,138.0,478.0,187.0,1,coco_val,False
train/00000076/00076203.jpg,11757,0.42,0.03,0.65,0.66,0.49818,0.11632,0.43818,0.6801,352.0,14.0,417.0,106.0,1,places_top,False
train/00000046/00046854.jpg,123145,0.07,0.06,0.98,0.98,0.72727,0.61023,0.52364,0.86961,615.0,53.0,895.0,366.0,1,places_top,False
train/00000011/00011206.jpg,85263,0.44,0.0,0.55,0.98,0.64727,0.29191,0.66182,0.84225,381.0,5.0,499.0,183.0,1,coco,False
train/00000029/00029914.jpg,119135,0.14,0.03,0.33,0.32,0.22909,0.10593,0.24727,0.25675,137.0,19.0,174.0,68.0,1,places_top,False
train/00000117/00117121.jpg,55778,0.03,0.03,0.22,0.69,0.17818,0.15364,0.24,0.35,100.0,19.0,156.0,93.0,1,places_top,False
train/00000056/00056933.jpg,123281,0.3,0.2,0.5,0.59,0.61455,0.24533,0.25818,0.59944,395.0,73.0,462.0,164.0,1,places_top,False
train/00000096/00096263.jpg,64740,0.2,0.02,0.41,0.53,0.30909,0.077976,0.45636,0.70374,197.0,12.0,231.0,56.0,1,places_top,False
train/00000111/00111215.jpg,44013,0.29,0.09,0.4,0.89,0.36,0.21687,0.81273,0.29409,282.0,77.0,334.0,135.0,1,places_top,False
train/00000078/00078107.jpg,15131,0.27,0.25,0.49,1.05,0.47818,0.31953,0.71273,0.78164,321.0,109.0,397.0,207.0,1,places_top,False
train/00000057/00057929.jpg,1642,0.01,0.03,0.4,1.05,0.24909,0.18955,0.46364,0.46847,112.0,23.0,206.0,151.0,1,places_top,False
train/00000014/00014825.jpg,5945,0.37,0.03,0.17,0.6,0.49091,0.10495,0.38364,0.72305,293.0,25.0,322.0,57.0,1,coco,False
train/00000005/00005256.jpg,108790,0.18,0.35,0.23,0.63,0.34364,0.42599,0.40364,0.55757,169.0,199.0,226.0,265.0,1,coco,False
train/00000023/00023835.jpg,19193,0.01,0.01,0.99,0.99,0.412,0.168,0.64933,0.494,2.0,0.0,177.0,161.0,1,pascal,False
train/00000070/00070099.jpg,120690,0.0,-0.01,0.55,1.02,0.34909,0.22273,0.76545,0.65682,92.0,0.0,245.0,201.0,1,places_top,False
train/00000117/00117770.jpg,36699,0.28,0.05,0.88,1.0,0.60909,0.22965,0.58364,0.54096,399.0,0.0,542.0,187.0,1,places_top,False
train/00000026/00026608.jpg,66908,0.19,0.22,0.46,0.73,0.33455,0.27611,0.64545,0.31443,165.0,119.0,205.0,166.0,1,places_top,False
train/00000080/00080217.jpg,82045,0.24,0.05,0.7,0.8,0.59709,0.16647,0.85891,0.0992,242.0,78.0,332.0,170.0,1,places_top,False
train/00000043/00043394.jpg,87766,0.39,0.18,0.59,0.58,0.54364,0.29626,0.56909,0.50485,313.0,93.0,385.0,177.0,1,places_top,False
train/00000044/00044907.jpg,20147,0.25,0.27,0.56,0.93,0.47636,0.36055,0.63818,0.8582,334.0,149.0,392.0,220.0,1,places_top,False
train/00000095/00095285.jpg,117666,0.39,0.13,0.51,0.6,0.43818,0.2293,0.13455,0.37695,329.0,94.0,368.0,140.0,1,places_top,False
train/00000036/00036264.jpg,41927,0.13,0.06,0.29,0.7,0.24182,0.18955,0.46,0.22108,114.0,53.0,177.0,121.0,1,places_top,False
train/00000038/00038309.jpg,52005,0.06,0.06,0.35,0.69,0.25273,0.14453,0.40182,0.6668,166.0,39.0,205.0,92.0,1,places_top,False
train/00000010/00010558.jpg,5003,0.0,0.09,0.53,0.91,0.30727,0.38334,0.46727,0.84401,91.0,35.0,231.0,226.0,1,coco,False
train/00000045/00045501.jpg,30854,0.01,0.16,0.13,0.71,0.096364,0.22727,0.46364,0.39636,37.0,97.0,76.0,137.0,1,places_top,False
train/00000067/00067350.jpg,99261,0.22,0.38,0.36,0.73,0.28364,0.40298,0.40727,0.67706,165.0,178.0,195.0,216.0,1,places_top,False
train/00000097/00097778.jpg,35215,0.15,0.3,0.32,0.63,0.21273,0.39636,0.61273,0.21636,121.0,158.0,189.0,228.0,1,places_top,False
train/00000112/00112193.jpg,119810,0.19,0.08,0.44,0.77,0.39818,0.18364,0.79818,0.16727,259.0,50.0,323.0,126.0,1,places_top,False
train/00000090/00090179.jpg,7195,-0.02,0.11,0.41,0.99,0.17818,0.27929,0.8,0.25018,34.0,68.0,156.0,214.0,1,places_top,False
train/00000114/00114172.jpg,116117,0.1,0.24,0.24,0.85,0.18182,0.31455,0.22364,0.59545,112.0,143.0,153.0,189.0,1,places_top,False
train/00000020/00020659.jpg,24001,0.0,0.26,0.6,0.62,0.328,0.3597,0.61,0.36567,127.0,89.0,190.0,158.0,1,pascal,False
train/00000010/00010759.jpg,3805,0.57,0.22,0.43,0.4,0.76182,0.29091,0.66,0.64182,350.0,162.0,385.0,205.0,1,coco,False
train/00000039/00039431.jpg,92236,0.08,0.15,0.35,1.0,0.23455,0.24776,0.41273,0.41026,123.0,86.0,176.0,146.0,1,places_top,False
train/00000031/00031051.jpg,57373,0.17,0.08,0.61,0.92,0.41455,0.25696,0.70909,0.92874,293.0,70.0,358.0,153.0,1,places_top,False
train/00000107/00107076.jpg,22542,0.43,0.18,0.58,0.78,0.51091,0.2883,0.74182,0.30398,263.0,128.0,297.0,167.0,1,places_top,False
train/00000002/00002376.jpg,92753,0.2,0.39,0.21,0.61,0.35333,0.5,0.39556,0.41,145.0,121.0,183.0,169.0,1,actions,False
train/00000019/00019349.jpg,9814,0.0,0.22,0.24,0.57,0.16727,0.38473,0.43091,0.36278,44.0,96.0,152.0,228.0,1,coco_val,False
train/00000084/00084049.jpg,85763,0.33,0.15,0.73,0.97,0.40182,0.37091,0.79727,0.51091,109.0,217.0,253.0,371.0,1,places_top,False
train/00000018/00018326.jpg,94012,0.24,0.0,0.76,0.98,0.78545,0.23091,0.42909,0.68182,427.0,2.0,597.0,198.0,1,coco_val,False
train/00000048/00048259.jpg,14914,0.13,0.04,0.66,1.01,0.56182,0.12509,0.71455,0.25006,312.0,9.0,375.0,82.0,1,places_top,False
train/00000004/00004184.jpg,28318,0.56,0.09,0.2,0.7,0.65017,0.1601,0.25966,0.70397,253.0,30.0,278.0,64.0,1,actions,False
train/00000090/00090460.jpg,19174,0.26,0.14,0.56,0.98,0.41818,0.22526,0.37455,0.29055,295.0,79.0,351.0,151.0,1,places_top,False
train/00000051/00051452.jpg,58612,0.36,0.09,0.64,0.98,0.39818,0.2471,0.36667,0.25801,296.0,52.0,409.0,191.0,1,places_top,False
train/00000007/00007594.jpg,100564,0.0,0.06,0.32,0.94,0.20727,0.20226,0.35455,0.8032,87.0,24.0,162.0,123.0,1,coco,False
train/00000050/00050932.jpg,82774,0.01,0.06,0.67,0.98,0.37091,0.33047,0.58727,0.5082,125.0,22.0,298.0,247.0,1,places_top,False
train/00000080/00080757.jpg,96358,0.03,0.1,0.33,0.85,0.18164,0.35907,0.55859,0.37645,70.0,158.0,115.0,202.0,1,places_top,False
train/00000030/00030879.jpg,11563,0.34,0.33,0.48,0.64,0.40364,0.40056,0.40727,0.24776,266.0,186.0,290.0,218.0,1,places_top,True
train/00000040/00040195.jpg,116062,0.16,0.32,0.31,0.72,0.22909,0.38273,0.28182,0.78636,153.0,170.0,189.0,216.0,1,places_top,False
train/00000034/00034328.jpg,38996,0.38,0.22,0.61,0.86,0.51455,0.29818,0.52545,0.23273,362.0,128.0,414.0,192.0,1,places_top,False
train/00000108/00108581.jpg,60752,0.07,0.29,0.23,0.69,0.19273,0.32863,0.30727,0.35583,125.0,146.0,155.0,181.0,1,places_top,False
train/00000054/00054683.jpg,97799,0.04,0.22,0.25,1.01,0.16545,0.29626,0.74182,0.27201,67.0,123.0,127.0,181.0,1,places_top,False
train/00000078/00078286.jpg,50854,0.01,0.34,0.24,0.72,0.10545,0.41268,0.73636,0.73042,45.0,194.0,81.0,234.0,1,places_top,False
train/00000011/00011171.jpg,6590,0.57,0.28,0.43,0.71,0.882,0.34533,0.076,0.308,428.0,105.0,488.0,168.0,1,coco,False
train/00000106/00106315.jpg,86385,-0.01,0.16,0.18,0.73,0.12182,0.26972,0.59818,0.41776,66.0,106.0,109.0,151.0,1,places_top,False
train/00000097/00097568.jpg,24850,0.02,0.23,0.29,1.02,0.23455,0.27168,0.61273,0.27896,121.0,115.0,171.0,169.0,1,places_top,False
train/00000110/00110771.jpg,123185,0.39,0.15,0.51,0.67,0.45091,0.25746,0.33273,0.66735,303.0,97.0,336.0,143.0,1,places_top,False
train/00000031/00031985.jpg,64851,0.01,-0.05,0.87,0.97,0.444,0.21273,0.37621,0.79091,170.0,2.0,344.0,282.0,1,places_top,False
train/00000115/00115859.jpg,35458,0.0,0.17,0.2,0.55,0.10466,0.20545,0.4806,0.28364,28.0,116.0,58.0,150.0,1,places_top,False
train/00000094/00094295.jpg,98628,0.01,0.01,0.32,0.26,0.12038,0.049227,0.4894,0.37582,47.0,-5.0,107.0,55.0,1,places_top,True
train/00000069/00069642.jpg,71314,0.02,0.05,0.26,0.75,0.074545,0.11008,0.056364,0.66711,27.0,28.0,76.0,84.0,1,places_top,False
train/00000110/00110567.jpg,93552,0.01,0.27,0.13,0.64,0.089091,0.29,0.13091,0.41273,36.0,125.0,75.0,165.0,1,places_top,False
train/00000030/00030367.jpg,3146,0.12,0.06,0.21,0.54,0.21273,0.1683,0.23455,0.25898,119.0,59.0,149.0,94.0,1,places_top,False
train/00000005/00005797.jpg,121574,0.13,0.09,0.22,0.9,0.29636,0.2036,0.30364,0.65918,141.0,42.0,190.0,102.0,1,coco,False
train/00000106/00106908.jpg,104383,0.1,0.29,0.39,0.67,0.32727,0.36636,0.47818,0.68,229.0,154.0,262.0,195.0,1,places_top,False
train/00000010/00010027.jpg,84747,0.85,0.66,0.15,0.34,0.87455,0.8297,0.61455,0.94606,538.0,317.0,640.0,467.0,1,coco,False
train/00000114/00114635.jpg,124025,0.19,0.07,0.32,0.67,0.30335,0.18196,0.54335,0.81469,205.0,66.0,243.0,114.0,1,places_top,False
train/00000054/00054412.jpg,29940,0.15,0.08,0.9,1.03,0.68182,0.2429,0.32,0.24776,453.0,54.0,575.0,191.0,1,places_top,False
train/00000079/00079005.jpg,99656,0.07,0.01,0.31,0.52,0.24545,0.071261,0.32,0.33888,139.0,0.0,198.0,60.0,1,places_top,False
train/00000082/00082622.jpg,30003,0.0,0.05,0.12,0.7,0.054545,0.14,0.57273,0.54364,0.0,30.0,56.0,102.0,1,places_top,False
train/00000005/00005056.jpg,56111,0.4,0.06,0.24,0.93,0.45636,0.25047,0.25091,0.86157,279.0,29.0,371.0,143.0,1,coco,False
train/00000069/00069045.jpg,15429,0.39,0.22,0.5,0.78,0.48,0.27636,0.61636,0.15636,338.0,112.0,375.0,156.0,1,places_top,False
train/00000036/00036545.jpg,119363,0.18,0.09,0.69,1.01,0.34364,0.29961,0.5,0.51647,197.0,48.0,328.0,223.0,1,places_top,False
train/00000050/00050192.jpg,51758,0.29,0.02,0.61,1.0,0.45455,0.31608,0.35636,0.92822,296.0,32.0,432.0,232.0,1,places_top,False
train/00000009/00009016.jpg,86410,0.21,0.07,0.5,0.88,0.46182,0.28744,0.39818,0.72346,265.0,38.0,355.0,157.0,1,coco,False
train/00000021/00021189.jpg,77645,0.6,0.25,0.4,0.75,0.90908,0.4004,0.82108,0.68307,410.0,93.0,498.0,202.0,1,pascal,False
train/00000056/00056567.jpg,62990,0.35,-0.03,0.62,0.65,0.46,0.015742,0.39455,0.62332,348.0,0.0,421.0,48.0,1,places_top,False
train/00000086/00086463.jpg,68953,0.2,0.09,0.87,0.99,0.42545,0.21909,0.51818,0.36091,266.0,42.0,343.0,143.0,1,places_top,False
train/00000103/00103948.jpg,102313,0.02,0.11,0.26,0.96,0.16364,0.22391,0.44182,0.25781,62.0,74.0,131.0,153.0,1,places_top,False
train/00000066/00066047.jpg,21446,0.07,0.05,0.19,0.52,0.13273,0.11,0.45455,0.29,87.0,29.0,123.0,75.0,1,places_top,False
train/00000012/00012871.jpg,44984,0.11,0.23,0.4,0.76,0.224,0.47067,0.172,0.87067,86.0,88.0,179.0,199.0,1,coco,False
train/00000020/00020990.jpg,50409,0.3,0.29,0.24,0.57,0.41,0.34533,0.014,0.5,201.0,108.0,237.0,151.0,1,pascal,False
train/00000101/00101595.jpg,117637,0.05,0.21,0.44,0.93,0.30182,0.3248,0.51091,0.7291,170.0,105.0,260.0,210.0,1,places_top,False
train/00000064/00064019.jpg,1086,0.35,0.05,0.6,0.84,0.45091,0.11436,0.35818,0.67948,292.0,45.0,335.0,82.0,1,places_top,False
train/00000051/00051764.jpg,7517,-0.05,-0.01,0.75,0.93,0.35156,0.29737,0.77148,0.29174,0.0,1.0,218.0,232.0,1,places_top,False
train/00000070/00070722.jpg,58993,0.01,0.25,0.17,0.71,0.061818,0.33022,0.14727,0.36175,12.0,145.0,52.0,183.0,1,places_top,False
train/00000048/00048857.jpg,85207,0.01,0.03,0.3,0.99,0.14,0.13633,0.65818,0.70234,43.0,3.0,128.0,117.0,1,places_top,False
train/00000067/00067868.jpg,102048,0.06,0.03,0.68,0.99,0.50545,0.23545,0.66,0.62818,291.0,29.0,418.0,180.0,1,places_top,False
train/00000065/00065108.jpg,80744,0.01,0.07,0.52,0.91,0.40727,0.24621,0.52,0.43213,238.0,41.0,354.0,178.0,1,places_top,False
train/00000030/00030824.jpg,102976,0.28,0.26,0.39,0.81,0.34,0.3218,0.65091,0.76866,251.0,136.0,284.0,178.0,1,places_top,False
train/00000066/00066621.jpg,62072,0.11,0.28,0.49,0.64,0.37388,0.35636,0.54366,0.61273,137.0,182.0,211.0,275.0,1,places_top,False
train/00000064/00064472.jpg,4349,0.01,0.18,0.19,0.89,0.15931,0.27138,0.44731,0.33735,91.0,118.0,133.0,162.0,1,places_top,False
train/00000015/00015099.jpg,95756,0.63,0.26,0.37,0.47,0.90877,0.29091,0.62808,0.7,358.0,156.0,418.0,216.0,1,coco_val,True
train/00000073/00073928.jpg,96430,0.14,0.19,0.32,0.82,0.24182,0.2515,0.31818,0.44811,153.0,95.0,205.0,150.0,1,places_top,False
train/00000006/00006053.jpg,101134,0.33,0.36,0.28,0.63,0.45937,0.41687,0.60108,0.47505,161.0,237.0,208.0,295.0,1,coco,False
train/00000063/00063374.jpg,82122,0.34,0.05,0.45,0.48,0.39455,0.097379,0.56545,0.44422,259.0,24.0,287.0,59.0,1,places_top,False
train/00000065/00065918.jpg,107648,0.04,0.18,0.36,0.81,0.13812,0.25531,0.46203,0.3751,0.0,67.0,81.0,165.0,1,places_top,False
train/00000018/00018221.jpg,45058,0.39,0.3,0.29,0.57,0.57818,0.36615,0.58182,0.80866,352.0,116.0,386.0,157.0,1,coco_val,False
train/00000034/00034601.jpg,25876,0.22,0.1,0.59,0.99,0.36636,0.29091,0.022727,0.87818,170.0,182.0,238.0,268.0,1,places_top,False
train/00000037/00037879.jpg,85134,0.39,0.16,0.48,0.97,0.47529,0.3188,0.57893,0.49062,322.0,124.0,372.0,188.0,1,places_top,False
train/00000093/00093258.jpg,94973,0.29,0.13,0.49,0.84,0.41818,0.18091,0.47636,0.50818,282.0,52.0,326.0,105.0,1,places_top,False
train/00000058/00058042.jpg,65788,0.01,0.18,0.3,1.06,0.25486,0.35502,0.37607,0.36473,5.0,96.0,171.0,274.0,1,places_top,False
train/00000005/00005150.jpg,68867,0.03,0.23,0.59,0.77,0.44,0.41499,0.62545,0.4017,286.0,140.0,317.0,177.0,1,coco,False
train/00000083/00083317.jpg,97104,0.3,0.22,0.37,0.96,0.47273,0.31567,0.52909,0.3666,297.0,122.0,351.0,189.0,1,places_top,False
train/00000061/00061192.jpg,123802,0.28,0.2,0.46,0.78,0.51367,0.36719,0.4375,0.37891,261.0,183.0,269.0,192.0,1,places_top,False
train/00000082/00082435.jpg,125179,0.25,0.18,0.78,0.75,0.51273,0.24533,0.59636,0.40541,296.0,82.0,404.0,168.0,1,places_top,True
train/00000012/00012466.jpg,34809,0.4,0.22,0.33,0.59,0.61636,0.32832,0.55818,0.79704,359.0,107.0,421.0,186.0,1,coco,False
train/00000060/00060032.jpg,77340,0.07,0.31,0.44,0.76,0.36858,0.37818,0.34668,0.5,153.0,249.0,201.0,307.0,1,places_top,False
train/00000012/00012851.jpg,113509,0.24,0.47,0.35,0.52,0.40545,0.5519,0.58909,0.40166,231.0,185.0,291.0,248.0,1,coco,False
train/00000004/00004706.jpg,96933,0.05,0.21,0.39,0.79,0.34826,0.39,0.43532,0.76333,55.0,42.0,102.0,102.0,1,actions,False
train/00000009/00009236.jpg,53465,0.44,0.48,0.3,0.47,0.5897,0.52,0.69879,0.39273,247.0,313.0,286.0,358.0,1,coco,False
train/00000051/00051592.jpg,85997,0.07,0.17,0.43,0.43,0.26909,0.22545,0.076207,0.34727,114.0,121.0,191.0,212.0,1,places_top,False
train/00000066/00066252.jpg,4426,0.21,0.08,0.59,0.67,0.39665,0.17971,0.66655,0.93753,179.0,96.4,221.0,156.6,1,places_top,True
train/00000112/00112512.jpg,29266,0.28,0.25,0.58,0.86,0.53091,0.33909,0.82909,0.28455,354.0,114.0,427.0,199.0,1,places_top,False
train/00000056/00056996.jpg,107622,0.05,0.01,0.48,0.95,0.22873,0.36279,0.023273,0.82522,94.0,35.0,257.0,260.0,1,places_top,False
train/00000011/00011896.jpg,80868,0.09,0.0,0.9,0.56,0.53636,0.06,0.44424,0.32909,215.0,0.0,350.0,123.0,1,coco,False
train/00000008/00008332.jpg,123862,0.0,0.24,0.23,0.56,0.15455,0.36647,0.83091,0.70984,50.0,104.0,112.0,187.0,1,coco,False
train/00000051/00051790.jpg,73395,0.0,0.02,0.38,0.83,0.26893,0.15265,0.59802,0.39417,113.0,21.0,197.0,122.0,1,places_top,False
train/00000029/00029108.jpg,108573,0.22,0.16,0.46,1.07,0.26727,0.28455,0.13636,0.48909,195.0,115.0,244.0,173.0,1,places_top,False
train/00000004/00004381.jpg,51,0.43,0.06,0.56,0.83,0.6575,0.29667,0.37,0.52,245.0,15.0,329.0,124.0,1,actions,False
train/00000048/00048847.jpg,96761,0.11,0.22,0.35,0.93,0.25273,0.30288,0.36545,0.39386,122.0,118.0,167.0,170.0,1,places_top,False
train/00000029/00029178.jpg,27660,0.1,-0.01,0.63,0.77,0.33771,0.11109,0.15338,0.60564,155.0,0.0,287.0,144.0,1,places_top,False
train/00000070/00070035.jpg,88594,0.12,0.24,0.43,0.95,0.37021,0.41375,0.43566,0.63738,153.0,264.0,207.0,337.0,1,places_top,False
train/00000082/00082838.jpg,55502,0.2,0.29,0.29,0.78,0.41273,0.32273,0.45455,0.45909,309.0,153.0,322.0,170.0,1,places_top,False
train/00000088/00088901.jpg,33717,0.36,0.06,0.72,0.82,0.57013,0.19091,0.5532,0.57273,261.0,77.0,315.0,159.0,1,places_top,False
train/00000078/00078956.jpg,8949,0.23,0.29,0.43,0.95,0.32909,0.35405,0.40909,0.3127,209.0,158.0,243.0,195.0,1,places_top,False
train/00000020/00020756.jpg,57519,0.26,0.04,0.72,0.96,0.48802,0.236,0.21856,0.678,139.0,49.0,229.0,152.0,1,pascal,False
train/00000030/00030363.jpg,90340,0.1,0.07,0.88,0.87,0.66,0.29057,0.48364,0.38426,491.0,30.0,646.0,221.0,1,places_top,False
train/00000072/00072786.jpg,5014,0.07,0.19,0.29,0.52,0.16909,0.28171,0.17455,0.58489,79.0,99.0,139.0,182.0,1,places_top,False
train/00000016/00016023.jpg,40983,0.0,0.24,0.31,0.5,0.24,0.3477,0.414,0.47701,73.0,85.0,127.0,149.0,1,coco_val,False
train/00000000/00000219.jpg,83892,0.15,0.48,0.48,0.52,0.41917,0.52284,0.3919,0.50081,82.0,223.0,144.0,293.0,1,actions,False
train/00000048/00048063.jpg,11796,0.28,0.09,0.69,0.99,0.48545,0.25279,0.83818,0.19254,214.0,75.0,302.0,187.0,1,places_top,False
train/00000080/00080232.jpg,75781,0.22,0.17,0.49,0.99,0.37273,0.23649,0.51091,0.21747,209.0,66.0,296.0,162.0,1,places_top,False
train/00000030/00030278.jpg,55049,0.02,0.19,0.6,0.72,0.57656,0.33091,0.21836,0.80182,257.0,125.0,410.0,321.0,1,places_top,False
train/00000096/00096668.jpg,104806,0.35,0.33,0.48,0.65,0.40545,0.38818,0.93636,0.34727,286.0,176.0,314.0,207.0,1,places_top,False
train/00000016/00016506.jpg,97395,0.67,0.21,0.3,0.77,0.82,0.30789,0.11273,0.53568,506.0,102.0,548.0,154.0,1,coco_val,False
train/00000097/00097038.jpg,118990,0.03,0.24,0.32,0.7,0.14182,0.34141,0.95818,0.1582,79.0,124.0,158.0,224.0,1,places_top,False
train/00000103/00103584.jpg,24721,0.0,0.04,0.18,0.67,0.12182,0.19369,0.40545,0.66873,37.0,51.0,100.0,130.0,1,places_top,False
train/00000058/00058902.jpg,12999,0.14,0.38,0.3,0.65,0.22545,0.46996,0.36,0.429,134.0,212.0,181.0,260.0,1,places_top,False
train/00000071/00071826.jpg,1832,0.03,0.19,0.34,0.97,0.17818,0.61825,0.67273,0.35547,1.0,226.0,174.0,438.0,1,places_top,False
train/00000014/00014854.jpg,55113,0.46,0.34,0.26,0.65,0.55091,0.4044,0.31818,0.33884,349.0,143.0,412.0,211.0,1,coco,False
train/00000045/00045282.jpg,52161,0.1,0.16,0.29,0.37,0.24048,0.19091,0.3375,0.27636,105.0,100.0,127.0,125.0,1,places_top,False
train/00000113/00113511.jpg,100551,0.2,0.29,0.64,0.74,0.72909,0.36909,0.85727,0.67636,343.0,247.0,389.0,304.0,1,places_top,False
train/00000082/00082684.jpg,38765,0.4,0.07,0.64,0.99,0.48,0.20545,0.28909,0.35545,348.0,46.0,428.0,143.0,1,places_top,False
train/00000021/00021890.jpg,18460,0.0,0.21,0.61,0.79,0.3018,0.378,0.82132,0.176,0.0,104.0,121.0,259.0,1,pascal,False
train/00000074/00074887.jpg,89263,0.05,0.2,0.35,0.94,0.32,0.28001,0.76545,0.31884,235.0,97.0,307.0,184.0,1,places_top,False
train/00000029/00029225.jpg,117455,0.32,0.2,0.95,0.86,0.65038,0.28,0.32052,0.21455,315.0,150.0,393.0,232.0,1,places_top,False
train/00000016/00016009.jpg,57419,0.35,0.23,0.49,0.46,0.46727,0.47333,0.36182,0.56545,269.0,197.0,329.0,257.0,1,coco_val,True
train/00000026/00026853.jpg,74426,0.21,0.21,0.42,0.88,0.31091,0.28511,0.33091,0.31775,202.0,125.0,247.0,179.0,1,places_top,False
train/00000059/00059073.jpg,83701,0.2,-0.02,0.32,0.73,0.38182,0.39308,0.38,0.55209,267.0,180.0,304.0,225.0,1,places_top,False
train/00000077/00077249.jpg,89221,0.26,0.29,0.48,1.0,0.46909,0.43781,0.56,0.86724,324.0,145.0,390.0,245.0,1,places_top,False
train/00000074/00074242.jpg,71876,0.02,-0.08,0.4,0.99,0.25273,0.065849,0.65818,0.6431,67.0,0.0,176.0,61.0,1,places_top,False
train/00000118/00118255.jpg,43279,0.06,0.27,0.4,0.63,0.23649,0.28909,0.47283,0.42727,94.0,188.0,149.0,257.0,1,places_top,False
train/00000111/00111198.jpg,28850,0.01,0.18,0.27,0.45,0.10909,0.23563,0.68727,0.29869,41.0,91.0,97.0,145.0,1,places_top,False
train/00000057/00057930.jpg,56552,0.37,0.24,0.52,0.62,0.74727,0.26211,0.076364,0.37422,552.0,130.0,580.0,166.0,1,places_top,False
train/00000060/00060182.jpg,104088,0.35,0.09,0.71,0.94,0.55455,0.24406,0.62364,0.59281,390.0,50.0,475.0,170.0,1,places_top,False
train/00000061/00061199.jpg,19167,0.0,0.15,0.14,0.69,0.1,0.23093,0.15091,0.23458,49.0,99.0,79.0,130.0,1,places_top,False
train/00000091/00091848.jpg,122712,0.05,0.23,0.51,0.99,0.38,0.42091,0.59636,0.42091,231.0,181.0,336.0,266.0,1,places_top,False
train/00000016/00016331.jpg,77594,0.31,0.09,0.37,0.43,0.43939,0.28182,0.39818,0.50727,193.0,148.0,235.0,200.0,1,coco_val,False
train/00000008/00008854.jpg,75328,0.75,0.31,0.25,0.69,0.87091,0.38848,0.64545,0.37152,531.0,147.0,625.0,246.0,1,coco,False
train/00000041/00041152.jpg,18164,0.0,0.12,0.27,1.01,0.16274,0.36785,0.22577,0.64129,46.0,55.0,183.0,244.0,1,places_top,False
train/00000118/00118022.jpg,124577,0.26,0.27,0.44,0.69,0.35818,0.37165,0.32727,0.67204,263.0,152.0,310.0,216.0,1,places_top,False
train/00000038/00038388.jpg,108714,0.31,0.04,0.76,0.85,0.48245,0.13011,0.41666,0.15375,229.0,9.0,364.0,176.0,1,places_top,False
train/00000012/00012527.jpg,119563,0.12,0.0,0.33,0.87,0.28727,0.027273,0.58909,0.97273,146.0,0.0,204.0,54.0,1,coco,False
train/00000003/00003114.jpg,55083,0.59,0.2,0.31,0.8,0.70182,0.36909,0.63091,0.59545,603.0,116.0,735.0,286.0,1,actions,False
train/00000012/00012810.jpg,89817,0.54,0.13,0.19,0.42,0.66,0.21181,0.94545,0.16559,376.0,64.0,420.0,114.0,1,coco,False
train/00000011/00011227.jpg,117729,0.7,0.21,0.28,0.44,0.83716,0.27193,0.60201,0.65011,383.0,145.0,419.0,188.0,1,coco,False
train/00000109/00109260.jpg,74823,0.38,0.32,0.51,0.74,0.53636,0.38531,0.56182,0.65293,407.0,177.0,432.0,206.0,1,places_top,False
train/00000078/00078628.jpg,34909,0.38,0.1,0.57,0.97,0.47455,0.30863,0.42,0.77762,332.0,103.0,391.0,186.0,1,places_top,False
train/00000051/00051097.jpg,109688,0.45,0.27,0.55,0.75,0.51916,0.34866,0.65735,0.35521,377.0,159.0,405.0,194.0,1,places_top,False
train/00000092/00092414.jpg,62386,0.35,0.2,0.71,0.83,0.63091,0.36909,0.59818,0.58727,287.0,221.0,356.0,315.0,1,places_top,False
train/00000100/00100286.jpg,35161,0.31,0.31,0.56,0.74,0.51636,0.58974,0.61455,0.74982,298.0,231.0,380.0,332.0,1,places_top,False
train/00000097/00097195.jpg,79662,0.22,0.03,0.82,0.82,0.52182,0.33364,0.35273,0.79182,387.0,85.0,516.0,236.0,1,places_top,False
train/00000055/00055555.jpg,2315,0.32,0.22,0.68,1.01,0.49259,0.32182,0.46787,0.34,234.0,179.0,294.0,255.0,1,places_top,False
train/00000060/00060902.jpg,18191,0.16,0.16,0.32,0.57,0.24909,0.19455,0.30727,0.25182,172.0,88.0,199.0,117.0,1,places_top,False
train/00000101/00101721.jpg,56493,0.15,0.01,0.86,0.95,0.43459,0.10545,0.026854,0.2,205.0,0.0,345.0,115.0,1,places_top,False
train/00000072/00072048.jpg,23803,0.17,0.32,0.44,0.98,0.33665,0.4934,0.98211,0.24268,196.0,185.0,331.0,318.0,1,places_top,False
train/00000086/00086398.jpg,11103,0.05,0.06,0.39,0.94,0.22545,0.19812,0.42,0.5566,111.0,40.0,200.0,149.0,1,places_top,False
train/00000088/00088221.jpg,5937,0.08,0.0,0.59,0.86,0.33273,0.1559,0.67213,0.39316,131.0,2.0,215.0,118.0,1,places_top,False
train/00000006/00006712.jpg,94259,0.17,0.3,0.54,0.7,0.44,0.4564,0.25091,0.57358,266.0,125.0,374.0,253.0,1,coco,False
train/00000067/00067399.jpg,80135,0.03,0.13,0.31,0.98,0.21091,0.47817,0.47273,0.71829,49.0,171.0,157.0,288.0,1,places_top,False
train/00000024/00024431.jpg,54643,0.01,-0.01,0.32,0.35,0.096364,0.036744,0.42727,0.30597,17.0,0.0,79.0,46.0,1,places_top,False
train/00000030/00030691.jpg,124062,0.18,0.03,0.45,1.02,0.37607,0.14763,0.44395,0.22848,170.0,2.0,273.0,129.0,1,places_top,False
train/00000032/00032189.jpg,27708,0.38,0.17,0.63,0.8,0.48364,0.30536,0.39091,0.6453,356.0,92.0,420.0,188.0,1,places_top,False
train/00000097/00097546.jpg,50291,0.09,0.18,0.57,0.84,0.34364,0.26545,0.8,0.55727,219.0,69.0,298.0,176.0,1,places_top,False
train/00000044/00044257.jpg,87414,0.02,0.18,0.43,0.96,0.1109,0.36516,0.38,0.28273,4.0,227.0,90.0,375.0,1,places_top,True
train/00000073/00073335.jpg,90709,0.21,0.18,0.83,0.66,0.89597,0.27818,0.51912,0.5,437.0,108.0,512.0,290.0,1,places_top,False
train/00000018/00018221.jpg,118493,0.37,0.27,0.24,0.64,0.57455,0.36615,0.60545,0.81686,352.0,116.0,386.0,157.0,1,coco_val,False
train/00000011/00011084.jpg,112633,0.66,0.32,0.24,0.67,0.76364,0.38848,0.32727,0.55091,482.0,155.0,543.0,226.0,1,coco,False
train/00000104/00104139.jpg,54336,0.2,0.0,0.4,0.79,0.30909,0.01581,0.51636,0.49728,196.0,0.0,261.0,31.0,1,places_top,False
train/00000035/00035224.jpg,89093,0.17,0.1,0.61,1.03,0.46,0.21909,0.69455,0.30364,214.0,40.0,375.0,193.0,1,places_top,False
train/00000081/00081686.jpg,65501,0.15,0.05,0.44,1.02,0.43636,0.23273,0.48364,0.40455,304.0,73.0,377.0,158.0,1,places_top,False
train/00000043/00043782.jpg,86144,0.33,0.02,0.66,1.0,0.45636,0.21599,0.37636,0.36892,337.0,47.0,432.0,160.0,1,places_top,False
train/00000074/00074739.jpg,50489,0.02,0.19,0.34,0.96,0.11818,0.33022,0.41818,0.42481,3.0,119.0,100.0,224.0,1,places_top,False
train/00000116/00116732.jpg,91273,0.09,0.15,0.67,0.96,0.48545,0.56118,0.74182,0.76066,272.0,219.0,377.0,344.0,1,places_top,False
train/00000016/00016266.jpg,30,0.02,0.09,0.15,0.67,0.11091,0.18364,0.40545,0.35818,56.0,57.0,141.0,143.0,1,coco_val,False
train/00000008/00008423.jpg,86649,0.52,0.27,0.33,0.73,0.68182,0.43254,0.38,0.30887,404.0,117.0,510.0,227.0,1,coco,False
train/00000048/00048897.jpg,111250,0.02,0.02,0.3,0.94,0.19091,0.15521,0.82,0.48888,70.0,12.0,171.0,121.0,1,places_top,False
train/00000005/00005927.jpg,7291,0.74,0.31,0.23,0.67,0.83273,0.40788,0.30909,0.47818,521.0,159.0,578.0,224.0,1,coco,False
train/00000017/00017088.jpg,50540,0.39,0.37,0.32,0.61,0.60909,0.67955,0.42545,0.42404,368.0,202.0,448.0,271.0,1,coco_val,False
train/00000082/00082221.jpg,113900,0.1,0.2,0.51,0.87,0.22,0.27246,0.57455,0.22311,109.0,105.0,188.0,175.0,1,places_top,False
train/00000091/00091167.jpg,67341,0.05,0.07,0.37,1.03,0.14182,0.19051,0.84909,0.53273,10.0,9.0,137.0,164.0,1,places_top,False
train/00000063/00063878.jpg,5117,0.11,0.03,0.46,0.76,0.24727,0.077976,0.16545,0.29869,162.0,1.0,213.0,62.0,1,places_top,False
train/00000101/00101502.jpg,104961,0.29,0.07,0.49,0.99,0.41818,0.20273,0.36,0.19455,298.0,72.0,344.0,131.0,1,places_top,False
train/00000103/00103198.jpg,54403,0.33,0.05,0.6,0.85,0.59273,0.27234,0.50727,0.33289,394.0,106.0,436.0,156.0,1,places_top,False
train/00000052/00052790.jpg,19084,0.2,0.22,0.85,0.89,0.58727,0.40555,0.48545,0.76641,364.0,125.0,470.0,276.0,1,places_top,False
train/00000029/00029484.jpg,18474,0.01,0.32,0.42,0.92,0.36,0.45636,0.50545,0.36091,96.0,145.0,290.0,352.0,1,places_top,False
train/00000040/00040526.jpg,58801,0.37,0.16,0.46,0.72,0.48,0.2307,0.72545,0.2579,335.0,93.0,372.0,140.0,1,places_top,False
train/00000050/00050854.jpg,110431,0.2,0.28,0.55,0.63,0.43395,0.32,0.52642,0.37636,187.0,208.0,232.0,268.0,1,places_top,False
train/00000022/00022576.jpg,25260,0.0,0.01,0.46,0.99,0.16,0.22679,0.79,0.21353,0.0,0.0,191.0,217.0,1,pascal,False
train/00000081/00081271.jpg,115906,0.33,0.07,0.68,0.93,0.42364,0.22593,0.4,0.38358,276.0,84.0,320.0,136.0,1,places_top,False
train/00000098/00098341.jpg,26012,0.04,0.28,0.27,0.66,0.18362,0.34766,0.30226,0.27344,46.0,150.0,103.0,218.0,1,places_top,False
train/00000092/00092881.jpg,8667,0.27,0.1,0.78,0.99,0.54545,0.47089,0.50364,0.95598,270.0,111.0,425.0,318.0,1,places_top,False
train/00000001/00001267.jpg,116833,0.77,0.22,0.23,0.77,0.87299,0.29667,0.77974,0.23667,265.0,66.0,295.0,98.0,1,actions,False
train/00000041/00041323.jpg,120200,0.09,0.05,0.9,1.03,0.76182,0.21466,0.46364,0.68639,419.0,0.0,642.0,190.0,1,places_top,False
train/00000034/00034025.jpg,5493,0.21,0.12,1.02,0.99,0.62,0.26,0.71545,0.098182,292.0,115.0,449.0,316.0,1,places_top,False
train/00000070/00070370.jpg,95768,0.16,0.23,0.45,0.99,0.41091,0.33507,0.49273,0.53153,209.0,100.0,292.0,199.0,1,places_top,False
train/00000015/00015844.jpg,122591,0.16,0.55,0.33,0.45,0.32909,0.63416,0.52,0.45072,183.0,242.0,233.0,305.0,1,coco_val,False
train/00000011/00011810.jpg,104588,0.03,0.24,0.44,0.76,0.22909,0.52453,0.5,0.38009,87.0,173.0,195.0,293.0,1,coco,False
train/00000038/00038618.jpg,99085,0.4,0.02,0.57,0.98,0.72909,0.29246,0.52545,0.27607,552.0,129.0,580.0,163.0,1,places_top,False
train/00000028/00028922.jpg,34553,0.06,-0.03,0.46,0.94,0.32727,0.13134,0.20909,0.53881,142.0,0.0,298.0,97.0,1,places_top,False
train/00000047/00047154.jpg,59314,0.19,0.22,0.3,0.79,0.28909,0.29161,0.46545,0.28478,249.0,127.0,287.0,168.0,1,places_top,False
train/00000015/00015219.jpg,83729,0.46,0.0,0.33,0.99,0.55818,0.12127,0.032727,0.71407,332.0,0.0,427.0,91.0,1,coco_val,False
train/00000040/00040363.jpg,104914,-0.01,0.15,0.41,1.07,0.27967,0.27818,0.74754,0.31636,29.0,131.0,161.0,289.0,1,places_top,False
train/00000092/00092358.jpg,114061,0.23,0.2,0.79,0.55,0.59091,0.26545,0.58364,0.44545,439.0,109.0,467.0,148.0,1,places_top,False
train/00000019/00019468.jpg,10896,0.37,0.14,0.34,0.57,0.51455,0.26291,0.11818,0.64171,319.0,61.0,373.0,130.0,1,coco_val,False
train/00000018/00018052.jpg,40337,0.24,0.02,0.24,0.86,0.28545,0.12424,0.12727,0.42242,165.0,11.0,221.0,78.0,1,coco_val,False
train/00000085/00085350.jpg,21979,0.46,0.03,0.56,0.72,0.80909,0.27614,0.81273,0.86658,596.0,63.0,672.0,158.0,1,places_top,False
train/00000066/00066767.jpg,17035,0.06,0.07,0.29,0.98,0.21091,0.22591,0.39818,0.53273,56.0,57.0,129.0,144.0,1,places_top,False
train/00000106/00106629.jpg,46748,0.34,0.21,0.67,0.96,0.48899,0.30727,0.52202,0.16,213.0,201.0,271.0,262.0,1,places_top,False
train/00000056/00056198.jpg,5885,0.04,0.15,0.32,0.95,0.26545,0.28656,0.43818,0.57519,82.0,90.0,179.0,199.0,1,places_top,False
train/00000076/00076830.jpg,645,0.06,0.07,0.39,1.0,0.31636,0.24263,0.44545,0.69165,183.0,57.0,265.0,166.0,1,places_top,False
train/00000071/00071542.jpg,11444,0.25,0.05,0.61,0.9,0.47636,0.17984,0.62,0.53638,283.0,31.0,359.0,136.0,1,places_top,False
train/00000013/00013558.jpg,81106,0.09,0.26,0.21,0.57,0.29055,0.35036,0.61055,0.582,126.0,113.0,193.0,183.0,1,coco,False
train/00000012/00012924.jpg,35683,0.31,0.15,0.28,0.79,0.48364,0.23989,0.61273,0.51643,277.0,64.0,325.0,129.0,1,coco,False
train/00000103/00103855.jpg,13079,0.23,0.24,0.35,0.63,0.517,0.32195,0.82536,0.31807,334.0,150.0,357.0,180.0,1,places_top,False
train/00000091/00091650.jpg,83406,0.03,0.23,0.25,0.85,0.20364,0.36903,0.46545,0.67221,98.0,144.0,159.0,219.0,1,places_top,False
train/00000016/00016146.jpg,79191,0.65,0.12,0.26,0.5,0.70364,0.18298,0.62182,0.24345,435.0,78.0,488.0,146.0,1,coco_val,False
train/00000063/00063275.jpg,59620,0.05,0.06,0.74,0.83,0.2332,0.23636,0.58732,0.98909,38.0,24.0,169.0,200.0,1,places_top,False
train/00000006/00006210.jpg,96091,0.52,0.35,0.35,0.27,0.80365,0.43807,0.72851,0.42492,505.0,143.0,548.0,180.0,1,coco,False
train/00000052/00052617.jpg,13342,0.2,0.19,0.43,0.62,0.31636,0.34472,0.39273,0.56794,235.0,132.0,292.0,194.0,1,places_top,False
train/00000001/00001724.jpg,1390,0.23,0.12,0.4,0.79,0.56727,0.34746,0.58545,0.48305,418.0,126.0,503.0,225.0,1,actions,False
train/00000029/00029645.jpg,8248,0.44,0.36,0.56,0.98,0.51818,0.39473,0.56545,0.39773,413.0,175.0,450.0,221.0,1,places_top,False
train/00000106/00106947.jpg,72151,0.04,0.09,0.32,0.96,0.27818,0.185,0.56909,0.41281,158.0,4.0,265.0,138.0,1,places_top,True
train/00000023/00023817.jpg,24368,0.0,0.08,1.0,0.81,0.56133,0.288,0.55067,0.79,163.0,39.0,270.0,203.0,1,pascal,False
train/00000007/00007552.jpg,103074,0.53,0.23,0.32,0.76,0.56909,0.37636,0.38182,0.16545,350.0,114.0,459.0,235.0,1,coco,False
train/00000011/00011822.jpg,65443,0.39,0.23,0.24,0.43,0.54364,0.36919,0.52545,0.5218,307.0,98.0,376.0,191.0,1,coco,False
train/00000008/00008120.jpg,25135,0.12,0.12,0.16,0.77,0.23091,0.20715,0.23455,0.10089,126.0,54.0,166.0,103.0,1,coco,False
train/00000066/00066067.jpg,2777,0.05,0.18,0.21,0.69,0.13273,0.26149,0.18182,0.43969,75.0,113.0,110.0,159.0,1,places_top,False
train/00000040/00040516.jpg,64530,0.42,0.12,0.58,0.82,0.48,0.28075,0.30545,0.58283,320.0,115.0,354.0,158.0,1,places_top,False
train/00000068/00068821.jpg,45598,0.29,0.12,0.43,0.58,0.33984,0.17969,0.52539,0.7793,156.0,70.0,185.0,107.0,1,places_top,False
train/00000045/00045339.jpg,107664,0.01,0.26,0.42,0.98,0.25244,0.46884,0.53365,0.38884,130.0,178.0,210.0,281.0,1,places_top,False
train/00000072/00072853.jpg,65374,0.05,0.16,0.57,0.99,0.33455,0.38545,0.08,0.86545,246.0,146.0,318.0,230.0,1,places_top,False
train/00000065/00065691.jpg,74590,0.01,0.14,0.42,0.72,0.23203,0.18545,0.42205,0.45636,80.0,102.0,148.0,170.0,1,places_top,False
train/00000062/00062537.jpg,39652,0.13,0.21,0.35,0.88,0.22364,0.49518,0.45818,0.83275,116.0,208.0,177.0,284.0,1,places_top,False
train/00000023/00023996.jpg,25474,0.07,0.24,0.92,0.75,0.766,0.40933,0.452,0.34533,367.0,92.0,495.0,231.0,1,pascal,False
train/00000078/00078847.jpg,91480,0.2,0.16,0.53,0.95,0.39636,0.20392,0.72727,0.20392,231.0,79.0,320.0,161.0,1,places_top,False
train/00000100/00100553.jpg,74430,0.31,0.23,0.4,0.69,0.34969,0.27294,0.66969,0.35726,276.0,121.0,308.0,154.0,1,places_top,False
train/00000053/00053177.jpg,26509,0.01,0.01,0.18,0.41,0.11818,0.088182,0.029091,0.49182,60.0,0.0,108.0,63.0,1,places_top,False
train/00000080/00080568.jpg,26730,0.28,0.2,0.58,0.82,0.62909,0.60672,0.50909,0.46847,420.0,303.0,485.0,363.0,1,places_top,False
train/00000094/00094022.jpg,21811,0.09,0.23,0.28,0.63,0.2158,0.27789,0.30162,0.36516,134.0,116.0,169.0,162.0,1,places_top,False
train/00000095/00095733.jpg,99373,0.28,0.19,0.8,0.48,0.60914,0.21636,0.23563,0.48545,292.0,111.0,336.0,171.0,1,places_top,False
train/00000111/00111155.jpg,110092,0.05,0.24,0.19,0.54,0.16,0.34727,0.23818,0.70727,68.0,123.0,146.0,229.0,1,places_top,False
train/00000097/00097450.jpg,111048,0.28,0.13,0.5,0.79,0.34182,0.28342,0.27273,0.30261,239.0,80.0,307.0,186.0,1,places_top,False
train/00000086/00086251.jpg,29709,0.0,0.03,0.51,0.81,0.45625,0.17818,0.60117,0.46727,162.0,46.0,267.0,190.0,1,places_top,False
train/00000089/00089178.jpg,9587,-0.01,0.01,0.28,1.03,0.19273,0.20168,0.67455,0.27563,112.0,178.0,168.0,239.0,1,places_top,False
train/00000032/00032093.jpg,13387,0.0,-0.01,0.16,0.98,0.072727,0.12648,0.15273,0.085252,0.0,0.0,63.0,105.0,1,places_top,False
train/00000092/00092672.jpg,89182,0.24,0.21,0.52,0.54,0.33364,0.47636,0.52182,0.52,42.0,281.0,185.0,443.0,1,places_top,False
train/00000084/00084340.jpg,67139,0.0,0.13,0.46,1.0,0.27273,0.37711,0.42545,0.87412,83.0,83.0,236.0,284.0,1,places_top,False
train/00000065/00065305.jpg,51843,0.35,0.31,0.61,0.74,0.70909,0.53,0.26727,0.68,525.0,223.0,604.0,311.0,1,places_top,False
train/00000118/00118111.jpg,63720,0.16,0.21,0.68,0.75,0.3547,0.32,0.12442,0.64727,162.0,181.0,252.0,299.0,1,places_top,False
train/00000094/00094992.jpg,83216,0.34,0.3,0.54,0.94,0.38545,0.47332,0.061818,0.43209,245.0,182.0,348.0,291.0,1,places_top,False
train/00000045/00045865.jpg,58186,-0.01,0.1,0.61,1.04,0.24727,0.26066,0.54909,0.62731,79.0,42.0,213.0,228.0,1,places_top,False
train/00000049/00049926.jpg,36067,0.14,0.2,0.39,0.92,0.42364,0.32402,0.68909,0.70797,281.0,76.0,399.0,223.0,1,places_top,False
train/00000080/00080061.jpg,107562,0.38,0.25,0.57,0.59,0.43636,0.30636,0.41818,0.52727,312.0,116.0,363.0,185.0,1,places_top,False
train/00000029/00029257.jpg,120563,0.02,0.1,0.53,0.91,0.44243,0.23818,0.46984,0.64364,170.0,111.0,252.0,209.0,1,places_top,False
train/00000067/00067101.jpg,71627,0.12,0.05,0.46,0.88,0.36727,0.23683,0.34727,0.84999,230.0,29.0,321.0,157.0,1,places_top,False
train/00000017/00017633.jpg,73377,0.85,0.62,0.15,0.38,0.87836,0.67818,0.8391,0.67455,268.0,406.0,300.0,445.0,1,coco_val,False
train/00000049/00049873.jpg,66296,0.37,0.02,0.62,0.59,0.50364,0.12636,0.44727,0.57364,351.0,19.0,412.0,105.0,1,places_top,False
train/00000040/00040871.jpg,39577,0.01,0.05,0.48,0.99,0.08,0.16828,0.52,0.22585,0.0,0.0,88.0,181.0,1,places_top,False
train/00000026/00026718.jpg,67103,0.32,0.27,0.47,1.01,0.36909,0.36364,0.53455,0.44818,240.0,150.0,304.0,217.0,1,places_top,False
train/00000057/00057779.jpg,33422,0.35,0.14,0.73,0.95,0.60364,0.29713,0.64545,0.32729,362.0,80.0,475.0,202.0,1,places_top,False
train/00000065/00065293.jpg,113715,0.0,0.14,0.7,1.03,0.21636,0.32052,0.58,0.32779,3.0,62.0,177.0,258.0,1,places_top,False
train/00000105/00105078.jpg,48880,0.34,0.07,0.63,0.94,0.40643,0.19922,0.39084,0.49414,188.0,54.0,250.0,126.0,1,places_top,False
train/00000102/00102324.jpg,53187,0.11,0.09,0.44,0.6,0.24,0.16472,0.60909,0.8761,167.0,47.0,225.0,122.0,1,places_top,False
train/00000082/00082784.jpg,99597,0.14,0.08,0.36,0.91,0.30545,0.29537,0.59091,0.36358,172.0,104.0,224.0,171.0,1,places_top,True
train/00000026/00026335.jpg,48623,0.03,0.22,0.62,1.07,0.31091,0.37727,0.62182,0.62818,148.0,112.0,313.0,309.0,1,places_top,False
train/00000103/00103755.jpg,26875,0.35,0.16,0.57,0.59,0.45455,0.23545,0.32909,0.61727,322.0,85.0,375.0,158.0,1,places_top,False
train/00000033/00033564.jpg,34830,0.18,0.17,0.28,0.7,0.33636,0.29246,0.68909,0.2788,238.0,133.0,261.0,161.0,1,places_top,False
train/00000111/00111922.jpg,8027,0.36,0.1,0.52,0.85,0.41455,0.20273,0.26909,0.80545,284.0,62.0,345.0,138.0,1,places_top,False
train/00000067/00067807.jpg,42421,0.36,0.16,0.49,0.65,0.48727,0.22275,0.50545,0.41765,358.0,91.0,387.0,127.0,1,places_top,False
train/00000008/00008241.jpg,35492,0.0,0.0,0.61,0.9,0.35455,0.21181,0.63455,0.57884,112.0,3.0,245.0,167.0,1,coco,False
train/00000022/00022450.jpg,84511,0.32,0.19,0.35,0.65,0.47,0.24,0.38667,0.89778,107.0,74.0,135.0,111.0,1,pascal,False
train/00000049/00049599.jpg,57853,0.1,0.06,0.23,0.75,0.28004,0.21806,0.32222,0.31677,180.0,48.0,258.0,145.0,1,places_top,False
train/00000002/00002392.jpg,7576,0.01,0.02,0.48,0.98,0.31818,0.34182,0.49636,0.51909,94.0,10.0,227.0,176.0,1,actions,False
train/00000006/00006461.jpg,114621,0.46,0.26,0.23,0.6,0.54182,0.35697,0.64,0.54606,303.0,137.0,355.0,196.0,1,coco,False
train/00000118/00118806.jpg,106478,0.79,0.27,0.12,0.44,0.85091,0.31275,0.91636,0.42673,654.0,144.0,686.0,181.0,1,sun,False
train/00000092/00092144.jpg,49187,0.17,0.06,0.51,0.91,0.49091,0.32545,0.13636,0.83545,340.0,67.0,482.0,225.0,1,places_top,False
train/00000027/00027341.jpg,103334,0.26,0.3,0.38,0.77,0.34727,0.33265,0.64182,0.27444,211.0,148.0,244.0,188.0,1,places_top,False
train/00000093/00093353.jpg,7571,0.04,0.16,0.22,0.66,0.15818,0.18909,0.26182,0.29,96.0,79.0,130.0,116.0,1,places_top,False
train/00000034/00034204.jpg,56555,0.16,0.13,0.81,0.86,0.61425,0.19818,0.36399,0.30545,302.0,106.0,375.0,186.0,1,places_top,False
train/00000069/00069985.jpg,83114,0.31,0.14,0.67,1.02,0.45636,0.25746,0.24727,0.40056,305.0,76.0,384.0,172.0,1,places_top,False
train/00000093/00093700.jpg,60886,0.01,-0.01,0.24,0.95,0.13818,0.069091,0.58364,0.64182,50.0,0.0,127.0,71.0,1,places_top,False
train/00000028/00028516.jpg,22272,0.23,0.17,0.34,0.71,0.44727,0.43936,0.40182,0.53153,294.0,186.0,338.0,237.0,1,places_top,False
train/00000078/00078392.jpg,100735,0.03,0.03,0.32,0.94,0.15455,0.17685,0.28727,0.41275,12.0,9.0,155.0,187.0,1,places_top,False
train/00000021/00021865.jpg,82383,0.13,0.19,0.68,0.81,0.506,0.31867,0.504,0.708,209.0,70.0,277.0,156.0,1,pascal,False
train/00000087/00087932.jpg,92554,0.16,0.07,0.36,0.9,0.20364,0.19295,0.18545,0.3081,144.0,55.0,213.0,131.0,1,places_top,False
train/00000076/00076668.jpg,49303,0.17,0.16,0.33,0.49,0.21818,0.21818,0.29455,0.16364,126.0,101.0,148.0,126.0,1,places_top,True
train/00000090/00090600.jpg,91667,0.0,0.2,0.18,0.89,0.1,0.20652,0.48909,0.5097,0.0,44.0,80.0,163.0,1,places_top,False
train/00000085/00085446.jpg,76109,0.11,0.1,0.31,0.6,0.17273,0.18864,0.10727,0.41818,92.0,58.0,147.0,127.0,1,places_top,False
train/00000010/00010580.jpg,70218,0.79,0.14,0.21,0.75,0.88061,0.21636,0.80303,0.47091,400.0,94.0,453.0,154.0,1,coco,False
train/00000058/00058790.jpg,64429,0.26,0.12,0.74,0.84,0.74909,0.34374,0.32727,0.66723,538.0,43.0,706.0,265.0,1,places_top,False
train/00000085/00085879.jpg,14360,0.01,0.14,0.22,0.82,0.11273,0.2703,0.29818,0.63158,27.0,89.0,104.0,182.0,1,places_top,False
train/00000058/00058845.jpg,67379,0.17,0.22,0.41,0.87,0.28909,0.31797,0.71091,0.33783,208.0,120.0,287.0,194.0,1,places_top,False
train/00000001/00001118.jpg,48412,0.29,0.14,0.39,0.86,0.50443,0.37667,0.5133,0.43333,180.0,43.0,267.0,149.0,1,actions,False
train/00000035/00035424.jpg,14217,0.03,0.12,0.79,1.01,0.34374,0.23273,0.87832,0.29091,104.0,98.0,203.0,239.0,1,places_top,False
train/00000098/00098993.jpg,76879,0.02,-0.04,0.7,0.96,0.32909,0.039235,0.68182,0.80263,103.0,0.0,284.0,112.0,1,places_top,False
train/00000104/00104841.jpg,88000,0.38,0.22,0.54,0.75,0.50545,0.24533,0.66,0.27929,323.0,110.0,352.0,143.0,1,places_top,False
train/00000105/00105816.jpg,94817,0.06,0.09,0.69,0.85,0.67773,0.10342,0.33398,0.39184,306.0,2.0,372.0,88.0,1,places_top,False
train/00000070/00070448.jpg,77667,0.28,0.1,0.4,0.88,0.62545,0.29204,0.78727,0.56075,368.0,75.0,445.0,181.0,1,places_top,False
train/00000102/00102588.jpg,54433,0.44,0.06,0.57,0.54,0.46364,0.15636,0.41273,0.33364,338.0,51.0,379.0,107.0,1,places_top,False
train/00000117/00117546.jpg,105406,0.2,0.26,0.46,0.77,0.54364,0.34067,0.46849,0.62449,355.0,137.0,404.0,203.0,1,places_top,False
train/00000026/00026592.jpg,68969,0.0,0.16,0.43,1.07,0.30545,0.40719,0.9,0.61531,81.0,84.0,256.0,303.0,1,places_top,False
train/00000059/00059857.jpg,109599,0.21,0.32,0.8,0.98,0.48242,0.5,0.66016,0.76172,160.0,161.0,285.0,324.0,1,places_top,False
train/00000022/00022526.jpg,68850,0.41,0.14,0.45,0.78,0.772,0.34267,0.812,0.43867,318.0,53.0,420.0,152.0,1,pascal,True
train/00000075/00075138.jpg,25027,0.4,0.25,0.66,0.8,0.51818,0.36903,0.55455,0.69646,321.0,129.0,388.0,219.0,1,places_top,False
train/00000069/00069585.jpg,120767,0.24,0.2,0.45,0.86,0.41511,0.30182,0.67948,0.39273,182.0,154.0,241.0,232.0,1,places_top,False
train/00000024/00024025.jpg,70925,0.16,0.0,0.83,1.0,0.634,0.18267,0.022,0.70267,286.0,2.0,436.0,150.0,1,pascal,False
train/00000104/00104339.jpg,36954,0.13,0.25,0.29,0.58,0.18,0.29713,0.42727,0.31906,116.0,131.0,148.0,164.0,1,places_top,False
train/00000009/00009915.jpg,1266,0.69,0.34,0.13,0.57,0.76,0.38309,0.51455,0.46194,476.0,145.0,505.0,179.0,1,coco,False
train/00000097/00097845.jpg,123188,0.06,0.03,0.26,0.94,0.10909,0.15559,0.0072727,0.46847,60.0,24.0,138.0,126.0,1,places_top,False
train/00000097/00097776.jpg,103774,0.05,0.03,0.62,0.96,0.48909,0.27929,0.88,0.99236,232.0,3.0,367.0,206.0,1,places_top,False
train/00000102/00102210.jpg,74816,0.02,0.06,0.15,0.75,0.10909,0.12601,0.46182,0.52828,59.0,35.0,103.0,85.0,1,places_top,False
train/00000039/00039180.jpg,8965,0.24,0.12,0.67,0.49,0.40182,0.21636,0.63909,0.40545,131.0,98.0,212.0,203.0,1,places_top,False
train/00000027/00027163.jpg,113425,0.07,0.22,0.31,0.52,0.12727,0.27909,0.23818,0.26,57.0,131.0,87.0,160.0,1,places_top,False
train/00000029/00029241.jpg,109893,0.09,0.38,0.35,1.02,0.31273,0.5,0.84182,0.64182,138.0,185.0,255.0,311.0,1,places_top,False
train/00000014/00014836.jpg,77429,0.19,0.18,0.53,0.69,0.5218,0.25636,0.64988,0.35455,190.0,118.0,245.0,197.0,1,coco,False
train/00000091/00091408.jpg,74312,0.02,0.2,0.65,1.1,0.51694,0.46909,0.87548,0.79818,154.0,277.4,336.0,519.6,1,places_top,True
train/00000021/00021789.jpg,69965,0.43,0.4,0.11,0.44,0.514,0.44895,0.558,0.62312,243.0,133.0,264.0,160.0,1,pascal,False
train/00000115/00115589.jpg,92875,0.15,-0.01,0.86,0.75,0.4903,0.16545,0.4903,0.61455,197.0,36.0,305.0,190.0,1,places_top,True
train/00000107/00107099.jpg,33547,0.22,0.1,0.38,0.87,0.33091,0.22037,0.5,0.21763,225.0,73.0,273.0,130.0,1,places_top,False
train/00000100/00100574.jpg,121389,0.45,0.28,0.56,0.65,0.50364,0.36418,0.5,0.5,325.0,162.0,354.0,202.0,1,places_top,False
train/00000105/00105547.jpg,31183,0.04,0.07,0.19,0.42,0.10182,0.11495,0.34182,0.34161,58.0,36.0,89.0,74.0,1,places_top,False
train/00000064/00064240.jpg,79411,0.23,0.13,0.48,1.0,0.23273,0.2065,0.30545,0.95827,155.0,82.0,209.0,149.0,1,places_top,False
train/00000057/00057677.jpg,117812,0.08,0.16,0.53,0.64,0.21188,0.25455,0.10479,0.32727,108.0,140.0,180.0,215.0,1,places_top,False
train/00000098/00098192.jpg,76992,0.07,0.22,0.35,0.88,0.24909,0.31775,0.35273,0.51632,135.0,110.0,215.0,210.0,1,places_top,False
train/00000083/00083624.jpg,47038,0.32,0.1,0.73,0.85,0.59818,0.19636,0.75636,0.40364,251.0,89.0,333.0,189.0,1,places_top,False
train/00000028/00028917.jpg,22157,0.34,0.13,0.66,0.78,0.84909,0.14589,0.40909,0.64067,558.0,3.0,660.0,132.0,1,places_top,False
train/00000063/00063114.jpg,11883,0.16,0.41,0.53,0.69,0.35356,0.44141,0.49229,0.67773,171.0,199.0,206.0,246.0,1,places_top,False
train/00000067/00067137.jpg,68762,0.02,0.0,0.18,0.83,0.1385,0.077692,0.45365,0.7659,9.0,0.0,129.0,109.0,1,places_top,False
train/00000005/00005281.jpg,111953,0.21,0.2,0.49,0.61,0.5519,0.3,0.42898,0.79455,206.0,130.0,264.0,208.0,1,coco,False
train/00000038/00038899.jpg,83863,0.06,0.13,0.71,1.03,0.19091,0.28395,0.31273,0.83239,84.0,107.0,139.0,179.0,1,places_top,False
train/00000030/00030087.jpg,105086,0.33,0.06,0.68,0.62,0.53273,0.25713,0.52909,0.48651,351.0,33.0,438.0,162.0,1,places_top,False
train/00000012/00012976.jpg,48982,0.12,0.19,0.32,0.79,0.31091,0.26909,0.66,0.27273,96.0,133.0,168.0,218.0,1,coco,False
train/00000005/00005576.jpg,37863,0.48,0.15,0.31,0.58,0.60424,0.26026,0.94256,0.33615,340.0,64.0,394.0,131.0,1,coco,False
train/00000036/00036343.jpg,100885,0.26,0.34,0.42,0.69,0.4638,0.4674,0.43835,0.95734,303.0,205.0,341.0,255.0,1,places_top,False
train/00000102/00102103.jpg,5845,0.42,0.26,0.53,0.67,0.43636,0.32511,0.39091,0.62874,285.0,145.0,310.0,174.0,1,places_top,False
train/00000112/00112883.jpg,123176,0.01,0.19,0.25,0.88,0.12909,0.32591,0.43273,0.38031,59.0,106.0,155.0,227.0,1,places_top,False
train/00000053/00053464.jpg,15189,0.13,0.3,0.26,0.73,0.18727,0.35273,0.28364,0.37182,127.0,160.0,157.0,193.0,1,places_top,False
train/00000035/00035735.jpg,32563,0.0,0.02,0.3,0.72,0.19295,0.076364,0.70561,0.13273,30.0,20.0,106.0,109.0,1,places_top,False
train/00000047/00047228.jpg,94890,0.01,0.13,0.28,1.06,0.10909,0.23013,0.15636,0.27647,31.0,57.0,114.0,155.0,1,places_top,False
train/00000002/00002840.jpg,73159,0.35,0.01,0.65,0.99,0.68333,0.26368,0.24,0.8607,122.0,0.0,200.0,116.0,1,actions,False
train/00000110/00110386.jpg,80697,0.36,0.23,0.55,0.78,0.41455,0.30828,0.44182,0.90668,317.0,108.0,367.0,180.0,1,places_top,False
train/00000006/00006912.jpg,1855,0.33,0.22,0.29,0.72,0.47091,0.28471,0.37455,0.35829,294.0,93.0,331.0,141.0,1,coco,False
train/00000011/00011348.jpg,64764,0.34,0.05,0.19,0.77,0.47455,0.11212,0.61091,0.64399,286.0,20.0,321.0,67.0,1,coco,False
train/00000067/00067078.jpg,73625,0.06,0.22,0.21,0.8,0.17273,0.28455,0.38,0.57636,97.0,116.0,140.0,169.0,1,places_top,False
train/00000093/00093870.jpg,19577,0.31,0.23,0.47,0.93,0.36545,0.42344,0.35818,0.1418,272.0,200.0,309.0,242.0,1,places_top,False
train/00000008/00008225.jpg,81437,0.19,0.25,0.41,0.62,0.37192,0.3,0.48092,0.31636,128.0,157.0,188.0,227.0,1,coco,True
train/00000041/00041359.jpg,60696,0.14,0.2,0.47,0.96,0.35455,0.45078,0.57455,0.79805,169.0,103.0,306.0,248.0,1,places_top,False
train/00000037/00037655.jpg,2890,0.0,0.24,0.19,0.67,0.089091,0.32319,0.14364,0.37487,18.0,123.0,102.0,221.0,1,places_top,False
train/00000086/00086340.jpg,65269,0.03,0.04,0.81,0.96,0.53555,0.19091,0.61484,0.67636,181.0,1.0,356.0,218.0,1,places_top,False
train/00000038/00038861.jpg,109722,0.41,0.25,0.58,0.65,0.53091,0.29818,0.38909,0.41273,396.0,131.0,427.0,164.0,1,places_top,False
train/00000022/00022034.jpg,28096,0.0,0.38,0.45,0.62,0.164,0.524,0.786,0.36133,0.0,138.0,96.0,263.0,1,pascal,False
train/00000015/00015244.jpg,59221,0.7,0.41,0.22,0.53,0.77455,0.57517,0.62909,0.43986,470.0,169.0,506.0,212.0,1,coco_val,False
train/00000066/00066206.jpg,48745,0.31,0.13,0.66,0.83,0.48545,0.24,0.47089,0.74364,239.0,116.0,283.0,175.0,1,places_top,True
train/00000076/00076998.jpg,13307,0.35,0.28,0.57,0.65,0.44909,0.39909,0.43636,0.60909,331.0,157.0,374.0,222.0,1,places_top,False
train/00000022/00022616.jpg,26599,0.11,0.22,0.52,0.52,0.35886,0.338,0.25676,0.492,84.0,112.0,145.0,185.0,1,pascal,False
train/00000087/00087922.jpg,25548,0.02,0.07,0.29,0.87,0.18182,0.26149,0.26,0.62885,70.0,58.0,169.0,184.0,1,places_top,False
train/00000020/00020264.jpg,59207,0.08,0.14,0.29,0.85,0.26,0.30606,0.32545,0.6659,121.0,90.0,190.0,178.0,1,coco_val,False
train/00000066/00066630.jpg,37039,0.01,0.09,0.31,0.93,0.22,0.22311,0.34545,0.62885,102.0,61.0,179.0,146.0,1,places_top,False
train/00000064/00064574.jpg,19290,0.45,0.24,0.6,0.75,0.55091,0.28575,0.71818,0.34225,343.0,126.0,377.0,167.0,1,places_top,False
train/00000056/00056410.jpg,110161,0.07,0.27,0.21,0.62,0.14182,0.31231,0.2,0.35583,74.0,137.0,112.0,179.0,1,places_top,False
train/00000008/00008615.jpg,116489,0.46,0.22,0.31,0.46,0.64545,0.27636,0.73515,0.46909,271.0,142.0,318.0,194.0,1,coco,False
train/00000005/00005280.jpg,19634,0.0,0.13,0.26,0.36,0.14727,0.21273,0.22364,0.45091,45.0,84.0,108.0,172.0,1,coco,False
train/00000095/00095929.jpg,112367,0.14,0.14,0.28,0.55,0.37818,0.16182,0.55818,0.21636,247.0,43.0,301.0,108.0,1,places_top,False
train/00000099/00099680.jpg,48264,0.04,0.17,0.38,0.98,0.32727,0.30845,0.45091,0.66293,144.0,84.0,230.0,199.0,1,places_top,False
train/00000009/00009904.jpg,47545,0.6,0.17,0.4,0.55,0.914,0.32133,0.638,0.65733,437.0,66.0,500.0,151.0,1,coco,False
train/00000021/00021015.jpg,5064,0.5,0.31,0.5,0.63,0.68318,0.39,0.67718,0.932,201.0,157.0,241.0,210.0,1,pascal,False
train/00000113/00113899.jpg,7168,0.41,0.18,0.63,0.79,0.55727,0.26545,0.68273,0.87091,256.0,174.0,307.0,239.0,1,places_top,False
train/00000045/00045811.jpg,36129,0.07,0.1,0.58,0.99,0.46909,0.26196,0.76182,0.40041,226.0,57.0,341.0,188.0,1,places_top,False
train/00000047/00047678.jpg,71282,0.1,0.14,0.43,1.0,0.36545,0.34182,0.51455,0.30636,249.0,152.0,297.0,208.0,1,places_top,False
train/00000110/00110507.jpg,20638,0.22,0.11,0.35,0.52,0.29273,0.20895,0.29636,0.39571,182.0,77.0,220.0,132.0,1,places_top,False
train/00000059/00059399.jpg,76718,0.08,0.01,0.4,1.03,0.26618,0.14601,0.14618,0.051918,169.0,37.0,238.0,119.0,1,places_top,False
train/00000096/00096312.jpg,88618,0.39,0.31,0.59,0.7,0.49732,0.33273,0.52953,0.34182,231.0,220.0,268.0,266.0,1,places_top,False
train/00000023/00023813.jpg,32741,0.19,0.1,0.49,0.9,0.556,0.36364,0.604,0.77005,224.0,62.0,308.0,166.0,1,pascal,False
train/00000004/00004817.jpg,111200,0.0,0.1,0.83,0.89,0.43818,0.36636,0.18182,0.99909,317.0,64.0,525.0,333.0,1,actions,False
train/00000110/00110017.jpg,13793,0.08,0.31,0.2,0.7,0.15818,0.36909,0.18182,0.44545,105.0,164.0,133.0,200.0,1,places_top,False
train/00000039/00039726.jpg,96221,0.33,0.19,0.6,0.89,0.48,0.32017,0.75455,0.67072,269.0,118.0,322.0,181.0,1,places_top,False
train/00000024/00024045.jpg,17449,0.69,0.0,0.26,0.95,0.798,0.093085,0.456,0.36702,398.0,0.0,444.0,56.0,1,pascal,False
train/00000029/00029308.jpg,103300,0.2,0.17,0.74,1.02,0.58984,0.33114,0.83203,0.20356,211.0,124.0,310.0,240.0,1,places_top,False
train/00000104/00104309.jpg,49907,0.16,0.05,0.61,0.94,0.37091,0.25232,0.42727,0.35508,178.0,46.0,298.0,190.0,1,places_top,False
train/00000082/00082461.jpg,4789,0.07,0.34,0.21,0.63,0.12,0.35726,0.14545,0.36,83.0,161.0,104.0,187.0,1,places_top,False
train/00000077/00077011.jpg,72448,0.36,0.09,0.55,0.73,0.42364,0.24603,0.38182,0.49181,292.0,72.0,350.0,145.0,1,places_top,False
train/00000092/00092760.jpg,38670,0.01,0.01,0.22,0.29,0.10011,0.069091,0.30875,0.18182,5.0,1.0,66.0,75.0,1,places_top,False
train/00000089/00089943.jpg,73849,0.09,0.08,0.27,0.52,0.18,0.15559,0.48909,0.67706,91.0,46.0,133.0,101.0,1,places_top,False
train/00000079/00079991.jpg,112353,0.22,-0.04,0.48,0.84,0.32182,0.090909,0.51818,0.44,223.0,2.0,274.0,77.0,1,places_top,False
train/00000040/00040697.jpg,14541,0.33,0.31,0.5,0.67,0.42364,0.41996,0.54,0.52668,266.0,184.0,305.0,222.0,1,places_top,True
train/00000026/00026737.jpg,2319,0.08,0.06,0.78,0.8,0.54838,0.22727,0.77244,0.81273,172.0,47.0,325.0,260.0,1,places_top,False
train/00000015/00015338.jpg,2322,0.2,0.0,0.67,0.99,0.34,0.44142,0.30182,0.87812,168.0,76.0,276.0,239.0,1,coco_val,False
train/00000018/00018418.jpg,13909,0.7,0.22,0.17,0.71,0.78,0.30379,0.49091,0.4128,495.0,101.0,541.0,147.0,1,coco_val,False
train/00000093/00093242.jpg,96677,0.01,0.17,0.23,1.04,0.18727,0.26519,0.66909,0.29788,108.0,94.0,162.0,153.0,1,places_top,False
train/00000109/00109736.jpg,117921,0.13,0.02,0.67,1.01,0.4394,0.30218,0.70364,0.45096,155.0,18.0,326.0,236.0,1,places_top,False
train/00000056/00056489.jpg,124629,0.08,0.04,0.73,1.02,0.56364,0.22035,0.78364,0.75524,238.0,2.0,375.0,181.0,1,places_top,False
train/00000051/00051528.jpg,93764,0.05,0.06,0.9,0.79,0.46545,0.31527,0.73636,0.73363,193.0,0.0,441.0,284.0,1,places_top,False
train/00000019/00019076.jpg,1007,0.15,0.24,0.18,0.6,0.26545,0.31699,0.81091,0.31972,141.0,112.0,178.0,159.0,1,coco_val,False
train/00000080/00080168.jpg,112107,0.44,0.15,0.56,0.51,0.51645,0.22182,0.52467,0.45273,253.0,135.0,290.0,184.0,1,places_top,False
train/00000003/00003639.jpg,32597,0.28,0.02,0.5,0.98,0.52996,0.17333,0.53371,0.34,166.0,6.0,216.0,67.0,1,actions,False
train/00000026/00026801.jpg,16362,0.26,0.39,0.45,1.01,0.36364,0.56256,0.68182,0.2035,216.0,236.0,297.0,333.0,1,places_top,False
train/00000011/00011743.jpg,78969,0.46,0.08,0.42,0.92,0.61273,0.23566,0.37818,0.81612,351.0,34.0,442.0,164.0,1,coco,False
train/00000089/00089982.jpg,47143,0.16,0.11,0.83,1.03,0.46348,0.45818,0.73738,0.28182,170.0,351.0,274.0,454.0,1,places_top,False
train/00000021/00021091.jpg,3049,0.18,0.38,0.59,0.62,0.46078,0.556,0.38235,0.592,190.0,196.0,305.0,327.0,1,pascal,False
train/00000010/00010374.jpg,117725,0.23,0.1,0.44,0.67,0.47818,0.21113,0.78909,0.87062,278.0,49.0,327.0,114.0,1,coco,False
train/00000009/00009488.jpg,22,0.58,0.05,0.33,0.95,0.68727,0.1778,0.41455,0.3855,430.0,19.0,510.0,120.0,1,coco,False
train/00000067/00067438.jpg,9575,0.16,0.1,0.88,0.69,0.46478,0.18545,0.43768,0.42909,212.0,71.0,292.0,167.0,1,places_top,False
train/00000047/00047188.jpg,113910,0.19,0.11,0.76,1.06,0.65091,0.31307,0.47091,0.30239,443.0,76.0,541.0,197.0,1,places_top,False
train/00000074/00074793.jpg,113529,0.28,0.08,0.64,1.02,0.40545,0.19492,0.29636,0.56102,298.0,49.0,360.0,135.0,1,places_top,False
train/00000111/00111336.jpg,124041,0.18,0.03,0.46,1.02,0.34909,0.18091,0.65091,0.15091,204.0,31.0,282.0,122.0,1,places_top,False
train/00000092/00092648.jpg,43254,0.07,0.0,0.55,0.88,0.20895,0.18182,0.30354,0.59818,66.0,34.0,149.0,153.0,1,places_top,False
train/00000097/00097748.jpg,117034,0.07,0.37,0.19,0.71,0.23091,0.48295,0.041818,0.52436,131.0,195.0,210.0,292.0,1,places_top,False
train/00000028/00028853.jpg,96357,0.39,0.09,0.74,1.0,0.51273,0.28511,0.54364,0.94339,357.0,71.0,451.0,205.0,1,places_top,False
train/00000040/00040165.jpg,6855,0.07,0.16,0.29,1.02,0.2,0.29273,0.43455,0.39909,99.0,100.0,177.0,197.0,1,places_top,False
train/00000073/00073649.jpg,95835,0.3,0.06,0.76,0.99,0.59818,0.29987,0.36,0.47348,372.0,65.0,529.0,231.0,1,places_top,False
train/00000041/00041892.jpg,1174,0.0,0.08,0.63,1.04,0.36364,0.28182,0.54,0.45364,108.0,20.0,293.0,268.0,1,places_top,False
train/00000109/00109124.jpg,59166,0.4,0.07,0.62,1.02,0.51818,0.2235,0.30909,0.17742,335.0,87.0,382.0,131.0,1,places_top,False
train/00000117/00117684.jpg,59161,0.14,0.07,0.37,0.87,0.27636,0.14,0.58545,0.69636,154.0,36.0,225.0,120.0,1,places_top,False
train/00000021/00021851.jpg,55387,0.26,0.38,0.37,0.62,0.462,0.5,0.358,0.61411,210.0,126.0,284.0,207.0,1,pascal,False
train/00000070/00070006.jpg,116566,0.4,0.08,0.69,0.71,0.62251,0.17273,0.58341,0.33455,282.0,56.0,368.0,176.0,1,places_top,False
train/00000056/00056361.jpg,55683,0.35,0.05,0.69,1.02,0.46545,0.30112,0.46,0.40783,308.0,56.0,409.0,188.0,1,places_top,False
train/00000078/00078620.jpg,101217,0.34,0.29,0.46,0.64,0.58364,0.33265,0.71818,0.31809,391.0,154.0,416.0,188.0,1,places_top,False
train/00000095/00095694.jpg,2152,0.14,0.13,0.28,0.5,0.28545,0.15091,0.77818,0.53818,185.0,62.0,234.0,119.0,1,places_top,False
train/00000025/00025966.jpg,77485,0.02,0.2,0.55,1.1,0.26,0.32455,0.24909,0.54112,156.0,122.0,238.0,235.0,1,places_top,False
train/00000014/00014888.jpg,104611,0.4,0.09,0.43,0.53,0.68803,0.17818,0.73709,0.47636,265.0,64.0,315.0,141.0,1,coco,False
train/00000019/00019074.jpg,115432,0.89,0.3,0.11,0.69,0.978,0.36186,0.714,0.47297,487.0,101.0,500.0,140.0,1,coco_val,False
train/00000083/00083822.jpg,3599,0.21,0.09,0.43,0.99,0.38727,0.30466,0.40909,0.73061,238.0,80.0,330.0,209.0,1,places_top,False
train/00000042/00042432.jpg,41631,0.14,0.17,0.84,0.83,0.44364,0.29739,0.28364,0.85045,313.0,58.0,434.0,234.0,1,places_top,False
train/00000076/00076321.jpg,7520,0.31,0.1,0.62,1.02,0.57758,0.32309,0.66,0.59474,316.0,63.0,440.0,227.0,1,places_top,False
train/00000015/00015261.jpg,72213,0.09,0.25,0.28,0.73,0.23455,0.34695,0.54,0.33967,101.0,117.0,176.0,204.0,1,coco_val,False
train/00000055/00055785.jpg,5808,0.22,0.19,0.41,0.79,0.51273,0.24603,0.46909,0.3143,387.0,107.0,421.0,145.0,1,places_top,False
train/00000011/00011306.jpg,96549,0.36,0.12,0.61,0.54,0.52182,0.22364,0.64,0.40788,269.0,63.0,344.0,142.0,1,coco,False
train/00000062/00062633.jpg,93136,0.19,0.33,0.36,0.66,0.28,0.36602,0.32727,0.58203,195.0,164.0,230.0,210.0,1,places_top,False
train/00000113/00113131.jpg,125289,0.15,0.22,0.55,0.71,0.46455,0.29818,0.78909,0.33091,201.0,189.0,248.0,252.0,1,places_top,False
train/00000033/00033419.jpg,49590,0.1,0.23,0.77,0.82,0.39636,0.27455,0.56273,0.25636,145.0,153.0,225.0,256.0,1,places_top,False
train/00000100/00100471.jpg,102465,0.38,0.2,0.61,0.88,0.44153,0.36244,0.27183,0.96244,319.0,125.0,376.0,202.0,1,places_top,False
train/00000063/00063447.jpg,4292,0.1,0.19,0.56,0.62,0.57169,0.27818,0.71251,0.66364,263.0,170.0,294.0,208.0,1,places_top,False
train/00000106/00106528.jpg,30647,0.03,0.31,0.25,0.98,0.12545,0.38486,0.94364,0.3547,59.0,156.0,107.0,223.0,1,places_top,False
train/00000005/00005932.jpg,96646,0.74,0.0,0.26,0.85,0.85095,0.22543,0.6212,0.50752,526.0,76.0,577.0,135.0,1,coco,False
train/00000065/00065320.jpg,3888,0.21,0.01,0.96,0.98,0.43273,0.29869,0.36909,0.86624,260.0,0.0,511.0,298.0,1,places_top,False
train/00000061/00061447.jpg,8707,0.36,0.35,0.52,0.64,0.54545,0.43936,0.55091,0.52668,358.0,206.0,382.0,239.0,1,places_top,False
train/00000048/00048726.jpg,111884,0.04,0.03,0.21,0.34,0.12182,0.063423,0.034545,0.19682,69.0,10.0,95.0,45.0,1,places_top,False
train/00000056/00056599.jpg,41473,0.21,0.28,0.41,0.82,0.23273,0.40056,0.20909,0.64067,136.0,156.0,198.0,230.0,1,places_top,False
train/00000037/00037790.jpg,47264,0.24,0.26,0.73,0.65,0.51273,0.3666,0.41091,0.73769,324.0,112.0,417.0,249.0,1,places_top,False
train/00000084/00084828.jpg,55729,0.04,0.21,0.48,0.96,0.36364,0.36636,0.81273,0.77,178.0,121.0,298.0,260.0,1,places_top,False
train/00000079/00079505.jpg,70645,0.11,0.12,0.41,0.72,0.28545,0.18469,0.46,0.62127,159.0,73.0,202.0,128.0,1,places_top,False
train/00000073/00073314.jpg,84040,0.02,0.19,0.41,0.98,0.36182,0.42636,0.62,0.67727,117.0,80.0,296.0,299.0,1,places_top,False
train/00000089/00089021.jpg,50256,0.43,0.13,0.57,0.81,0.48727,0.37182,0.46727,0.69636,335.0,94.0,448.0,255.0,1,places_top,False
train/00000039/00039369.jpg,83966,0.18,0.11,0.75,1.01,0.53396,0.22182,0.57276,0.18909,206.0,125.0,269.0,197.0,1,places_top,False
train/00000107/00107630.jpg,58193,0.24,0.13,0.55,1.06,0.50706,0.21455,0.5777,0.23273,212.0,100.0,275.0,179.0,1,places_top,False
train/00000075/00075053.jpg,117920,0.14,0.21,0.56,1.0,0.38182,0.41182,0.71818,0.47795,178.0,91.0,339.0,295.0,1,places_top,False
train/00000039/00039027.jpg,38338,0.12,0.12,0.27,1.03,0.20545,0.31727,0.45636,0.41818,115.0,118.0,162.0,169.0,1,places_top,False
train/00000043/00043114.jpg,101452,0.24,0.01,0.36,0.73,0.28198,0.16929,0.25471,0.33907,164.0,33.0,230.0,120.0,1,places_top,False
train/00000114/00114210.jpg,23972,0.35,0.07,0.51,0.75,0.45091,0.20259,0.51273,0.89734,282.0,79.0,314.0,124.0,1,places_top,False
train/00000044/00044903.jpg,40485,0.42,0.16,0.57,0.96,0.50727,0.27423,0.37455,0.95155,366.0,104.0,411.0,170.0,1,places_top,False
train/00000040/00040920.jpg,72669,0.45,0.19,0.56,0.82,0.48364,0.25988,0.17091,0.38843,319.0,102.0,360.0,148.0,1,places_top,False
train/00000005/00005104.jpg,14726,0.41,0.14,0.22,0.84,0.45821,0.22182,0.084258,0.96545,222.0,85.0,285.0,165.0,1,coco,False
train/00000056/00056257.jpg,104031,0.02,0.18,0.46,0.97,0.21636,0.35447,0.33091,0.36175,48.0,117.0,161.0,240.0,1,places_top,False
train/00000103/00103912.jpg,101019,0.01,0.04,0.21,0.84,0.11818,0.17047,0.067273,0.14969,72.0,44.0,122.0,99.0,1,places_top,False
train/00000005/00005597.jpg,79837,0.25,0.23,0.23,0.62,0.41273,0.29636,0.48545,0.42364,155.0,146.0,210.0,213.0,1,coco,False
train/00000056/00056289.jpg,117579,0.01,0.39,0.26,0.98,0.15651,0.45254,0.4256,0.51195,26.0,177.0,128.0,291.0,1,places_top,False
train/00000003/00003080.jpg,81455,0.2,0.0,0.67,1.0,0.6775,0.17667,0.605,0.90667,206.0,0.0,325.0,103.0,1,actions,False
train/00000097/00097468.jpg,52149,0.11,0.28,0.27,0.56,0.13636,0.34922,0.16545,0.37115,89.0,156.0,123.0,200.0,1,places_top,False
train/00000046/00046546.jpg,29844,0.07,0.12,0.85,0.95,0.62364,0.31084,0.30364,0.22585,478.0,105.0,583.0,229.0,1,places_top,False
train/00000014/00014886.jpg,54220,0.0,0.14,0.16,0.8,0.13273,0.20909,0.56909,0.40455,53.0,75.0,103.0,140.0,1,coco,False
train/00000082/00082389.jpg,111358,0.18,0.13,0.45,1.02,0.46,0.25503,0.60545,0.42239,275.0,77.0,330.0,144.0,1,places_top,False
train/00000016/00016554.jpg,107249,0.43,0.09,0.19,0.75,0.52,0.22476,0.51636,0.083053,328.0,87.0,356.0,121.0,1,coco_val,False
train/00000106/00106220.jpg,77484,0.19,0.02,0.46,0.98,0.49273,0.33909,0.34909,0.80818,318.0,102.0,401.0,200.0,1,places_top,False
train/00000014/00014781.jpg,28463,0.01,0.0,0.87,1.0,0.474,0.14267,0.47,0.81733,165.0,0.0,304.0,100.0,1,coco,False
train/00000047/00047579.jpg,8854,0.42,0.05,0.62,0.72,0.50977,0.14491,0.63281,0.619,240.0,47.0,277.0,99.0,1,places_top,False
train/00000014/00014780.jpg,96653,0.67,0.24,0.25,0.75,0.75273,0.32303,0.15273,0.5097,471.0,119.0,532.0,191.0,1,coco,False
train/00000097/00097101.jpg,101439,0.37,0.37,0.46,0.81,0.64545,0.43727,0.54,0.58455,481.0,190.0,526.0,248.0,1,places_top,False
train/00000115/00115839.jpg,45301,0.36,0.13,0.52,0.63,0.46909,0.21865,0.51455,0.51698,301.0,90.0,327.0,118.0,1,places_top,False
train/00000046/00046638.jpg,115914,0.15,0.35,0.49,0.73,0.36982,0.42209,0.64255,0.39947,181.0,172.0,247.0,253.0,1,places_top,False
train/00000002/00002212.jpg,70807,0.01,0.28,0.51,0.66,0.36,0.45973,0.51,0.67897,51.0,134.0,127.0,230.0,1,actions,False
train/00000073/00073364.jpg,53723,0.04,-0.08,0.61,0.97,0.44301,0.011719,0.38419,0.35156,126.0,0.0,273.0,70.0,1,places_top,False
train/00000018/00018794.jpg,115642,0.47,0.18,0.22,0.66,0.54,0.29394,0.60182,0.82242,321.0,97.0,377.0,168.0,1,coco_val,False
train/00000094/00094333.jpg,48128,0.24,0.03,0.67,0.58,0.36797,0.11636,0.19093,0.88364,149.0,42.0,216.0,137.0,1,places_top,False
train/00000057/00057266.jpg,61095,0.24,0.02,0.34,0.68,0.35818,0.11179,0.38364,0.28648,303.0,24.0,347.0,74.0,1,places_top,False
train/00000100/00100795.jpg,106031,0.34,0.08,0.72,0.95,0.52545,0.16226,0.50545,0.38016,382.0,35.0,444.0,116.0,1,places_top,False
train/00000045/00045628.jpg,48274,0.16,0.05,0.46,0.97,0.53455,0.12021,0.40182,0.20597,293.0,17.0,363.0,98.0,1,places_top,False
train/00000118/00118642.jpg,59216,0.62,0.51,0.14,0.39,0.6805,0.60712,0.49052,0.43157,321.0,161.0,365.0,211.0,1,sun,False
train/00000059/00059394.jpg,83072,0.03,0.21,0.34,0.64,0.25632,0.26182,0.42881,0.63455,101.0,160.0,143.0,219.0,1,places_top,False
train/00000107/00107918.jpg,82602,0.05,0.07,0.82,0.96,0.5419,0.13091,0.83517,0.25455,232.0,53.0,296.0,142.0,1,places_top,False
train/00000067/00067001.jpg,37355,0.02,0.04,0.32,1.0,0.20562,0.19498,0.5358,0.28444,59.0,31.0,170.0,169.0,1,places_top,False
train/00000080/00080059.jpg,78448,0.03,0.03,0.36,1.13,0.25091,0.10708,0.55455,0.12163,98.0,1.0,189.0,102.0,1,places_top,False
train/00000009/00009858.jpg,73921,0.32,0.61,0.4,0.37,0.52424,0.71455,0.39091,0.69818,239.0,395.0,329.0,488.0,1,coco,False
train/00000011/00011400.jpg,45374,0.06,0.27,0.66,0.62,0.63656,0.35455,0.62803,0.84,225.0,171.0,284.0,250.0,1,coco,False
train/00000061/00061648.jpg,19183,0.21,0.25,0.38,0.76,0.27818,0.31231,0.70545,0.2579,172.0,132.0,214.0,179.0,1,places_top,False
train/00000106/00106888.jpg,117431,0.02,-0.05,0.6,0.96,0.12364,0.72364,0.44909,0.69364,28.0,293.0,160.0,447.0,1,places_top,True
train/00000013/00013695.jpg,9783,0.34,0.03,0.57,0.95,0.48634,0.19455,0.42079,0.45636,179.0,23.0,285.0,164.0,1,coco,False
train/00000103/00103158.jpg,112036,0.15,0.12,0.55,0.67,0.51091,0.24739,0.81455,0.45385,308.0,84.0,354.0,135.0,1,places_top,False
train/00000068/00068609.jpg,54138,0.09,0.2,0.24,0.89,0.18,0.295,0.42,0.5775,98.0,125.0,134.0,171.0,1,places_top,False
train/00000069/00069521.jpg,75968,0.27,0.28,0.48,0.72,0.54608,0.33273,0.48787,0.32727,269.0,205.0,307.0,249.0,1,places_top,False
train/00000095/00095534.jpg,20298,0.23,0.31,0.62,0.65,0.48727,0.42074,0.63818,0.81705,344.0,189.0,379.0,232.0,1,places_top,False
train/00000020/00020854.jpg,16144,0.35,0.18,0.44,0.74,0.74,0.31381,0.82,0.41291,328.0,51.0,393.0,132.0,1,pascal,True
train/00000082/00082018.jpg,94914,0.33,0.25,0.44,0.81,0.40727,0.29537,0.52182,0.30511,256.0,130.0,289.0,169.0,1,places_top,False
train/00000027/00027315.jpg,14829,0.04,0.12,0.46,0.77,0.3549,0.27273,0.40569,0.44,110.0,108.0,198.0,205.0,1,places_top,False
train/00000085/00085823.jpg,40610,0.21,0.03,0.76,0.98,0.3418,0.26417,0.2207,0.734,142.0,32.0,299.0,233.0,1,places_top,False
train/00000007/00007723.jpg,115911,0.0,0.06,0.49,0.92,0.35273,0.25758,0.65636,0.85879,150.0,31.0,253.0,160.0,1,coco,False
train/00000078/00078283.jpg,47277,0.04,0.25,0.51,1.05,0.3206,0.30567,0.40545,0.33817,117.0,90.0,226.0,217.0,1,places_top,False
train/00000059/00059141.jpg,42176,0.45,0.32,0.54,0.94,0.52182,0.40298,0.61273,0.82986,322.0,171.0,363.0,223.0,1,places_top,False
train/00000023/00023030.jpg,114828,0.28,0.1,0.33,0.66,0.412,0.21733,0.594,0.524,142.0,39.0,211.0,127.0,1,pascal,False
train/00000022/00022008.jpg,94794,0.29,0.14,0.37,0.52,0.378,0.308,0.322,0.484,160.0,59.0,233.0,155.0,1,pascal,False
train/00000094/00094033.jpg,122643,0.42,0.18,0.51,0.66,0.57636,0.31811,0.69091,0.32651,419.0,134.0,464.0,186.0,1,places_top,False
train/00000050/00050244.jpg,41953,0.07,0.38,0.24,0.65,0.21455,0.50728,0.52364,0.52425,98.0,215.0,151.0,275.0,1,places_top,False
train/00000049/00049299.jpg,99912,0.27,0.11,0.6,0.73,0.41818,0.23203,0.51455,0.48086,289.0,55.0,361.0,156.0,1,places_top,False
train/00000056/00056233.jpg,33028,0.04,0.17,0.61,0.87,0.36364,0.29713,0.70182,0.51097,223.0,67.0,338.0,221.0,1,places_top,False
train/00000068/00068267.jpg,118233,0.02,0.13,0.48,0.95,0.30364,0.2981,0.36,0.53892,106.0,48.0,241.0,206.0,1,places_top,False
train/00000023/00023666.jpg,3502,0.24,0.11,0.55,0.89,0.658,0.324,0.784,0.66533,274.0,46.0,367.0,177.0,1,pascal,False
train/00000017/00017215.jpg,46683,0.56,0.37,0.15,0.59,0.62,0.4297,0.11455,0.50485,393.0,179.0,426.0,219.0,1,coco_val,False
train/00000070/00070385.jpg,103093,0.27,0.02,0.73,0.67,0.54366,0.16,0.77165,0.58909,211.0,16.0,316.0,164.0,1,places_top,False
train/00000104/00104886.jpg,84857,0.0,0.06,0.22,0.8,0.15455,0.22311,0.88364,0.49178,102.8,92.6,132.2,137.4,1,places_top,True
train/00000058/00058093.jpg,120725,0.03,0.31,0.28,0.67,0.074545,0.33909,0.22545,0.46455,3.0,140.0,64.0,201.0,1,places_top,False
train/00000118/00118716.jpg,51540,0.33,0.39,0.22,0.31,0.42909,0.48963,0.41455,0.6555,336.0,237.0,376.0,289.0,1,sun,False
train/00000033/00033698.jpg,87485,0.12,0.08,0.9,0.83,0.51991,0.16,0.68363,0.094545,208.0,73.0,296.0,153.0,1,places_top,False
train/00000084/00084159.jpg,37993,0.34,0.13,0.58,1.12,0.46727,0.25969,0.68182,0.36892,310.0,69.0,411.0,200.0,1,places_top,False
train/00000014/00014495.jpg,102402,0.04,0.02,0.17,0.59,0.16,0.080103,0.090909,0.18439,79.0,17.0,110.0,56.0,1,coco,False
train/00000110/00110471.jpg,30648,0.02,0.38,0.24,0.74,0.14545,0.44,0.19091,0.67727,73.0,190.0,124.0,246.0,1,places_top,False
train/00000031/00031784.jpg,45092,0.03,0.17,0.28,0.9,0.15636,0.28327,0.21455,0.17619,64.0,91.0,118.0,154.0,1,places_top,False
train/00000049/00049611.jpg,47217,0.35,0.04,0.49,0.51,0.73455,0.47545,0.37273,0.52727,521.0,157.0,653.0,316.0,1,places_top,False
train/00000065/00065977.jpg,2549,0.33,0.08,0.56,0.71,0.55727,0.34364,0.60636,0.97636,251.0,210.0,306.0,290.0,1,places_top,False
train/00000071/00071002.jpg,51982,0.01,0.25,0.25,0.91,0.14182,0.3081,0.24909,0.3081,67.0,132.0,116.0,178.0,1,places_top,False
train/00000112/00112768.jpg,119043,0.17,0.07,0.39,0.82,0.30364,0.35185,0.23091,0.81218,215.0,139.0,248.0,181.0,1,places_top,False
train/00000024/00024248.jpg,2180,0.17,0.33,0.45,0.96,0.34,0.37663,0.72182,0.36567,210.0,149.0,266.0,216.0,1,places_top,False
train/00000065/00065867.jpg,102540,0.23,0.04,0.71,0.99,0.44811,0.22727,0.084915,0.86909,187.0,84.0,310.0,242.0,1,places_top,False
train/00000107/00107371.jpg,76082,0.07,0.11,0.23,0.87,0.14364,0.20273,0.28182,0.82455,92.0,70.0,132.0,124.0,1,places_top,False
train/00000080/00080311.jpg,64687,0.13,0.14,0.75,0.75,0.59818,0.36364,0.62727,0.49455,399.0,108.0,486.0,207.0,1,places_top,False
train/00000067/00067971.jpg,19628,0.34,0.05,0.78,0.99,0.50245,0.15636,0.37504,0.92909,239.0,45.0,309.0,141.0,1,places_top,False
train/00000071/00071103.jpg,12054,0.04,0.1,0.81,0.81,0.45877,0.32909,0.49757,0.35091,146.0,89.0,287.0,270.0,1,places_top,False
train/00000114/00114661.jpg,45332,0.2,0.25,0.5,0.55,0.36357,0.30364,0.44016,0.63455,160.0,177.0,197.0,227.0,1,places_top,False
train/00000071/00071266.jpg,36543,0.15,0.28,0.52,0.99,0.31091,0.52182,0.64182,0.57364,176.0,218.0,244.0,298.0,1,places_top,False
train/00000081/00081500.jpg,39743,0.16,0.24,0.46,0.94,0.38545,0.31182,0.68727,0.27091,264.0,134.0,319.0,198.0,1,places_top,False
train/00000002/00002338.jpg,86286,0.42,0.12,0.38,0.88,0.47636,0.30495,0.43455,0.351,308.0,57.0,427.0,209.0,1,actions,False
train/00000040/00040756.jpg,68724,0.42,0.2,0.58,0.55,0.52545,0.26473,0.59273,0.41996,326.0,107.0,368.0,152.0,1,places_top,False
train/00000064/00064713.jpg,59357,0.4,0.21,0.72,0.83,0.55818,0.32426,0.66242,0.65387,398.0,133.0,468.0,222.0,1,places_top,False
train/00000002/00002850.jpg,69611,0.32,0.01,0.68,0.99,0.76,0.058918,0.60727,0.51906,411.0,0.0,547.0,114.0,1,actions,False
train/00000068/00068756.jpg,101506,0.27,0.05,0.56,0.67,0.34364,0.15559,0.50364,0.73527,217.0,35.0,271.0,107.0,1,places_top,False
train/00000086/00086419.jpg,62746,0.21,0.2,0.41,0.78,0.54,0.45386,0.58727,0.54902,415.0,217.0,447.0,256.0,1,places_top,False
train/00000113/00113923.jpg,68955,0.36,0.07,0.47,0.6,0.42909,0.17545,0.52,0.59818,305.0,57.0,335.0,99.0,1,places_top,False
train/00000103/00103691.jpg,120202,0.39,0.21,0.58,0.65,0.46577,0.57473,0.68638,0.80018,327.0,261.0,387.0,327.0,1,places_top,True
train/00000106/00106142.jpg,61968,0.29,0.1,0.67,0.86,0.62545,0.31818,0.46455,0.93455,299.0,189.0,377.0,266.0,1,places_top,False
train/00000108/00108302.jpg,49454,0.02,0.23,0.23,0.84,0.14182,0.27599,0.64909,0.69162,74.0,113.0,121.0,168.0,1,places_top,False
train/00000093/00093904.jpg,32302,0.27,0.17,0.54,0.69,0.66545,0.28414,0.36364,0.55821,440.0,89.0,515.0,181.0,1,places_top,False
train/00000087/00087238.jpg,11588,0.15,0.28,0.3,0.63,0.23091,0.33973,0.26727,0.33973,127.0,147.0,168.0,193.0,1,places_top,False
train/00000056/00056357.jpg,21547,0.08,0.11,0.37,0.94,0.20982,0.31631,0.53527,0.6023,100.0,80.0,189.0,199.0,1,places_top,False
train/00000075/00075469.jpg,54693,0.01,0.01,0.32,1.06,0.15091,0.24776,0.27273,0.34235,1.0,49.0,125.0,185.0,1,places_top,False
train/00000038/00038020.jpg,54222,0.27,0.06,0.72,0.96,0.52638,0.41246,0.64516,0.8458,314.0,151.0,392.0,243.0,1,places_top,True
train/00000008/00008909.jpg,93706,0.21,0.03,0.25,0.96,0.338,0.14565,0.93,0.26877,138.0,19.0,182.0,69.0,1,coco,False
train/00000030/00030722.jpg,104137,0.11,0.28,0.24,0.7,0.16364,0.61885,0.33818,0.6528,70.0,292.0,119.0,343.0,1,places_top,False
train/00000060/00060856.jpg,79438,0.01,0.06,0.43,0.99,0.21455,0.21091,0.42182,0.17273,116.0,36.0,212.0,178.0,1,places_top,True
train/00000089/00089531.jpg,123074,0.09,0.16,0.3,1.12,0.23818,0.27658,0.44727,0.40691,110.0,101.0,194.0,194.0,1,places_top,False
train/00000075/00075748.jpg,119905,0.12,0.15,0.27,0.88,0.21273,0.2677,0.32545,0.346,115.0,100.0,165.0,163.0,1,places_top,False
train/00000015/00015005.jpg,99118,0.04,0.01,0.95,0.99,0.64303,0.2,0.18,0.79455,230.0,4.0,399.0,185.0,1,coco_val,False
train/00000045/00045900.jpg,59255,0.0,0.1,0.88,0.82,0.63927,0.25302,0.22291,0.17929,461.0,58.0,552.0,182.0,1,places_top,False
train/00000013/00013488.jpg,54617,0.46,0.2,0.19,0.75,0.53455,0.26509,0.59818,0.46995,313.0,87.0,348.0,132.0,1,coco,False
train/00000014/00014581.jpg,20132,0.33,0.1,0.53,0.58,0.60182,0.29455,0.37879,0.66,211.0,111.0,336.0,266.0,1,coco,False
train/00000026/00026007.jpg,51379,0.02,0.25,0.29,0.98,0.21818,0.33265,0.65273,0.58004,72.0,118.0,165.0,218.0,1,places_top,False
train/00000063/00063847.jpg,29192,0.46,0.08,0.54,0.65,0.69142,0.23635,0.66449,0.58989,521.0,102.0,544.0,135.0,1,places_top,False
train/00000009/00009142.jpg,99356,0.31,0.27,0.31,0.45,0.58993,0.34727,0.61173,0.62909,222.0,178.0,260.0,233.0,1,coco,False
train/00000016/00016110.jpg,88395,0.42,0.21,0.16,0.78,0.48727,0.27939,0.041818,0.34485,299.0,100.0,363.0,167.0,1,coco_val,False
train/00000051/00051116.jpg,117858,0.14,0.26,0.31,0.79,0.26727,0.34962,0.50364,0.72314,160.0,141.0,198.0,188.0,1,places_top,False
train/00000051/00051785.jpg,32329,0.38,-0.01,0.62,0.74,0.67273,0.39813,0.47273,0.68918,421.0,80.0,562.0,250.0,1,places_top,False
train/00000086/00086754.jpg,82080,0.36,0.25,0.47,0.74,0.53153,0.29273,0.23805,0.28182,266.0,172.0,317.0,230.0,1,places_top,False
train/00000119/00119072.jpg,85355,0.3,0.19,0.21,0.64,0.39697,0.26,0.54121,0.43667,115.0,43.0,129.0,60.0,1,sun,False
train/00000063/00063843.jpg,109148,0.13,0.2,0.28,0.87,0.24545,0.29562,0.74,0.26817,187.0,118.0,235.0,172.0,1,places_top,False
train/00000032/00032005.jpg,96010,0.01,0.06,0.36,1.0,0.26545,0.67472,0.76909,0.90534,2.0,153.0,254.0,470.0,1,places_top,False
train/00000105/00105535.jpg,66458,0.42,0.14,0.58,0.43,0.52182,0.17984,0.76182,0.19682,339.0,77.0,360.0,102.0,1,places_top,False
train/00000062/00062162.jpg,20206,0.45,0.15,0.56,0.53,0.50182,0.17984,0.26,0.66008,336.0,80.0,363.0,111.0,1,places_top,False
train/00000037/00037575.jpg,5650,0.32,0.25,0.48,0.86,0.7,0.27929,0.11091,0.53638,453.0,96.0,526.0,185.0,1,places_top,False
train/00000057/00057132.jpg,29893,0.22,0.21,0.62,0.82,0.35636,0.30636,0.11455,0.69364,230.0,101.0,316.0,210.0,1,places_top,False
train/00000068/00068315.jpg,46298,0.38,0.21,0.59,0.9,0.47636,0.27151,0.39091,0.47552,356.0,110.0,410.0,178.0,1,places_top,False
train/00000098/00098310.jpg,42258,0.03,0.08,0.4,0.93,0.23455,0.30636,0.40909,0.62545,3.0,26.0,198.0,262.0,1,places_top,False
train/00000108/00108057.jpg,50174,0.32,0.02,0.68,0.98,0.37455,0.16467,0.85455,0.37956,197.0,33.0,262.0,114.0,1,places_top,False
train/00000003/00003687.jpg,108919,0.29,0.21,0.5,0.77,0.47818,0.31455,0.59818,0.44545,225.0,129.0,305.0,230.0,1,actions,False
train/00000005/00005966.jpg,38267,0.25,0.02,0.73,0.97,0.63043,0.12062,0.063147,0.42371,294.0,18.0,356.0,93.0,1,coco,False
train/00000017/00017400.jpg,96673,0.01,0.45,0.33,0.54,0.24545,0.53096,0.60727,0.42002,63.0,202.0,180.0,288.0,1,coco_val,False
train/00000069/00069454.jpg,98537,0.37,0.07,0.56,0.98,0.48,0.23682,0.26909,0.30261,329.0,75.0,413.0,174.0,1,places_top,False
train/00000118/00118444.jpg,92845,0.72,0.42,0.28,0.38,0.83936,0.59456,0.13083,0.38851,409.0,385.0,498.0,496.0,1,sun,False
train/00000059/00059219.jpg,39078,0.29,0.07,0.46,0.84,0.58,0.24364,0.45273,0.66091,435.0,69.0,495.0,147.0,1,places_top,False
train/00000040/00040207.jpg,59467,0.07,0.29,0.31,0.47,0.20909,0.31324,0.48727,0.85169,106.0,135.0,155.0,193.0,1,places_top,False
train/00000046/00046948.jpg,11398,0.29,0.07,0.8,1.05,0.53273,0.21053,0.33273,0.27607,397.0,40.0,496.0,153.0,1,places_top,False
train/00000081/00081930.jpg,28333,0.3,0.08,0.4,0.77,0.35273,0.16828,0.48364,0.32044,274.0,66.0,314.0,116.0,1,places_top,False
train/00000074/00074699.jpg,76702,0.4,0.04,0.58,0.63,0.48909,0.21623,0.44182,0.62855,295.0,36.0,368.0,138.0,1,places_top,False
train/00000079/00079141.jpg,122854,0.07,0.18,0.38,0.85,0.34,0.19925,0.48,0.18469,184.0,56.0,241.0,129.0,1,places_top,False
train/00000026/00026852.jpg,62062,0.31,0.19,0.47,0.82,0.37818,0.23818,0.53455,0.24909,274.0,94.0,310.0,139.0,1,places_top,False
train/00000002/00002154.jpg,61167,0.43,0.08,0.3,0.59,0.54908,0.2346,0.29516,0.91943,246.0,46.0,275.0,83.0,1,actions,False
train/00000020/00020935.jpg,5036,0.02,0.62,0.64,0.24,0.532,0.666,0.62267,0.448,168.0,316.0,249.0,404.0,1,pascal,False
train/00000100/00100958.jpg,55751,0.27,0.3,0.48,0.66,0.34,0.34235,0.29091,0.43936,217.0,164.0,240.0,189.0,1,places_top,False
train/00000000/00000933.jpg,73665,0.23,0.08,0.34,0.92,0.52487,0.24754,0.65335,0.59663,279.0,36.0,358.0,117.0,1,actions,False
train/00000009/00009103.jpg,65728,0.23,0.36,0.29,0.37,0.46944,0.42083,0.55833,0.35208,136.0,176.0,175.0,225.0,1,coco,False
train/00000112/00112151.jpg,71881,0.09,0.08,0.45,0.92,0.37636,0.22182,0.65091,0.26545,216.0,50.0,300.0,149.0,1,places_top,False
train/00000021/00021863.jpg,124604,0.19,0.14,0.18,0.35,0.30267,0.176,0.46533,0.314,95.0,64.0,123.0,100.0,1,pascal,False
train/00000042/00042720.jpg,109433,0.01,0.11,0.36,0.98,0.27818,0.36671,0.62727,0.69313,70.0,84.0,231.0,263.0,1,places_top,False
train/00000051/00051721.jpg,13715,0.01,0.22,0.38,0.82,0.28364,0.39987,0.38364,0.63864,141.0,114.0,232.0,235.0,1,places_top,False
train/00000060/00060719.jpg,89352,0.2,0.16,0.75,0.87,0.42364,0.26327,0.085455,0.90063,263.0,95.0,308.0,157.0,1,places_top,False
train/00000105/00105888.jpg,125065,0.17,0.28,0.51,0.86,0.22727,0.36346,0.22727,0.84408,154.0,159.0,195.0,210.0,1,places_top,False
train/00000054/00054734.jpg,99593,0.12,0.18,0.42,1.0,0.29818,0.29219,0.53455,0.59844,165.0,88.0,241.0,192.0,1,places_top,False
train/00000007/00007107.jpg,83627,0.0,0.17,0.61,0.62,0.29152,0.34909,0.64788,0.57273,48.0,112.0,188.0,307.0,1,coco,False
train/00000001/00001658.jpg,69343,0.19,0.01,0.49,0.49,0.45698,0.18621,0.44971,0.49845,329.0,68.0,401.0,154.0,1,actions,True
train/00000061/00061576.jpg,121601,0.39,0.28,0.61,0.67,0.47818,0.31809,0.35818,0.31567,311.0,137.0,345.0,182.0,1,places_top,False
train/00000110/00110371.jpg,103140,0.27,0.14,0.77,1.01,0.33636,0.40962,0.34,0.55831,215.0,143.0,337.0,275.0,1,places_top,True
train/00000089/00089418.jpg,75395,0.18,0.04,0.35,0.98,0.30925,0.2185,0.42562,0.36674,177.0,67.0,241.0,147.0,1,places_top,False
train/00000007/00007932.jpg,118304,0.26,0.24,0.54,0.67,0.32934,0.688,0.32335,0.908,91.0,298.0,145.0,356.0,1,coco,False
train/00000009/00009094.jpg,67939,0.07,0.11,0.77,0.8,0.43091,0.37879,0.39455,0.75212,251.0,56.0,399.0,276.0,1,coco,False
train/00000020/00020722.jpg,8472,0.4,0.19,0.15,0.28,0.52,0.27333,0.564,0.372,238.0,76.0,269.0,113.0,1,pascal,False
train/00000074/00074065.jpg,13616,0.11,0.05,0.34,0.94,0.32182,0.21445,0.69636,0.67652,174.0,44.0,259.0,156.0,1,places_top,False
train/00000036/00036181.jpg,29189,0.19,0.33,0.39,0.71,0.30364,0.41511,0.26182,0.55093,193.0,175.0,230.0,227.0,1,places_top,False
train/00000007/00007464.jpg,98336,0.37,0.22,0.43,0.62,0.59311,0.41184,0.34022,0.50104,363.0,140.0,417.0,205.0,1,coco,False
train/00000030/00030763.jpg,122713,0.04,0.04,0.5,0.75,0.32545,0.19881,0.43818,0.64531,175.0,17.0,278.0,166.0,1,places_top,False
train/00000093/00093601.jpg,21379,-0.03,0.03,0.47,0.78,0.35795,0.17273,0.6021,0.44727,103.0,27.0,216.0,170.0,1,places_top,False
train/00000042/00042543.jpg,96238,0.12,0.02,0.88,1.0,0.48909,0.47259,0.62364,0.95234,175.0,0.0,495.0,276.0,1,places_top,False
train/00000079/00079974.jpg,61111,0.05,0.17,0.66,0.99,0.43636,0.29868,0.65455,0.75885,216.0,97.0,290.0,200.0,1,places_top,False
train/00000102/00102464.jpg,8398,0.25,0.13,0.66,0.79,0.41717,0.22727,0.62668,0.66364,184.0,116.0,235.0,182.0,1,places_top,False
train/00000043/00043790.jpg,123566,0.3,0.17,0.53,0.92,0.40364,0.35177,0.33273,0.65372,293.0,101.0,384.0,211.0,1,places_top,False
train/00000118/00118176.jpg,91156,0.28,0.15,0.48,0.85,0.51636,0.27444,0.62364,0.50728,298.0,86.0,365.0,168.0,1,places_top,False
train/00000000/00000201.jpg,122619,0.34,0.17,0.66,0.83,0.67333,0.30296,0.43333,0.27668,112.0,35.0,174.0,98.0,1,actions,False
train/00000082/00082096.jpg,33172,0.15,0.15,0.81,0.99,0.43273,0.28358,0.25636,0.30649,301.0,76.0,401.0,193.0,1,places_top,False
train/00000041/00041624.jpg,9281,0.13,0.21,0.58,0.89,0.39086,0.3,0.65523,0.40364,120.0,145.0,227.0,282.0,1,places_top,False
train/00000087/00087287.jpg,39167,0.35,0.06,0.48,0.37,0.43915,0.10545,0.48479,0.21273,185.0,80.0,236.0,139.0,1,places_top,False
train/00000065/00065608.jpg,34263,-0.02,-0.07,0.42,0.78,0.12364,0.12764,0.32545,0.62047,0.0,0.0,138.0,149.0,1,places_top,False
train/00000004/00004984.jpg,8269,0.54,0.05,0.39,0.93,0.67455,0.21991,0.47636,0.28866,406.0,26.0,508.0,162.0,1,coco,False
train/00000118/00118469.jpg,122187,0.17,0.36,0.12,0.45,0.20182,0.41515,0.15636,0.56303,288.0,440.0,366.0,529.0,1,sun,False
train/00000107/00107055.jpg,87394,0.1,0.06,0.86,0.97,0.65227,0.39273,0.62955,0.96909,282.0,141.0,395.0,298.0,1,places_top,False
train/00000072/00072230.jpg,27402,0.27,0.23,0.67,1.01,0.46364,0.47,0.48545,0.65273,281.0,110.0,441.0,305.0,1,places_top,False
train/00000080/00080819.jpg,88302,0.26,0.34,0.42,0.98,0.62909,0.46436,0.30727,0.40953,469.0,172.0,574.0,284.0,1,places_top,False
train/00000040/00040773.jpg,117935,0.25,0.18,0.46,0.91,0.33455,0.26818,0.44,0.21364,221.0,99.0,292.0,174.0,1,places_top,False
train/00000069/00069091.jpg,41623,0.22,0.16,0.39,0.97,0.35273,0.33276,0.45273,0.51493,269.0,145.0,310.0,192.0,1,places_top,False
train/00000118/00118452.jpg,87988,0.43,0.32,0.17,0.49,0.5014,0.3952,0.35308,0.35743,225.0,94.0,252.0,125.0,1,sun,False
train/00000014/00014657.jpg,113823,0.41,0.4,0.16,0.57,0.49273,0.4673,0.5,0.54088,299.0,180.0,324.0,211.0,1,coco,False
train/00000076/00076595.jpg,99487,0.03,0.19,0.28,0.78,0.18727,0.27832,0.24182,0.42611,116.0,107.0,178.0,170.0,1,places_top,False
train/00000034/00034490.jpg,48803,0.12,0.16,0.67,0.98,0.56,0.22545,0.31727,0.31273,261.0,136.0,329.0,210.0,1,places_top,False
train/00000063/00063048.jpg,3657,0.23,-0.04,0.46,0.73,0.33455,0.027042,0.94,0.4903,208.0,0.0,267.0,37.0,1,places_top,False
train/00000029/00029269.jpg,113629,0.0,0.01,0.37,0.67,0.27636,0.16455,0.51273,0.62818,165.0,0.0,250.0,108.0,1,places_top,False
train/00000067/00067312.jpg,51070,0.01,0.22,0.39,0.5,0.24364,0.39273,0.46182,0.28727,86.0,268.0,143.0,340.0,1,places_top,False
train/00000004/00004586.jpg,55292,0.01,0.23,0.83,0.77,0.26968,0.46,0.85277,0.25667,7.0,68.0,122.0,184.0,1,actions,False
train/00000020/00020199.jpg,76028,0.18,0.01,0.81,0.97,0.67455,0.15391,0.91091,0.35012,376.0,14.0,459.0,122.0,1,coco_val,False
train/00000118/00118240.jpg,10641,0.42,0.12,0.6,0.92,0.56248,0.28,0.076207,0.75091,271.0,145.0,345.0,236.0,1,places_top,False
train/00000100/00100817.jpg,53635,0.43,0.38,0.56,0.73,0.5,0.41501,0.98909,0.82349,363.0,178.0,394.0,222.0,1,places_top,False
train/00000041/00041091.jpg,75775,0.12,0.21,1.0,0.82,0.63636,0.52364,0.23,0.22545,221.0,231.0,475.0,503.0,1,places_top,False
train/00000069/00069100.jpg,28752,0.2,0.24,0.3,0.65,0.28364,0.33572,0.39273,0.64511,195.0,149.0,225.0,183.0,1,places_top,False
train/00000030/00030167.jpg,103798,0.3,0.15,0.52,0.58,0.61636,0.20195,0.66364,0.43164,447.0,52.0,505.0,132.0,1,places_top,False
train/00000115/00115257.jpg,120783,0.08,0.02,0.35,0.96,0.20182,0.11063,0.49455,0.29732,122.0,17.0,182.0,81.0,1,places_top,False
train/00000063/00063494.jpg,99586,0.06,0.14,0.34,0.51,0.28182,0.25216,0.37091,0.46074,162.0,75.0,215.0,139.0,1,places_top,False
train/00000063/00063853.jpg,41787,0.21,0.05,0.77,1.06,0.48086,0.18364,0.42617,0.51455,205.0,81.0,286.0,185.0,1,places_top,False
train/00000089/00089192.jpg,106078,0.24,0.16,0.42,0.76,0.31636,0.24057,0.68545,0.20234,211.0,88.0,260.0,146.0,1,places_top,False
train/00000098/00098570.jpg,112030,0.3,0.08,0.92,0.81,0.53455,0.18596,0.35091,0.39896,400.0,39.0,483.0,141.0,1,places_top,False
train/00000005/00005180.jpg,34674,0.16,0.26,0.27,0.57,0.33247,0.33111,0.49793,0.52232,188.0,115.0,224.0,159.0,1,coco,False
train/00000034/00034938.jpg,17838,0.02,0.22,0.33,0.96,0.054545,0.30364,0.49091,0.22727,2.0,118.0,54.0,196.0,1,places_top,False
train/00000118/00118803.jpg,112696,0.38,0.34,0.13,0.56,0.43738,0.39333,0.35972,0.42,142.0,87.0,159.0,108.0,1,sun,False
train/00000026/00026039.jpg,46060,0.17,0.31,0.99,0.89,0.73028,0.47273,0.22859,0.54909,323.0,251.0,496.0,434.0,1,places_top,False
train/00000089/00089552.jpg,116777,0.33,0.33,0.44,1.02,0.37273,0.45376,0.19636,0.41567,272.0,201.0,335.0,266.0,1,places_top,False
train/00000000/00000113.jpg,7448,0.42,0.26,0.58,0.74,0.53,0.34922,0.48333,0.40909,144.0,127.0,195.0,193.0,1,actions,False
train/00000099/00099251.jpg,50075,0.31,0.07,0.4,0.53,0.37091,0.15316,0.56364,0.17257,220.0,60.0,260.0,101.0,1,places_top,False
train/00000113/00113590.jpg,45917,0.4,0.11,0.57,0.73,0.517,0.23207,0.73518,0.79935,368.0,86.0,404.0,131.0,1,places_top,False
train/00000030/00030369.jpg,124867,0.16,0.18,0.6,0.8,0.40582,0.22182,0.56828,0.52909,153.0,101.0,225.0,187.0,1,places_top,False
train/00000069/00069831.jpg,586,0.03,0.15,0.28,0.92,0.14,0.27678,0.21818,0.46118,82.0,80.0,149.0,159.0,1,places_top,False
train/00000080/00080708.jpg,69981,0.14,-0.03,0.89,0.72,0.20909,0.24057,0.24182,0.41534,117.0,59.0,190.0,141.0,1,places_top,False
train/00000016/00016308.jpg,37251,0.07,0.15,0.23,0.44,0.20182,0.24929,0.25455,0.54905,101.0,73.0,134.0,114.0,1,coco_val,False
train/00000076/00076689.jpg,88036,0.0,0.18,0.18,0.68,0.096364,0.26273,0.30727,0.28182,33.0,97.0,93.0,160.0,1,places_top,False
train/00000051/00051644.jpg,11822,0.1,0.23,1.0,0.8,0.70682,0.34909,0.52955,0.77455,273.0,102.0,426.0,324.0,1,places_top,False
train/00000110/00110289.jpg,105945,0.01,0.11,0.28,1.0,0.13636,0.19412,0.76364,0.10318,25.0,54.0,115.0,140.0,1,places_top,False
train/00000034/00034245.jpg,118468,0.25,0.17,0.7,0.94,0.36091,0.26182,0.32545,0.35091,167.0,140.0,237.0,220.0,1,places_top,False
train/00000046/00046769.jpg,125060,0.31,0.01,0.69,0.91,0.40182,0.10727,0.069091,0.038182,181.0,45.0,260.0,132.0,1,places_top,False
train/00000038/00038657.jpg,7453,0.15,0.11,0.39,0.99,0.37165,0.28062,0.54075,0.29153,248.0,102.0,297.0,160.0,1,places_top,False
train/00000055/00055619.jpg,79244,0.13,0.14,0.35,1.01,0.25636,0.28772,0.36727,0.27995,98.0,103.0,182.0,200.0,1,places_top,False
train/00000112/00112677.jpg,121009,0.14,0.03,0.41,1.01,0.37091,0.23545,0.66,0.17273,204.0,39.0,310.0,168.0,1,places_top,False
train/00000029/00029240.jpg,53377,0.14,0.06,0.87,0.93,0.47336,0.35091,0.48789,0.89818,146.0,31.0,319.0,285.0,1,places_top,False
train/00000060/00060041.jpg,90235,0.15,0.11,0.42,0.7,0.33455,0.13134,0.60545,0.33265,194.0,47.0,241.0,104.0,1,places_top,False
train/00000018/00018419.jpg,107145,0.32,0.39,0.27,0.41,0.45091,0.48061,0.65455,0.50242,258.0,187.0,304.0,249.0,1,coco_val,False
train/00000071/00071012.jpg,100910,0.31,0.3,0.43,1.0,0.34104,0.42909,0.57352,0.49818,130.0,180.0,208.0,290.0,1,places_top,False
train/00000046/00046644.jpg,83570,0.1,0.02,0.97,0.83,0.51818,0.54364,0.55091,0.59,220.0,47.0,343.0,212.0,1,places_top,False
train/00000117/00117246.jpg,25076,0.26,0.23,0.43,0.72,0.41273,0.24278,0.79455,0.21547,240.0,101.0,277.0,144.0,1,places_top,False
train/00000048/00048447.jpg,103377,0.17,0.25,0.43,0.61,0.32917,0.29929,0.56395,0.3146,136.0,205.0,183.0,258.0,1,places_top,False
train/00000079/00079948.jpg,65674,0.06,0.14,0.23,0.41,0.11818,0.19105,0.13636,0.40474,61.0,71.0,103.0,129.0,1,places_top,False
train/00000014/00014683.jpg,82981,0.06,0.19,0.27,0.8,0.26364,0.38554,0.28182,0.99053,132.0,83.0,214.0,192.0,1,coco,False
train/00000109/00109617.jpg,53563,0.07,0.25,0.55,0.56,0.27476,0.31636,0.30152,0.52182,117.0,146.0,169.0,222.0,1,places_top,False
train/00000023/00023136.jpg,91941,0.01,0.3,0.85,0.7,0.51067,0.446,0.83333,0.91,119.0,149.0,213.0,266.0,1,pascal,False
train/00000004/00004879.jpg,50559,0.0,0.19,0.49,0.8,0.126,0.428,0.496,0.17733,4.0,118.0,101.0,214.0,1,coco,False
train/00000040/00040027.jpg,72531,0.16,0.25,0.32,0.61,0.28545,0.42481,0.33091,0.55336,154.0,173.0,211.0,246.0,1,places_top,False
train/00000071/00071733.jpg,23233,0.34,0.13,0.48,0.47,0.38545,0.19957,0.19091,0.39786,314.0,71.0,353.0,121.0,1,places_top,False
train/00000044/00044695.jpg,28186,0.08,0.02,0.42,0.77,0.36909,0.094954,0.49636,0.099805,198.0,0.0,256.0,59.0,1,places_top,False
train/00000118/00118952.jpg,85182,0.31,0.15,0.2,0.48,0.352,0.21658,0.216,0.26471,162.0,55.0,196.0,94.0,1,sun,False
train/00000005/00005497.jpg,50478,0.08,0.09,0.83,0.89,0.54631,0.18,0.44597,0.50364,291.0,59.0,366.0,161.0,1,coco,False
train/00000097/00097561.jpg,84154,0.02,0.1,0.33,0.66,0.23455,0.24603,0.16727,0.22146,125.0,78.0,199.0,176.0,1,places_top,False
train/00000092/00092185.jpg,99893,0.21,0.31,0.8,0.73,0.60909,0.40364,0.79727,0.91273,257.0,239.0,335.0,342.0,1,places_top,False
train/00000066/00066044.jpg,29979,0.31,0.1,0.36,0.81,0.33636,0.1648,0.39818,0.3494,202.0,47.0,252.0,108.0,1,places_top,False
train/00000090/00090289.jpg,38371,0.12,0.3,0.79,0.75,0.53881,0.40182,0.39813,0.90182,186.0,164.0,311.0,336.0,1,places_top,False
train/00000011/00011468.jpg,24237,0.38,0.26,0.26,0.54,0.56727,0.40149,0.70364,0.39841,302.0,102.0,373.0,185.0,1,coco,False
train/00000111/00111897.jpg,18901,0.29,0.1,0.4,0.72,0.55273,0.14879,0.91636,0.24055,484.0,50.0,518.0,90.0,1,places_top,False
train/00000013/00013070.jpg,90923,0.16,0.16,0.32,0.47,0.28802,0.28909,0.2161,0.56727,140.0,116.0,216.0,231.0,1,coco,False
train/00000085/00085297.jpg,73623,0.15,-0.04,0.76,0.97,0.43636,0.25503,0.47273,0.54366,202.0,0.0,343.0,167.0,1,places_top,False
train/00000079/00079126.jpg,101574,0.41,0.31,0.59,0.71,0.47455,0.41273,0.29455,0.8,348.0,159.0,404.0,235.0,1,places_top,False
train/00000118/00118859.jpg,119415,0.7,0.48,0.11,0.44,0.73273,0.5097,0.62182,0.51697,1507.0,741.0,1597.0,834.0,1,sun,False
train/00000021/00021203.jpg,124304,0.29,0.1,0.38,0.9,0.548,0.20933,0.96,0.19067,206.0,44.0,279.0,128.0,1,pascal,False
train/00000058/00058025.jpg,86436,0.36,0.04,0.66,0.55,0.51273,0.18222,0.49091,0.21059,361.0,14.0,467.0,156.0,1,places_top,False
train/00000013/00013026.jpg,80629,0.07,0.1,0.86,0.82,0.50485,0.26545,0.22606,0.54,203.0,78.0,340.0,255.0,1,coco,False
train/00000028/00028683.jpg,118900,0.07,0.17,0.64,1.0,0.50909,0.38547,0.74727,0.65618,263.0,85.0,402.0,253.0,1,places_top,False
train/00000079/00079704.jpg,43924,0.0,0.03,0.26,0.99,0.16,0.26242,0.39091,0.9342,19.0,33.0,155.0,177.0,1,places_top,False
train/00000093/00093643.jpg,44624,0.11,0.06,0.21,0.77,0.21455,0.15909,0.13273,0.11,158.0,64.0,174.0,84.0,1,places_top,False
train/00000100/00100694.jpg,57098,0.14,0.16,0.4,0.73,0.29818,0.23956,0.53455,0.34374,198.0,94.0,245.0,152.0,1,places_top,False
train/00000048/00048962.jpg,88851,0.22,0.23,0.64,0.92,0.44727,0.34455,0.55455,0.75091,299.0,112.0,371.0,207.0,1,places_top,False
train/00000032/00032109.jpg,78674,0.13,0.15,0.93,0.77,0.46727,0.32,0.41091,0.71068,216.0,73.0,320.0,204.0,1,places_top,False
train/00000033/00033080.jpg,3853,0.06,0.13,0.51,0.95,0.38818,0.17636,0.61182,0.26545,147.0,85.0,218.0,168.0,1,places_top,False
train/00000050/00050251.jpg,108409,0.18,0.08,0.53,0.88,0.34417,0.17273,0.23256,0.17091,169.0,92.0,213.0,139.0,1,places_top,False
train/00000049/00049723.jpg,45117,0.01,0.29,0.17,0.76,0.096364,0.40298,0.069091,0.44179,45.0,167.0,90.0,224.0,1,places_top,False
train/00000025/00025751.jpg,49560,0.23,0.16,0.55,1.03,0.37455,0.28398,0.070909,0.22656,262.0,90.0,378.0,198.0,1,places_top,False
train/00000044/00044827.jpg,122723,0.26,0.28,0.51,0.64,0.48297,0.33091,0.54379,0.62,193.0,181.0,254.0,242.0,1,places_top,False
train/00000001/00001482.jpg,12250,0.73,0.36,0.19,0.62,0.815,0.45,0.4775,0.46667,319.0,109.0,348.0,141.0,1,actions,False
train/00000001/00001156.jpg,71107,0.05,0.09,0.31,0.91,0.22062,0.18667,0.28936,0.22667,59.0,29.0,116.0,91.0,1,actions,False
train/00000073/00073197.jpg,98791,0.14,0.06,1.02,1.05,0.53881,0.28369,0.39006,0.36855,243.0,9.0,512.0,304.0,1,places_top,False
train/00000007/00007849.jpg,91733,0.27,0.33,0.17,0.66,0.36909,0.37968,0.50182,0.30858,185.0,123.0,213.0,158.0,1,coco,False
train/00000097/00097119.jpg,57683,0.04,0.33,0.25,0.69,0.15273,0.40182,0.22545,0.57364,78.0,172.0,133.0,237.0,1,places_top,False
train/00000020/00020580.jpg,86072,0.25,0.08,0.58,0.83,0.59867,0.216,0.156,0.41,199.0,45.0,298.0,152.0,1,pascal,False
train/00000046/00046284.jpg,20110,0.32,0.16,0.5,0.78,0.4038,0.26545,0.51649,0.34364,156.0,143.0,224.0,239.0,1,places_top,False
train/00000041/00041549.jpg,105735,0.11,0.13,0.84,0.9,0.41512,0.43091,0.75189,0.48909,145.0,268.0,238.0,389.0,1,places_top,False
train/00000072/00072528.jpg,15886,0.0,0.01,0.23,0.8,0.14909,0.11551,0.66727,0.57747,68.0,10.0,135.0,86.0,1,places_top,False
train/00000083/00083263.jpg,69883,0.32,0.08,0.72,0.61,0.50182,0.16311,0.62182,0.74129,291.0,30.0,347.0,106.0,1,places_top,False
train/00000094/00094763.jpg,18536,0.34,0.09,0.74,0.52,0.44136,0.16545,0.39291,0.26909,196.0,60.0,252.0,136.0,1,places_top,False
train/00000022/00022031.jpg,21997,0.39,0.43,0.15,0.52,0.476,0.50292,0.636,0.60496,218.0,148.0,249.0,186.0,1,pascal,False
train/00000007/00007100.jpg,125009,0.26,0.04,0.51,0.67,0.52364,0.28545,0.52182,0.74364,245.0,28.0,402.0,257.0,1,coco,False
train/00000050/00050753.jpg,123434,0.15,0.14,0.3,0.71,0.23455,0.21591,0.56545,0.59318,127.0,85.0,161.0,124.0,1,places_top,False
train/00000111/00111661.jpg,97004,0.02,0.01,0.33,0.93,0.14545,0.11678,0.33636,0.23078,81.0,4.0,146.0,83.0,1,places_top,False
train/00000007/00007927.jpg,73647,0.27,0.27,0.4,0.62,0.48667,0.324,0.58267,0.206,136.0,136.0,216.0,220.0,1,coco,False
train/00000023/00023758.jpg,11489,0.17,0.16,0.4,0.76,0.478,0.30267,0.98,0.24667,176.0,64.0,231.0,131.0,1,pascal,False
train/00000110/00110850.jpg,10935,0.4,0.35,0.57,0.61,0.60182,0.41545,0.54909,0.56545,455.0,192.0,486.0,228.0,1,places_top,False
train/00000077/00077738.jpg,47672,0.25,0.2,0.43,0.78,0.33605,0.24251,0.39922,0.27674,237.0,94.0,280.0,145.0,1,places_top,False
train/00000066/00066055.jpg,114396,0.15,0.06,0.34,0.66,0.44545,0.38804,0.75455,0.41534,313.0,179.0,350.0,224.0,1,places_top,False
train/00000084/00084990.jpg,45070,0.05,0.11,0.64,1.11,0.29818,0.35795,0.18364,0.78651,152.0,37.0,300.0,237.0,1,places_top,False
train/00000012/00012280.jpg,46551,0.14,0.32,0.41,0.68,0.38545,0.4221,0.61273,0.29308,215.0,163.0,270.0,220.0,1,coco,False
train/00000028/00028299.jpg,120888,0.12,0.35,0.41,0.65,0.21338,0.46364,0.22553,0.65273,75.0,257.0,159.0,361.0,1,places_top,False
train/00000096/00096326.jpg,704,0.04,0.06,0.46,0.94,0.37091,0.22182,0.60364,0.35,145.0,18.0,290.0,185.0,1,places_top,False
train/00000048/00048355.jpg,30140,0.28,0.05,0.77,1.0,0.44182,0.22383,0.058182,0.021484,315.0,15.0,490.0,222.0,1,places_top,False
train/00000113/00113583.jpg,16585,0.23,0.18,0.34,1.07,0.49818,0.27794,0.35091,0.29987,361.0,77.0,430.0,171.0,1,places_top,False
train/00000081/00081927.jpg,114751,0.12,0.3,0.28,0.73,0.23636,0.37967,0.64909,0.36897,135.0,162.0,185.0,220.0,1,places_top,False
train/00000005/00005574.jpg,30086,0.07,0.25,0.44,0.58,0.26909,0.38606,0.56,0.67455,117.0,129.0,184.0,215.0,1,coco,False
train/00000068/00068242.jpg,32795,0.35,0.06,0.6,0.98,0.46909,0.28414,0.52727,0.64067,293.0,64.0,367.0,169.0,1,places_top,False
train/00000041/00041437.jpg,9927,0.2,0.13,0.68,0.92,0.37273,0.40131,0.84182,0.6453,195.0,108.0,333.0,266.0,1,places_top,False
train/00000078/00078435.jpg,49867,0.1,-0.01,0.84,0.98,0.23413,0.13091,0.046463,0.29636,88.0,5.0,205.0,156.0,1,places_top,False
train/00000057/00057549.jpg,65733,0.09,0.12,0.34,0.66,0.25273,0.19382,0.35273,0.50271,154.0,59.0,220.0,144.0,1,places_top,False
train/00000057/00057973.jpg,34936,0.03,0.33,0.26,0.66,0.21818,0.47533,0.56909,0.50274,55.0,173.0,193.0,311.0,1,places_top,True
train/00000035/00035493.jpg,58795,0.06,0.29,0.93,0.82,0.73272,0.3944,0.59455,0.36531,313.0,286.0,359.0,343.0,1,places_top,False
train/00000063/00063027.jpg,38712,0.36,0.06,0.84,0.97,0.58545,0.22108,0.46182,0.22108,368.0,40.0,452.0,149.0,1,places_top,False
train/00000016/00016164.jpg,114791,0.68,0.21,0.26,0.68,0.88909,0.37435,0.93455,0.81413,506.0,96.0,582.0,190.0,1,coco_val,False
train/00000073/00073709.jpg,73568,0.01,0.18,0.34,0.81,0.3,0.3143,0.49091,0.83316,198.0,115.0,246.0,180.0,1,places_top,False
train/00000076/00076349.jpg,60340,0.33,0.1,0.52,0.98,0.46364,0.30597,0.56182,0.85654,259.0,102.0,346.0,206.0,1,places_top,False
train/00000046/00046225.jpg,61634,0.04,0.1,0.48,1.06,0.31273,0.28153,0.40364,0.63654,150.0,62.0,255.0,202.0,1,places_top,False
train/00000106/00106687.jpg,1830,0.05,0.09,0.39,1.01,0.28727,0.22455,0.41455,0.32,155.0,57.0,224.0,142.0,1,places_top,False
train/00000045/00045477.jpg,113813,0.14,0.15,0.96,1.04,0.49273,0.26242,0.57455,0.34707,316.0,65.0,416.0,197.0,1,places_top,False
train/00000114/00114909.jpg,76045,0.01,0.21,0.24,0.87,0.14727,0.33992,0.1,0.63582,74.0,116.0,139.0,211.0,1,places_top,False
train/00000052/00052985.jpg,2039,0.0,0.08,0.22,0.91,0.081818,0.14816,0.49091,0.5471,0.0,0.0,81.0,159.0,1,places_top,False
train/00000095/00095677.jpg,58044,0.23,0.33,0.38,0.64,0.49273,0.38545,0.33273,0.40727,373.0,178.0,406.0,216.0,1,places_top,False
train/00000099/00099215.jpg,116263,0.02,0.16,0.3,1.01,0.16727,0.30839,0.27273,0.47817,51.0,102.0,127.0,180.0,1,places_top,False
train/00000005/00005508.jpg,49673,0.34,0.56,0.47,0.44,0.47818,0.80384,0.60727,0.64869,232.0,239.0,314.0,323.0,1,coco,False
train/00000078/00078079.jpg,56390,0.39,0.07,0.59,1.01,0.46364,0.23,0.39091,0.22727,333.0,79.0,387.0,148.0,1,places_top,False
train/00000032/00032274.jpg,55381,0.06,0.06,0.47,0.98,0.30364,0.31463,0.22364,0.9177,126.0,60.0,250.0,230.0,1,places_top,False
train/00000013/00013214.jpg,98448,0.15,0.36,0.19,0.53,0.23636,0.42,0.56,0.71818,116.0,173.0,165.0,237.0,1,coco,False
train/00000020/00020828.jpg,24328,0.43,0.46,0.18,0.24,0.53,0.48133,0.644,0.684,254.0,172.0,268.0,187.0,1,pascal,False
train/00000099/00099890.jpg,1779,0.02,0.04,0.33,0.82,0.23273,0.17461,0.61273,0.79258,124.0,14.0,224.0,144.0,1,places_top,False
train/00000109/00109991.jpg,18831,0.43,0.17,0.54,0.94,0.48,0.27393,0.54,0.22218,346.0,118.0,387.0,162.0,1,places_top,False
train/00000080/00080146.jpg,76790,0.36,0.13,0.54,0.72,0.70727,0.19641,0.10545,0.9266,500.0,46.0,574.0,138.0,1,places_top,False
train/00000033/00033642.jpg,90998,0.31,0.25,0.44,0.78,0.38364,0.31358,0.43091,0.84543,280.0,135.0,314.0,181.0,1,places_top,False
train/00000081/00081370.jpg,31794,0.42,0.04,0.6,0.95,0.54364,0.10768,0.72727,0.15465,385.0,33.0,436.0,94.0,1,places_top,False
train/00000056/00056868.jpg,95419,0.3,0.17,0.67,1.01,0.54545,0.34477,0.50545,0.50485,356.0,146.0,399.0,202.0,1,places_top,False
train/00000038/00038949.jpg,12391,0.12,0.01,0.77,0.81,0.30261,0.13636,0.76524,0.46909,105.0,19.0,168.0,95.0,1,places_top,False
train/00000013/00013581.jpg,44381,0.12,0.18,0.36,0.81,0.33455,0.29358,0.86727,0.34802,116.0,87.0,228.0,210.0,1,coco,False
train/00000074/00074327.jpg,119663,0.04,0.27,0.32,0.97,0.21151,0.34678,0.18727,0.34313,161.0,157.0,195.0,195.0,1,places_top,False
train/00000104/00104627.jpg,110646,0.01,0.07,0.12,0.59,0.04,0.15091,0.46,0.24364,16.0,64.0,40.0,94.0,1,places_top,False
train/00000060/00060614.jpg,10857,0.32,0.15,0.69,0.75,0.66049,0.27636,0.77202,0.89273,291.0,137.0,361.0,227.0,1,places_top,False
train/00000109/00109925.jpg,98551,0.23,0.21,0.38,0.56,0.31632,0.26909,0.38212,0.27455,128.0,173.0,176.0,233.0,1,places_top,False
train/00000040/00040304.jpg,88385,0.27,0.05,0.91,1.0,0.38714,0.21091,0.5129,0.25091,127.0,114.0,221.0,241.0,1,places_top,False
train/00000098/00098338.jpg,29280,0.02,0.38,0.29,0.57,0.12545,0.40655,0.31455,0.43129,70.0,193.0,101.0,227.0,1,places_top,False
train/00000014/00014660.jpg,93815,0.16,0.62,0.22,0.38,0.28545,0.68937,0.37818,0.88971,153.0,261.0,200.0,320.0,1,coco,False
train/00000016/00016843.jpg,95741,0.3,0.36,0.18,0.5,0.43636,0.42079,0.90364,0.86876,249.0,161.0,285.0,204.0,1,coco_val,False
train/00000026/00026184.jpg,86894,0.07,0.04,0.22,0.73,0.17818,0.11597,0.22182,0.12426,109.0,40.0,142.0,81.0,1,places_top,False
train/00000007/00007042.jpg,91692,0.31,0.12,0.57,0.76,0.48182,0.2084,0.34727,0.86936,300.0,52.0,348.0,120.0,1,coco,False
train/00000101/00101005.jpg,48057,0.19,0.14,0.33,0.82,0.24,0.21623,0.027273,0.26231,156.0,79.0,197.0,132.0,1,places_top,False
train/00000033/00033763.jpg,104969,0.04,0.05,0.47,0.99,0.35818,0.29545,0.71091,0.66364,226.0,79.0,324.0,223.0,1,places_top,True
train/00000003/00003098.jpg,3220,0.4,0.01,0.6,0.94,0.65708,0.29,0.44912,0.74667,262.0,7.0,393.0,163.0,1,actions,False
train/00000071/00071800.jpg,93193,0.05,0.06,0.64,1.05,0.41455,0.27248,0.73818,0.33333,187.0,22.0,336.0,207.0,1,places_top,False
train/00000023/00023276.jpg,54325,0.81,0.35,0.19,0.4,0.88,0.43333,0.966,0.66267,421.0,134.0,450.0,174.0,1,pascal,False
train/00000106/00106009.jpg,78817,0.06,0.05,0.66,0.98,0.62727,0.14,0.84909,0.12636,407.0,26.0,482.0,114.0,1,places_top,False
train/00000052/00052757.jpg,106130,0.02,0.21,0.35,0.88,0.14909,0.31632,0.54545,0.19844,63.0,118.0,140.0,191.0,1,places_top,False
train/00000008/00008581.jpg,37756,0.55,0.37,0.26,0.62,0.64545,0.44182,0.4,0.44424,406.0,183.0,467.0,246.0,1,coco,False
train/00000086/00086214.jpg,55655,0.26,0.0,0.91,0.98,0.57818,0.26575,0.53818,0.77753,348.0,5.0,525.0,251.0,1,places_top,False
train/00000013/00013924.jpg,71838,0.03,0.27,0.4,0.72,0.25018,0.37045,0.65745,0.33651,92.0,128.0,164.0,202.0,1,coco,False
train/00000008/00008934.jpg,24548,0.08,0.12,0.41,0.84,0.26364,0.28909,0.032727,0.6503,151.0,61.0,259.0,186.0,1,coco,False
train/00000022/00022454.jpg,62149,0.52,0.02,0.34,0.45,0.6475,0.29333,0.6825,0.76,217.0,7.0,318.0,144.0,1,pascal,False
train/00000023/00023569.jpg,65541,0.15,0.28,0.46,0.72,0.422,0.444,0.516,0.46,125.0,104.0,219.0,221.0,1,pascal,False
train/00000031/00031926.jpg,2627,0.04,0.19,0.48,1.08,0.34477,0.30545,0.46362,0.51273,133.0,147.0,205.0,242.0,1,places_top,False
train/00000042/00042865.jpg,9404,0.28,0.3,0.68,0.74,0.4,0.35545,0.45818,0.45636,256.0,135.0,319.0,215.0,1,places_top,False
train/00000091/00091116.jpg,54922,0.29,0.29,0.39,0.69,0.37091,0.3666,0.33273,0.43209,236.0,162.0,264.0,196.0,1,places_top,False
train/00000021/00021425.jpg,13426,0.62,0.55,0.19,0.42,0.718,0.61178,0.604,0.62689,358.0,181.0,394.0,220.0,1,pascal,False
train/00000084/00084539.jpg,69349,0.31,0.05,0.76,0.94,0.56182,0.24776,0.58,0.84441,321.0,37.0,420.0,189.0,1,places_top,False
train/00000096/00096050.jpg,89449,0.35,0.24,0.67,0.99,0.49455,0.38358,0.42727,0.82986,316.0,127.0,390.0,232.0,1,places_top,False
train/00000097/00097703.jpg,81410,0.05,0.08,0.61,0.92,0.46909,0.26452,0.86727,0.52398,170.0,45.0,322.0,227.0,1,places_top,False
train/00000007/00007553.jpg,543,0.05,0.57,0.16,0.39,0.18545,0.62432,0.47091,0.68151,85.0,273.0,120.0,314.0,1,coco,False
train/00000037/00037940.jpg,119149,0.2,0.24,0.46,0.54,0.36909,0.30909,0.47818,0.34364,146.0,199.0,206.0,267.0,1,places_top,False
train/00000086/00086947.jpg,54829,0.08,0.2,0.29,0.95,0.26182,0.36889,0.27818,0.53278,143.0,151.0,196.0,215.0,1,places_top,False
train/00000105/00105222.jpg,123743,0.09,0.23,0.36,1.04,0.22909,0.35432,0.44545,0.47041,123.0,145.0,177.0,208.0,1,places_top,False
train/00000028/00028458.jpg,41493,0.3,0.18,0.56,0.76,0.44182,0.25455,0.64909,0.35,307.0,99.0,361.0,163.0,1,places_top,False
train/00000090/00090370.jpg,40661,0.22,0.08,0.39,0.85,0.31818,0.16715,0.65273,0.31257,257.0,59.0,301.0,109.0,1,places_top,False
train/00000013/00013869.jpg,91510,0.36,0.02,0.48,0.89,0.73091,0.13756,0.58909,0.851,443.0,17.0,505.0,110.0,1,coco,False
train/00000027/00027548.jpg,35635,0.22,0.1,0.95,1.04,0.57091,0.24,0.34455,0.22545,273.0,80.0,407.0,233.0,1,places_top,False
train/00000041/00041322.jpg,6577,0.13,0.05,0.94,0.81,0.52276,0.20364,0.42716,0.034545,198.0,72.0,305.0,204.0,1,places_top,False
train/00000026/00026792.jpg,9673,0.03,0.18,0.17,0.81,0.12909,0.27091,0.82,0.18091,54.0,106.0,102.0,166.0,1,places_top,False
train/00000079/00079688.jpg,52347,0.22,0.39,0.4,0.69,0.27636,0.4806,0.18545,0.63097,175.0,218.0,211.0,261.0,1,places_top,False
train/00000119/00119070.jpg,107436,0.03,0.77,0.22,0.23,0.192,0.81722,0.472,0.32477,70.0,254.0,101.0,287.0,1,sun,False
train/00000007/00007136.jpg,19620,0.34,0.16,0.2,0.7,0.386,0.28378,0.34,0.67117,175.0,54.0,216.0,106.0,1,coco,False
train/00000109/00109029.jpg,8062,0.22,0.3,0.38,0.75,0.32182,0.35205,0.32364,0.71586,202.0,145.0,238.0,186.0,1,places_top,False
train/00000085/00085130.jpg,23123,0.01,0.09,0.37,1.02,0.14727,0.26862,0.52909,0.58391,0.0,57.0,132.0,205.0,1,places_top,False
train/00000026/00026048.jpg,101786,0.04,0.36,0.26,0.99,0.15455,0.50533,0.36182,0.47066,67.0,230.0,127.0,294.0,1,places_top,False
train/00000096/00096304.jpg,84252,0.16,0.08,0.62,0.56,0.27909,0.16727,0.56545,0.75636,111.0,79.0,171.0,157.0,1,places_top,False
train/00000009/00009869.jpg,115998,0.63,0.0,0.37,0.83,0.65455,0.044242,0.64364,0.59697,394.0,1.0,446.0,35.0,1,coco,True
train/00000099/00099735.jpg,107908,0.06,0.15,0.19,0.96,0.12182,0.26545,0.89091,0.47545,63.0,109.0,106.0,159.0,1,places_top,False
train/00000082/00082185.jpg,120701,0.0,0.18,0.19,0.77,0.10182,0.25037,0.47091,0.31216,34.0,97.0,73.0,141.0,1,places_top,False
train/00000014/00014936.jpg,100619,0.33,0.03,0.36,0.29,0.55818,0.12727,0.3497,0.26545,245.0,18.0,324.0,110.0,1,coco,False
train/00000009/00009161.jpg,57296,0.32,0.05,0.3,0.3,0.4297,0.13636,0.54606,0.22727,168.0,31.0,229.0,122.0,1,coco,False
train/00000004/00004719.jpg,60766,0.07,0.08,0.76,0.91,0.46333,0.2925,0.49333,0.8525,78.0,33.0,166.0,151.0,1,actions,False
train/00000009/00009632.jpg,51814,0.0,0.0,0.65,0.56,0.232,0.36787,0.278,0.46997,2.0,6.0,180.0,202.0,1,coco,False
train/00000036/00036665.jpg,9683,0.12,0.05,0.64,1.01,0.41808,0.13818,0.47815,0.46182,148.0,57.0,241.0,179.0,1,places_top,False
train/00000091/00091935.jpg,65465,0.15,0.05,0.87,0.94,0.60545,0.37748,0.30364,0.5971,359.0,35.0,549.0,252.0,1,places_top,False
train/00000056/00056692.jpg,74990,0.21,0.03,0.92,0.95,0.52364,0.18712,0.31091,0.65523,328.0,0.0,470.0,170.0,1,places_top,False
train/00000039/00039418.jpg,117899,0.05,0.08,0.35,0.47,0.17818,0.14,0.60091,0.24182,79.0,82.0,117.0,128.0,1,places_top,False
train/00000069/00069952.jpg,120412,0.0,0.06,0.38,0.91,0.15273,0.35273,0.39636,0.72636,0.0,0.0,142.0,239.0,1,places_top,False
train/00000007/00007295.jpg,92642,0.58,0.42,0.22,0.42,0.69273,0.48042,0.65273,0.64266,434.0,182.0,454.0,208.0,1,coco,False
train/00000004/00004515.jpg,115646,0.09,0.35,0.31,0.58,0.24579,0.435,0.34112,0.435,71.0,140.0,132.0,198.0,1,actions,False
train/00000079/00079418.jpg,27686,0.09,0.18,0.3,0.82,0.19455,0.22593,0.54182,0.28414,109.0,87.0,147.0,135.0,1,places_top,False
train/00000083/00083714.jpg,34171,0.16,0.13,0.78,0.75,0.60415,0.24182,0.5908,0.47273,259.0,109.0,356.0,232.0,1,places_top,False
train/00000071/00071392.jpg,77662,0.17,0.22,0.65,0.94,0.23455,0.3666,0.44182,0.66493,114.0,132.0,198.0,236.0,1,places_top,False
train/00000008/00008465.jpg,110812,0.0,0.0,0.77,0.98,0.32061,0.44909,0.56788,0.82727,95.0,216.0,185.0,320.0,1,coco,False
train/00000060/00060463.jpg,2127,0.27,0.1,0.71,0.73,0.45818,0.22526,0.39455,0.36399,331.0,41.0,405.0,125.0,1,places_top,False
train/00000092/00092600.jpg,23107,0.28,0.1,0.5,1.02,0.41455,0.29006,0.43455,0.94088,247.0,57.0,331.0,178.0,1,places_top,False
train/00000082/00082889.jpg,47239,0.36,0.29,0.58,0.64,0.48334,0.33818,0.56665,0.34545,232.0,248.0,262.0,281.0,1,places_top,False
train/00000035/00035379.jpg,123529,0.21,0.22,0.8,0.79,0.58411,0.25818,0.66175,0.24545,246.0,191.0,321.0,284.0,1,places_top,False
train/00000065/00065638.jpg,53795,0.08,0.05,0.66,0.82,0.54851,0.28182,0.68433,0.63455,186.0,50.0,351.0,272.0,1,places_top,False
train/00000027/00027699.jpg,107623,0.0,0.26,0.15,0.63,0.057091,0.38166,0.47345,0.94679,2.0,134.0,77.0,236.0,1,places_top,False
train/00000056/00056809.jpg,7904,0.02,0.19,0.38,1.04,0.29007,0.40352,0.44495,0.49827,99.0,133.0,194.0,257.0,1,places_top,False
train/00000057/00057032.jpg,17308,0.4,0.18,0.59,0.96,0.45273,0.32855,0.21091,0.55547,312.0,143.0,351.0,188.0,1,places_top,False
train/00000099/00099656.jpg,27247,0.17,0.22,0.76,0.78,0.57761,0.32,0.69646,0.54727,248.0,155.0,317.0,235.0,1,places_top,False
train/00000092/00092421.jpg,67595,0.12,0.22,0.26,0.74,0.18,0.36091,0.63455,0.14545,95.0,158.0,144.0,206.0,1,places_top,False
train/00000035/00035905.jpg,90915,0.31,0.25,0.77,0.96,0.64727,0.33273,0.50818,0.39091,312.0,227.0,390.0,297.0,1,places_top,False
train/00000038/00038670.jpg,124765,0.16,0.06,0.62,0.65,0.4766,0.13636,0.80891,0.34545,173.0,40.0,251.0,138.0,1,places_top,False
train/00000036/00036221.jpg,8983,0.12,0.23,0.3,0.78,0.30909,0.39571,0.20727,0.6334,203.0,174.0,254.0,228.0,1,places_top,False
train/00000073/00073661.jpg,64698,-0.01,0.19,0.3,0.95,0.17515,0.30477,0.26485,0.34488,45.0,92.0,135.0,208.0,1,places_top,False
train/00000062/00062158.jpg,76785,0.43,0.19,0.52,0.7,0.50182,0.25378,0.62,0.42933,301.0,108.0,334.0,147.0,1,places_top,False
train/00000059/00059094.jpg,64787,0.19,0.11,0.46,0.8,0.37389,0.24364,0.51645,0.65636,162.0,133.0,212.0,198.0,1,places_top,False
train/00000029/00029273.jpg,123898,0.17,0.16,0.33,0.99,0.29091,0.26958,0.36,0.40541,153.0,100.0,211.0,169.0,1,places_top,False
train/00000080/00080824.jpg,95034,0.23,0.02,0.37,0.71,0.33818,0.19061,0.57636,0.040028,231.0,73.0,270.0,118.0,1,places_top,False
train/00000080/00080417.jpg,104616,0.27,0.17,0.43,0.91,0.37636,0.28891,0.44545,0.47533,253.0,101.0,305.0,168.0,1,places_top,False
train/00000083/00083192.jpg,85516,0.03,-0.01,0.18,0.67,0.12364,0.080401,0.42,0.2429,54.0,12.0,92.0,58.0,1,places_top,False
train/00000022/00022486.jpg,100340,0.41,0.21,0.18,0.36,0.5016,0.29399,0.7256,0.86456,235.0,75.0,255.0,100.0,1,pascal,False
train/00000119/00119113.jpg,110825,0.29,0.32,0.21,0.67,0.40889,0.39557,0.24444,0.99684,171.0,100.0,199.0,136.0,1,sun,False
train/00000076/00076889.jpg,15578,0.24,0.03,0.92,0.79,0.67636,0.12648,0.27636,0.98994,413.0,1.0,522.0,144.0,1,places_top,False
train/00000075/00075565.jpg,85585,0.11,0.2,0.46,0.98,0.31273,0.30112,0.52364,0.33507,131.0,75.0,234.0,194.0,1,places_top,False
train/00000012/00012794.jpg,115085,0.61,0.39,0.39,0.61,0.782,0.52711,0.384,0.65964,376.0,127.0,475.0,217.0,1,coco,False
train/00000038/00038434.jpg,118342,0.03,0.01,0.79,0.98,0.56182,0.20085,0.40182,0.76591,213.0,3.0,388.0,225.0,1,places_top,False
train/00000011/00011751.jpg,82257,0.22,0.51,0.46,0.29,0.53273,0.64716,0.64909,0.64171,314.0,250.0,349.0,295.0,1,coco,False
train/00000041/00041551.jpg,4766,0.0,0.09,0.81,0.62,0.45078,0.60727,0.49453,0.56182,197.0,401.0,297.0,535.0,1,places_top,False
train/00000114/00114760.jpg,61635,0.18,0.07,0.35,0.64,0.27636,0.16188,0.66727,0.3054,166.0,55.0,202.0,102.0,1,places_top,False
train/00000008/00008408.jpg,63806,0.11,0.39,0.54,0.54,0.29299,0.47455,0.2334,0.92,90.0,265.0,135.0,325.0,1,coco,False
train/00000049/00049954.jpg,69901,0.19,0.17,0.29,0.65,0.39091,0.28656,0.027273,0.6237,245.0,122.0,277.0,164.0,1,places_top,False
train/00000057/00057995.jpg,83296,0.1,0.02,0.66,0.98,0.48182,0.28125,0.84182,0.63945,236.0,24.0,404.0,236.0,1,places_top,False
train/00000075/00075925.jpg,31665,0.38,0.1,0.68,0.97,0.53818,0.20652,0.18182,0.64553,354.0,42.0,421.0,144.0,1,places_top,False
train/00000066/00066890.jpg,94662,0.02,0.1,0.21,0.97,0.076364,0.17651,0.47273,0.29891,50.0,54.0,106.0,124.0,1,places_top,False
train/00000017/00017174.jpg,106126,0.17,0.22,0.32,0.78,0.33273,0.31469,0.54364,0.69349,164.0,96.0,227.0,168.0,1,coco_val,False
train/00000070/00070038.jpg,5624,0.02,0.09,0.47,0.94,0.36513,0.26936,0.76513,0.57402,158.0,48.0,300.0,208.0,1,places_top,False
train/00000064/00064351.jpg,111037,0.07,0.06,0.39,1.03,0.33273,0.19182,0.70727,0.23273,199.0,43.0,272.0,139.0,1,places_top,False
train/00000080/00080953.jpg,76788,0.34,-0.04,0.52,0.78,0.72545,0.26909,0.52182,0.47012,521.0,89.0,583.0,173.0,1,places_top,False
train/00000013/00013673.jpg,37664,0.27,0.38,0.18,0.44,0.39273,0.44888,0.38182,0.50487,237.0,183.0,269.0,230.0,1,coco,False
train/00000007/00007030.jpg,58669,0.2,0.04,0.47,0.95,0.49455,0.22319,0.78182,0.49231,211.0,23.0,331.0,159.0,1,coco,False
train/00000077/00077513.jpg,106177,0.07,0.07,0.32,0.78,0.18727,0.22146,0.82909,0.31157,71.0,61.0,156.0,164.0,1,places_top,False
train/00000094/00094491.jpg,1827,0.28,0.05,0.44,0.85,0.38727,0.12539,0.40182,0.41523,275.0,41.0,325.0,103.0,1,places_top,False
train/00000089/00089594.jpg,103975,0.14,0.12,0.81,0.98,0.60909,0.24517,0.28909,0.43874,393.0,21.0,567.0,230.0,1,places_top,False
train/00000116/00116064.jpg,76675,0.26,0.26,0.4,0.78,0.35636,0.27782,0.54,0.83056,247.0,127.0,276.0,163.0,1,places_top,False
train/00000052/00052012.jpg,4802,0.2,0.32,0.34,0.67,0.45091,0.50818,0.43091,0.59,323.0,217.0,358.0,267.0,1,places_top,False
train/00000071/00071404.jpg,60672,0.0,0.16,0.33,0.97,0.29455,0.38212,0.29818,0.67271,185.0,128.0,268.0,238.0,1,places_top,False
train/00000009/00009882.jpg,122553,0.0,0.09,0.48,0.9,0.32883,0.238,0.65315,0.934,31.0,43.0,125.0,165.0,1,coco,False
train/00000040/00040097.jpg,47128,0.11,0.08,0.86,0.84,0.33818,0.31082,0.75273,0.32294,46.0,39.0,243.0,229.0,1,places_top,False
train/00000033/00033328.jpg,110903,0.29,0.11,0.74,1.03,0.52,0.19837,0.54364,0.19107,316.8,78.6,374.2,151.4,1,places_top,True
train/00000076/00076484.jpg,26230,0.02,0.21,0.31,0.84,0.20364,0.3935,0.28364,0.66658,89.0,112.0,192.0,239.0,1,places_top,False
train/00000061/00061188.jpg,93421,0.23,0.33,0.35,0.74,0.28364,0.38567,0.56909,0.41973,181.0,177.0,212.0,209.0,1,places_top,False
train/00000005/00005254.jpg,28880,0.43,0.36,0.17,0.64,0.49091,0.45095,0.45455,0.52998,278.0,155.0,333.0,221.0,1,coco,False
train/00000050/00050864.jpg,52608,0.05,0.22,0.24,0.85,0.28182,0.26471,0.49455,0.94734,197.0,83.0,259.0,167.0,1,places_top,False
train/00000093/00093720.jpg,37581,0.01,0.15,0.24,0.81,0.18,0.23078,0.28,0.60187,70.0,66.0,135.0,148.0,1,places_top,False
train/00000099/00099806.jpg,33558,0.13,0.19,0.23,0.79,0.18364,0.26545,0.44364,0.50273,122.0,106.0,162.0,151.0,1,places_top,False
train/00000084/00084386.jpg,38325,0.02,0.14,0.24,0.88,0.16602,0.21293,0.77539,0.29087,45.0,84.0,94.0,140.0,1,places_top,False
train/00000018/00018400.jpg,115512,0.29,0.15,0.18,0.76,0.40727,0.22204,0.55091,0.24656,220.0,68.0,264.0,119.0,1,coco_val,False
train/00000107/00107729.jpg,67988,0.19,0.13,0.94,1.0,0.77,0.30182,0.46455,0.86182,347.0,152.0,428.0,249.0,1,places_top,False
train/00000101/00101262.jpg,122907,0.21,0.08,0.72,0.96,0.36,0.23303,0.91818,0.53814,274.0,35.0,378.0,192.0,1,places_top,False
train/00000013/00013285.jpg,96861,0.0,0.0,0.63,0.99,0.29879,0.14364,0.56303,0.75636,11.0,0.0,184.0,164.0,1,coco,False
train/00000072/00072261.jpg,86175,0.2,0.22,0.66,0.99,0.55273,0.52668,0.54909,0.7959,351.0,197.0,426.0,279.0,1,places_top,False
train/00000060/00060679.jpg,64147,0.12,0.19,0.33,0.52,0.1929,0.23438,0.58253,0.1582,83.0,94.0,116.0,133.0,1,places_top,False
train/00000086/00086589.jpg,103707,0.34,0.24,0.79,0.63,0.48656,0.33636,0.34946,0.52364,228.0,188.0,307.0,289.0,1,places_top,False
train/00000111/00111764.jpg,5495,0.1,0.09,0.37,0.87,0.25891,0.20221,0.72436,0.27585,134.0,60.0,208.0,141.0,1,places_top,False
train/00000111/00111586.jpg,101119,-0.01,-0.02,0.22,0.82,0.11418,0.17393,0.54145,0.2952,0.0,0.0,104.0,221.0,1,places_top,False
train/00000037/00037508.jpg,92256,0.15,0.14,0.42,0.82,0.31273,0.23545,0.63636,0.44273,183.0,81.0,250.0,156.0,1,places_top,False
train/00000109/00109858.jpg,17076,0.34,0.12,0.61,0.82,0.58224,0.16727,0.26423,0.22545,292.0,92.0,353.0,168.0,1,places_top,False
train/00000118/00118454.jpg,66929,0.07,0.18,0.35,0.82,0.30556,0.22148,0.10296,0.017721,637.0,298.0,883.0,516.0,1,sun,False
train/00000079/00079641.jpg,103092,0.11,0.3,0.32,0.59,0.20545,0.37145,0.027273,0.39571,110.0,170.0,152.0,214.0,1,places_top,False
train/00000116/00116735.jpg,4095,0.05,0.02,0.63,1.0,0.30364,0.29869,0.68364,0.58732,86.0,39.0,244.0,240.0,1,places_top,False
train/00000006/00006052.jpg,72368,0.0,0.0,0.4,1.0,0.13818,0.26836,0.28545,0.61173,0.0,32.0,98.0,196.0,1,coco,False
train/00000040/00040087.jpg,351,0.02,0.01,0.54,0.86,0.18955,0.22909,0.36175,0.66364,0.0,3.0,132.0,207.0,1,places_top,False
train/00000103/00103116.jpg,54147,0.02,0.15,0.27,0.87,0.2,0.22108,0.73455,0.25988,96.0,84.0,146.0,141.0,1,places_top,False
train/00000028/00028205.jpg,76094,0.0,0.12,0.25,0.87,0.1,0.17257,0.18545,0.19197,32.0,51.0,87.0,116.0,1,places_top,False
train/00000069/00069381.jpg,105293,0.18,0.37,0.53,0.54,0.38303,0.43636,0.38303,0.68727,169.0,285.0,212.0,343.0,1,places_top,False
train/00000077/00077474.jpg,64120,0.02,0.22,0.3,0.81,0.22,0.36175,0.26,0.56064,78.0,118.0,177.0,240.0,1,places_top,False
train/00000089/00089637.jpg,118848,0.38,0.19,0.66,1.01,0.57165,0.33514,0.69529,0.38423,390.0,103.0,459.0,199.0,1,places_top,False
train/00000007/00007294.jpg,87065,0.15,0.23,0.12,0.72,0.23818,0.30924,0.39091,0.43187,122.0,97.0,160.0,151.0,1,coco,False
train/00000074/00074077.jpg,103063,0.1,0.06,0.86,0.92,0.78675,0.18545,0.72035,0.44545,347.0,66.0,445.0,179.0,1,places_top,False
train/00000114/00114090.jpg,26525,0.05,0.27,0.18,0.73,0.11636,0.30586,0.86,0.33594,74.0,139.0,106.0,172.0,1,places_top,False
train/00000010/00010500.jpg,21989,0.11,0.05,0.25,0.91,0.21566,0.23818,0.54779,0.11455,58.0,132.0,118.0,184.0,1,coco,False
train/00000041/00041285.jpg,104674,0.4,0.39,0.56,0.67,0.69857,0.45455,0.59793,0.56,332.0,289.0,415.0,392.0,1,places_top,False
train/00000021/00021256.jpg,51451,0.0,0.0,0.53,0.87,0.4076,0.25977,0.5316,0.48391,182.0,10.0,260.0,108.0,1,pascal,False
train/00000014/00014013.jpg,66681,0.27,0.47,0.26,0.51,0.31455,0.63142,0.25273,0.82582,177.0,203.0,263.0,306.0,1,coco,False
train/00000104/00104012.jpg,22852,0.13,0.06,0.42,0.88,0.42364,0.38273,0.55636,0.56818,240.0,77.0,370.0,199.0,1,places_top,False
train/00000020/00020434.jpg,105651,0.59,0.01,0.14,0.47,0.66176,0.07608,0.35976,0.79341,323.0,12.0,341.0,33.0,1,imagenet,False
train/00000097/00097836.jpg,77523,0.07,0.12,0.57,0.97,0.37075,0.27591,0.70256,0.78525,165.0,57.0,266.0,190.0,1,places_top,False
train/00000009/00009906.jpg,46294,0.18,0.21,0.21,0.52,0.21964,0.3079,0.14873,0.52124,120.0,98.0,181.0,169.0,1,coco,False
train/00000118/00118501.jpg,101389,0.38,0.46,0.11,0.44,0.42609,0.50292,0.1413,0.52332,192.0,161.0,209.0,181.0,1,sun,False
train/00000104/00104346.jpg,26541,0.08,0.11,0.4,1.0,0.29297,0.25977,0.3457,0.93945,126.0,88.0,173.0,153.0,1,places_top,False
train/00000049/00049044.jpg,41315,0.13,0.0,0.25,0.4,0.16364,0.10217,0.68182,0.7738,89.0,24.0,120.0,68.0,1,places_top,False
train/00000082/00082323.jpg,20227,0.04,0.05,0.58,0.98,0.41176,0.095703,0.67831,0.44141,175.0,0.0,252.0,95.0,1,places_top,False
train/00000028/00028754.jpg,22889,0.27,0.06,0.91,0.93,0.47122,0.34727,0.17861,0.85636,131.0,31.0,373.0,315.0,1,places_top,False
train/00000009/00009426.jpg,5774,0.26,0.19,0.5,0.8,0.5,0.32909,0.29561,0.47818,195.0,129.0,285.0,246.0,1,coco,False
train/00000010/00010663.jpg,121937,0.32,0.15,0.26,0.85,0.42182,0.26,0.34727,0.52424,253.0,71.0,309.0,148.0,1,coco,False
train/00000053/00053008.jpg,81090,0.0,0.32,0.27,0.54,0.13818,0.3876,0.72727,0.17925,81.0,169.0,125.0,223.0,1,places_top,False
train/00000013/00013794.jpg,68617,0.06,0.36,0.58,0.54,0.25746,0.46545,0.38554,0.62545,76.0,267.0,142.0,327.0,1,coco,True
train/00000025/00025226.jpg,25982,0.19,0.29,0.71,0.87,0.60545,0.37964,0.72,0.3911,460.0,164.0,515.0,223.0,1,places_top,False
train/00000107/00107254.jpg,81508,0.01,0.17,0.2,0.77,0.12909,0.25746,0.14727,0.27444,47.0,98.0,90.0,154.0,1,places_top,False
train/00000078/00078765.jpg,95237,0.03,0.1,0.71,0.91,0.34545,0.38061,0.38182,0.76499,193.0,30.0,404.0,348.0,1,places_top,False
train/00000021/00021897.jpg,124953,0.62,0.22,0.11,0.44,0.662,0.26276,0.416,0.33183,312.0,86.0,330.0,108.0,1,pascal,False
train/00000094/00094580.jpg,47675,0.0,0.04,0.19,0.77,0.096364,0.15055,0.82182,0.94789,37.0,40.0,87.0,102.0,1,places_top,False
train/00000035/00035504.jpg,48902,0.11,0.18,0.47,0.71,0.31082,0.22364,0.44179,0.35818,108.0,100.0,174.0,187.0,1,places_top,False
train/00000106/00106265.jpg,68088,0.11,0.2,0.73,0.88,0.45164,0.22299,0.56436,0.22299,319.0,71.0,375.0,138.0,1,places_top,False
train/00000024/00024557.jpg,81163,0.23,0.3,0.38,0.85,0.48909,0.43455,0.56364,0.41818,361.0,203.0,386.0,232.0,1,places_top,False
train/00000105/00105051.jpg,107676,0.36,0.06,0.43,0.84,0.40182,0.28455,0.12909,0.75636,303.0,112.0,341.0,160.0,1,places_top,False
train/00000086/00086675.jpg,80578,0.04,0.0,0.39,0.92,0.30364,0.13539,0.4,0.42351,156.0,16.0,240.0,129.0,1,places_top,False
train/00000007/00007232.jpg,70707,0.42,0.12,0.52,0.69,0.62182,0.25515,0.38727,0.7303,361.0,49.0,477.0,161.0,1,coco,False
train/00000061/00061540.jpg,13815,0.3,0.32,0.44,0.63,0.37636,0.38643,0.31818,0.67908,213.0,173.0,236.0,206.0,1,places_top,False
train/00000001/00001797.jpg,83719,0.41,0.17,0.23,0.53,0.55765,0.37,0.57982,0.50667,242.0,81.0,271.0,114.0,1,actions,False
train/00000109/00109948.jpg,96132,0.06,0.23,0.89,0.6,0.41754,0.25818,0.6625,0.33455,162.0,143.0,231.0,221.0,1,places_top,False
train/00000040/00040391.jpg,27554,0.0,0.11,0.19,0.86,0.12364,0.20895,0.53818,0.5097,46.0,64.0,96.0,129.0,1,places_top,False
train/00000036/00036989.jpg,27726,0.32,0.21,0.67,0.69,0.51091,0.36293,0.31636,0.60143,359.0,123.0,434.0,234.0,1,places_top,False
train/00000026/00026902.jpg,93519,0.15,0.22,0.43,0.93,0.38182,0.45091,0.59636,0.40182,175.0,148.0,316.0,289.0,1,places_top,False
train/00000095/00095470.jpg,58197,0.09,0.32,0.33,0.58,0.36727,0.40442,0.46182,0.81951,257.0,183.0,290.0,224.0,1,places_top,False
train/00000025/00025346.jpg,36955,0.04,0.09,0.71,0.99,0.64032,0.21273,0.95547,0.11572,10.0,32.0,302.0,337.0,1,places_top,False
train/00000050/00050152.jpg,35046,0.16,0.26,0.25,0.74,0.32364,0.34235,0.43636,0.25503,206.0,164.0,225.0,187.0,1,places_top,False
train/00000006/00006903.jpg,18157,0.05,0.26,0.36,0.57,0.33273,0.33025,0.18,0.39596,190.0,102.0,247.0,178.0,1,coco,False
train/00000027/00027131.jpg,45820,0.26,0.13,0.67,0.61,0.47455,0.30354,0.48,0.63582,278.0,74.0,360.0,197.0,1,places_top,False
train/00000043/00043814.jpg,42119,0.06,0.04,0.72,1.02,0.45164,0.14909,0.6536,0.40909,144.0,23.0,274.0,189.0,1,places_top,False
train/00000022/00022544.jpg,2456,0.4,0.17,0.46,0.8,0.6,0.34985,0.524,0.81231,279.0,59.0,353.0,163.0,1,pascal,False
train/00000042/00042994.jpg,5002,0.15,0.19,0.31,1.0,0.20545,0.27201,0.016364,0.35933,129.0,110.0,173.0,157.0,1,places_top,False
train/00000088/00088007.jpg,80359,0.01,0.3,0.18,0.63,0.087273,0.36091,0.60182,0.43727,26.0,155.0,78.0,208.0,1,places_top,False
train/00000067/00067192.jpg,62814,0.22,0.13,0.38,0.86,0.31091,0.24048,0.5,0.40056,173.0,95.0,222.0,154.0,1,places_top,False
train/00000016/00016286.jpg,121355,0.0,0.06,0.66,0.93,0.38801,0.24545,0.68848,0.56545,94.0,49.0,204.0,192.0,1,coco_val,False
train/00000025/00025603.jpg,121588,0.14,0.26,0.4,0.71,0.36364,0.30636,0.61818,0.24636,221.0,120.0,288.0,192.0,1,places_top,False
train/00000041/00041575.jpg,55694,0.19,0.1,0.49,0.98,0.35455,0.28625,0.54727,0.215,270.0,77.0,366.0,206.0,1,places_top,False
train/00000082/00082356.jpg,121552,0.21,0.09,0.51,0.97,0.44545,0.28171,0.63818,0.70374,253.0,69.0,336.0,195.0,1,places_top,False
train/00000087/00087338.jpg,67174,-0.01,0.0,0.5,0.98,0.30545,0.16287,0.36727,0.49272,83.0,0.0,248.0,124.0,1,places_top,False
train/00000102/00102521.jpg,98743,0.12,0.22,0.3,0.85,0.24,0.30112,0.43091,0.38115,125.0,111.0,181.0,177.0,1,places_top,False
train/00000009/00009375.jpg,89067,0.26,0.01,0.51,0.52,0.56813,0.14727,0.66351,0.63818,217.0,51.0,273.0,114.0,1,coco,True
train/00000102/00102985.jpg,68662,0.3,0.02,0.66,0.74,0.38281,0.056641,0.32227,0.10938,181.0,6.0,221.0,53.0,1,places_top,False
train/00000030/00030883.jpg,51969,0.37,0.11,0.63,0.99,0.6,0.55821,0.53091,0.29869,385.0,256.0,477.0,329.0,1,places_top,False
train/00000077/00077441.jpg,113070,0.18,0.0,0.49,0.86,0.37818,0.14453,0.51818,0.48633,193.0,0.0,306.0,119.0,1,places_top,False
train/00000080/00080968.jpg,101281,0.14,0.24,0.27,0.72,0.1985,0.30859,0.089888,0.30469,99.0,141.0,126.0,175.0,1,places_top,False
train/00000040/00040805.jpg,61522,0.17,0.14,0.41,1.05,0.36727,0.26958,0.64364,0.46847,200.0,66.0,269.0,163.0,1,places_top,False
train/00000094/00094103.jpg,46616,0.21,0.08,0.42,0.92,0.35455,0.22727,0.39636,0.52182,248.0,84.0,291.0,134.0,1,places_top,False
train/00000070/00070617.jpg,707,0.04,0.13,0.26,0.53,0.18955,0.16545,0.41026,0.24909,54.0,93.0,91.0,130.0,1,places_top,False
train/00000091/00091303.jpg,29109,0.28,0.23,0.52,0.76,0.40364,0.29869,0.10909,0.26231,254.0,113.0,302.0,166.0,1,places_top,False
train/00000021/00021655.jpg,3111,0.0,0.0,1.0,1.0,0.948,0.292,0.54,0.48133,332.0,10.0,498.0,187.0,1,pascal,True
train/00000069/00069039.jpg,27279,0.13,0.16,0.47,0.91,0.37455,0.25503,0.66,0.27444,169.0,76.0,264.0,184.0,1,places_top,False
train/00000018/00018560.jpg,86545,0.48,0.63,0.52,0.21,0.54107,0.73636,0.55476,0.83818,205.0,406.0,300.0,512.0,1,coco_val,False
train/00000081/00081541.jpg,59450,0.06,0.12,0.7,0.98,0.57636,0.325,0.27818,0.20195,428.0,135.0,477.0,199.0,1,places_top,False
train/00000107/00107998.jpg,113354,0.08,0.31,0.26,0.69,0.18,0.39077,0.32545,0.45631,116.0,171.0,152.0,218.0,1,places_top,False
train/00000022/00022332.jpg,6354,0.61,0.33,0.27,0.45,0.628,0.43067,0.64,0.74,311.0,123.0,343.0,165.0,1,pascal,False
train/00000100/00100047.jpg,89365,0.01,0.03,0.99,0.86,0.31133,0.24545,0.19648,0.88727,87.0,32.0,269.0,286.0,1,places_top,False
train/00000061/00061704.jpg,113051,0.34,0.22,0.66,0.82,0.54392,0.28182,0.64,0.55818,240.0,183.0,300.0,243.0,1,places_top,False
train/00000029/00029072.jpg,75155,0.23,0.08,0.57,0.53,0.2752,0.19636,0.26697,0.50364,95.0,67.0,180.0,185.0,1,places_top,False
train/00000041/00041799.jpg,111406,0.19,0.09,0.75,0.97,0.3453,0.26758,0.53315,0.26758,128.0,76.0,206.0,165.0,1,places_top,False
train/00000004/00004104.jpg,22388,0.06,0.2,0.36,0.66,0.3125,0.28472,0.6225,0.75694,92.0,89.0,132.0,140.0,1,actions,False
train/00000105/00105597.jpg,97057,0.27,0.01,0.88,0.98,0.53,0.094545,0.47,0.42545,226.0,1.0,323.0,129.0,1,places_top,False
train/00000044/00044557.jpg,34513,0.03,0.13,0.35,1.05,0.30909,0.42091,0.08,0.48091,217.0,184.0,280.0,250.0,1,places_top,False
train/00000011/00011444.jpg,77998,0.45,0.0,0.2,0.64,0.54545,0.0053948,0.39636,0.3877,334.0,0.0,373.0,22.0,1,coco,False
train/00000082/00082340.jpg,46272,0.04,0.23,0.5,0.93,0.31636,0.33022,0.47455,0.37388,163.0,138.0,224.0,204.0,1,places_top,False
train/00000057/00057949.jpg,57509,0.0,0.16,0.13,0.5,0.057091,0.19662,0.053455,0.15209,24.0,73.0,54.0,109.0,1,places_top,False
train/00000010/00010584.jpg,112642,0.16,0.29,0.69,0.32,0.27939,0.41455,0.35455,0.34727,96.0,235.0,172.0,295.0,1,coco,True
train/00000104/00104229.jpg,26799,0.45,0.26,0.55,0.76,0.58182,0.36903,0.58364,0.61157,383.0,171.0,418.0,208.0,1,places_top,False
train/00000013/00013222.jpg,8258,0.34,0.48,0.22,0.34,0.54598,0.60328,0.51933,0.78494,328.0,213.0,371.0,270.0,1,coco,True
train/00000086/00086544.jpg,100544,0.27,0.25,0.53,0.82,0.34909,0.28225,0.32364,0.52785,238.0,130.0,278.0,167.0,1,places_top,False
train/00000029/00029541.jpg,9304,0.08,0.12,0.81,0.93,0.63091,0.4315,0.78182,0.76487,289.0,110.0,424.0,266.0,1,places_top,False
train/00000087/00087530.jpg,50089,0.29,-0.02,0.57,0.93,0.44909,0.12716,0.36364,0.81253,330.0,27.0,387.0,85.0,1,places_top,False
train/00000016/00016700.jpg,109556,0.36,0.14,0.32,0.86,0.46364,0.20783,0.34,0.1902,268.0,61.0,323.0,136.0,1,coco_val,False
train/00000012/00012645.jpg,84032,0.0,0.0,0.58,1.0,0.46545,0.3016,0.52727,0.65604,156.0,4.0,350.0,286.0,1,coco,False
train/00000060/00060930.jpg,96235,0.1,0.23,0.2,0.75,0.16909,0.3081,0.35818,0.75496,96.0,111.0,147.0,176.0,1,places_top,False
train/00000018/00018061.jpg,92027,0.05,0.19,0.58,0.56,0.3695,0.32909,0.45922,0.84,128.0,163.0,172.0,225.0,1,coco_val,False
train/00000015/00015382.jpg,120912,0.6,0.0,0.39,1.0,0.79091,0.18242,0.47636,0.29879,463.0,2.0,604.0,152.0,1,coco_val,False
train/00000027/00027439.jpg,68651,0.25,0.22,0.48,0.98,0.54,0.3429,0.72,0.43974,256.0,116.0,343.0,215.0,1,places_top,False
train/00000076/00076027.jpg,56797,0.16,0.22,0.91,0.74,0.63636,0.34923,0.45818,0.78594,430.0,77.0,561.0,229.0,1,places_top,False
train/00000110/00110725.jpg,72317,0.35,0.16,0.68,0.95,0.59944,0.26545,0.90505,0.88545,275.0,134.0,328.0,211.0,1,places_top,False
train/00000110/00110603.jpg,108784,0.0,0.24,0.6,0.7,0.40549,0.33375,0.86665,0.031927,15.0,199.0,244.0,370.0,1,places_top,False
train/00000022/00022485.jpg,1413,0.54,0.52,0.46,0.29,0.82337,0.61,0.80707,0.788,280.0,261.0,324.0,320.0,1,pascal,False
train/00000073/00073845.jpg,74805,0.13,0.23,0.27,0.68,0.25636,0.31727,0.99455,0.79182,173.0,143.0,200.0,174.0,1,places_top,False
train/00000014/00014127.jpg,28311,0.59,0.39,0.35,0.61,0.72727,0.61173,0.38727,0.62536,456.0,192.0,543.0,284.0,1,coco,False
train/00000021/00021336.jpg,70522,0.39,0.1,0.55,0.9,0.528,0.35867,0.354,0.35867,253.0,46.0,385.0,201.0,1,pascal,False
train/00000105/00105437.jpg,104902,0.32,0.2,0.77,1.01,0.45455,0.34727,0.35273,0.46455,315.0,143.0,391.0,233.0,1,places_top,False
train/00000056/00056944.jpg,79773,0.03,0.01,0.7,0.97,0.63825,0.22545,0.74497,0.57273,210.0,9.0,387.0,225.0,1,places_top,False
train/00000061/00061324.jpg,83855,0.26,0.25,0.64,0.7,0.41273,0.28727,0.71,0.31273,152.0,180.0,217.0,253.0,1,places_top,False
train/00000082/00082487.jpg,119292,0.08,0.07,0.33,0.98,0.32,0.26716,0.48364,0.58246,179.0,101.0,227.0,159.0,1,places_top,False
train/00000031/00031186.jpg,82270,0.24,0.28,0.34,0.68,0.41818,0.31133,0.58182,0.55195,288.0,132.0,327.0,180.0,1,places_top,False
train/00000012/00012031.jpg,27147,0.0,0.52,0.24,0.4,0.22476,0.56909,0.58993,0.54727,66.0,333.0,102.0,378.0,1,coco,False
train/00000110/00110804.jpg,52165,0.13,0.13,0.3,0.5,0.21166,0.16727,0.11374,0.16909,92.0,111.0,122.0,144.0,1,places_top,False
train/00000056/00056285.jpg,94616,0.29,0.02,0.52,0.97,0.39273,0.16772,0.82909,0.38115,226.0,33.0,304.0,141.0,1,places_top,False
train/00000117/00117162.jpg,123957,0.4,0.19,0.59,0.73,0.50715,0.23273,0.40469,0.12545,234.0,128.0,272.0,175.0,1,places_top,False
train/00000043/00043261.jpg,41696,0.17,0.15,0.65,0.53,0.38843,0.29455,0.23805,0.41273,175.0,150.0,248.0,236.0,1,places_top,False
train/00000107/00107595.jpg,47193,0.01,0.03,0.22,0.85,0.094545,0.16554,0.28909,0.30261,45.0,48.0,93.0,109.0,1,places_top,False
train/00000020/00020310.jpg,91819,0.69,0.31,0.17,0.53,0.732,0.40133,0.714,0.5,354.0,121.0,378.0,151.0,1,imagenet,False
train/00000077/00077112.jpg,101688,0.24,0.22,0.41,0.77,0.59091,0.29869,0.076364,0.68676,394.0,115.0,450.0,184.0,1,places_top,False
train/00000046/00046861.jpg,10002,0.13,0.15,0.92,1.02,0.65818,0.15909,0.36,0.33091,496.0,44.0,554.0,114.0,1,places_top,False
train/00000011/00011854.jpg,94062,0.44,0.28,0.27,0.49,0.51091,0.5109,0.67273,0.76161,290.0,189.0,338.0,234.0,1,coco,False
train/00000018/00018455.jpg,73344,0.09,0.0,0.39,0.78,0.40727,0.078182,0.50364,0.77394,230.0,4.0,281.0,71.0,1,coco_val,False
train/00000062/00062740.jpg,57011,0.37,0.03,0.97,1.01,0.59091,0.21636,0.24364,0.83818,401.0,0.0,547.0,192.0,1,places_top,False
train/00000049/00049821.jpg,84624,-0.01,0.27,0.36,0.82,0.24909,0.32294,0.13818,0.35205,158.0,137.0,199.0,188.0,1,places_top,False
train/00000020/00020039.jpg,111192,0.41,0.38,0.29,0.36,0.43636,0.44995,0.45455,0.88788,264.0,179.0,302.0,229.0,1,coco_val,False
train/00000062/00062857.jpg,50377,0.36,-0.01,0.77,0.65,0.45345,0.060575,0.39527,0.5619,277.0,1.0,344.0,61.0,1,places_top,False
train/00000014/00014934.jpg,106721,0.15,0.24,0.29,0.48,0.33091,0.36277,0.29636,0.74874,189.0,100.0,235.0,162.0,1,coco,False
train/00000014/00014548.jpg,79349,0.73,0.08,0.22,0.8,0.84909,0.17242,0.50182,0.83736,535.0,48.0,576.0,98.0,1,coco,False
train/00000110/00110713.jpg,44043,0.06,0.18,0.19,0.72,0.16364,0.25875,0.46,0.69739,89.0,105.0,130.0,146.0,1,places_top,False
train/00000076/00076782.jpg,72619,0.33,0.19,0.69,0.96,0.476,0.4243,0.42327,0.88854,334.0,107.0,456.0,254.0,1,places_top,False
train/00000080/00080886.jpg,91669,0.05,0.17,0.22,0.9,0.16516,0.24338,0.41971,0.31975,83.0,83.0,130.0,143.0,1,places_top,False
train/00000015/00015717.jpg,1581,0.0,0.08,0.57,0.91,0.29273,0.30848,0.60182,0.55333,72.0,47.0,210.0,211.0,1,coco_val,False
train/00000009/00009336.jpg,740,0.72,0.36,0.19,0.47,0.80315,0.42182,0.58628,0.39636,390.0,234.0,437.0,282.0,1,coco,False
train/00000015/00015247.jpg,19265,0.59,0.34,0.18,0.66,0.63455,0.44047,0.56182,0.65696,387.0,148.0,439.0,207.0,1,coco_val,False
train/00000105/00105138.jpg,75206,0.23,0.15,0.33,0.68,0.28909,0.20652,0.0036364,0.077976,191.0,85.0,231.0,126.0,1,places_top,False
train/00000028/00028909.jpg,64294,0.1,0.06,0.37,0.9,0.27444,0.14727,0.59459,0.75091,94.0,50.0,166.0,135.0,1,places_top,False
train/00000099/00099474.jpg,63483,0.12,0.18,0.51,0.84,0.33091,0.31182,0.62182,0.47545,154.0,91.0,270.0,228.0,1,places_top,False
train/00000072/00072750.jpg,11617,0.25,-0.02,0.85,0.97,0.54608,0.16545,0.058572,0.92545,260.0,34.0,377.0,182.0,1,places_top,False
train/00000080/00080779.jpg,93991,0.28,0.17,0.52,0.92,0.45455,0.26972,0.48364,0.45614,315.0,73.0,372.0,149.0,1,places_top,False
train/00000111/00111426.jpg,120199,0.13,0.22,0.4,0.86,0.26727,0.28727,0.79818,0.29,157.0,118.0,214.0,182.0,1,places_top,False
train/00000114/00114444.jpg,25687,0.45,0.21,0.56,0.83,0.53091,0.28727,0.67636,0.97182,393.0,119.0,424.0,165.0,1,places_top,False
train/00000110/00110179.jpg,68895,0.2,0.24,0.29,0.68,0.25818,0.28484,0.42909,0.50259,172.0,127.0,202.0,163.0,1,places_top,False
train/00000074/00074135.jpg,24709,0.29,0.28,0.44,0.79,0.35091,0.33909,0.39273,0.58455,240.0,151.0,273.0,186.0,1,places_top,False
train/00000057/00057471.jpg,87990,0.01,0.2,0.2,0.85,0.10182,0.30687,0.23818,0.49184,11.0,102.0,89.0,176.0,1,places_top,False
train/00000008/00008309.jpg,42663,0.14,0.04,0.49,0.95,0.46909,0.21879,0.63636,0.60909,213.0,28.0,317.0,155.0,1,coco,False
train/00000092/00092035.jpg,51280,0.24,0.29,0.93,0.69,0.5097,0.30182,0.17014,0.37818,252.0,161.0,328.0,246.0,1,places_top,False
train/00000073/00073801.jpg,23560,0.22,0.21,0.42,0.85,0.35636,0.33507,0.43636,0.47332,209.0,137.0,256.0,185.0,1,places_top,False
train/00000025/00025183.jpg,20106,0.37,0.06,0.68,0.73,0.42727,0.28125,0.30182,0.68594,302.0,107.0,351.0,168.0,1,places_top,False
train/00000059/00059732.jpg,118817,-0.01,0.2,0.68,0.96,0.22577,0.37793,0.58213,0.4177,3.0,93.0,191.0,278.0,1,places_top,False
train/00000074/00074632.jpg,43159,0.16,0.11,0.33,1.0,0.24836,0.29762,0.30836,0.16422,123.0,112.0,186.0,188.0,1,places_top,False
train/00000083/00083205.jpg,71595,0.3,0.21,0.58,0.9,0.5,0.31273,0.59844,0.40909,207.0,200.0,261.0,261.0,1,places_top,False
train/00000015/00015918.jpg,64009,0.04,0.23,0.68,0.64,0.57455,0.37435,0.77818,0.82232,288.0,105.0,373.0,202.0,1,coco_val,False
train/00000006/00006041.jpg,62044,0.17,0.0,0.29,0.94,0.40182,0.081869,0.61636,0.23421,219.0,0.0,282.0,36.0,1,coco,True
train/00000099/00099574.jpg,88563,0.29,0.25,0.52,0.86,0.64109,0.4577,0.66473,0.78756,388.0,172.0,464.0,279.0,1,places_top,False
train/00000036/00036458.jpg,84396,0.31,0.27,0.56,0.69,0.45091,0.37873,0.21091,0.36418,285.0,159.0,324.0,199.0,1,places_top,False
train/00000000/00000810.jpg,90573,0.38,0.37,0.28,0.63,0.495,0.46333,0.2625,0.82667,181.0,112.0,217.0,155.0,1,actions,False
train/00000031/00031765.jpg,1185,0.0,0.06,0.56,0.99,0.38364,0.30636,0.49273,0.84636,155.0,39.0,321.0,254.0,1,places_top,False
train/00000074/00074496.jpg,77067,0.03,0.18,0.33,0.98,0.070909,0.40942,0.30545,0.58735,24.0,148.0,104.0,270.0,1,places_top,True
train/00000078/00078288.jpg,73846,0.24,0.35,0.59,0.85,0.40577,0.50909,0.5152,0.55455,163.0,387.0,240.0,478.0,1,places_top,False
train/00000098/00098418.jpg,41554,0.0,-0.02,0.47,0.97,0.23091,0.18958,0.65818,0.76781,24.0,0.0,217.0,237.0,1,places_top,False
train/00000051/00051155.jpg,86517,0.31,0.0,0.59,0.47,0.45929,0.083636,0.4542,0.57818,203.0,9.0,258.0,88.0,1,places_top,False
train/00000070/00070909.jpg,112487,0.04,0.0,0.42,0.78,0.36182,0.028182,0.6,0.23,243.0,0.0,286.0,42.0,1,places_top,False
train/00000008/00008485.jpg,82903,0.11,0.21,0.15,0.51,0.20364,0.25197,0.25273,0.32847,106.0,106.0,138.0,139.0,1,coco,False
train/00000022/00022793.jpg,49902,0.15,0.37,0.33,0.61,0.298,0.44595,0.418,0.503,116.0,123.0,153.0,164.0,1,pascal,False
train/00000016/00016272.jpg,96906,0.23,0.0,0.29,0.72,0.33636,0.088806,0.19273,0.27957,215.0,1.0,258.0,8.0,1,coco_val,True
train/00000013/00013819.jpg,8571,0.45,0.13,0.36,0.33,0.59265,0.33273,0.59265,0.33273,42.0,17.0,207.0,228.0,1,coco,False
train/00000021/00021083.jpg,14664,0.34,0.33,0.42,0.51,0.41005,0.414,0.51852,0.742,134.0,165.0,187.0,224.0,1,pascal,False
train/00000011/00011551.jpg,20649,0.33,0.13,0.3,0.52,0.47455,0.19478,0.27636,0.39644,291.0,62.0,331.0,114.0,1,coco,False
train/00000093/00093759.jpg,71087,0.05,0.14,0.61,0.86,0.46182,0.26,0.81091,0.76909,190.0,128.0,281.0,244.0,1,places_top,False
train/00000111/00111178.jpg,113148,0.0,0.18,0.35,0.85,0.24778,0.26909,0.38212,0.49091,53.0,116.0,168.0,267.0,1,places_top,False
train/00000090/00090487.jpg,95559,0.38,-0.01,0.48,0.52,0.45818,0.034318,0.40545,0.48302,256.8,0.0,356.2,51.4,1,places_top,True
train/00000020/00020990.jpg,20826,0.0,0.18,0.17,0.65,0.062,0.24133,0.25,0.348,0.0,69.0,38.0,110.0,1,pascal,False
train/00000096/00096862.jpg,1802,0.34,0.17,0.5,0.91,0.42909,0.23818,0.24727,0.94182,299.0,93.0,350.0,160.0,1,places_top,False
train/00000049/00049473.jpg,1550,0.0,0.35,0.22,0.83,0.049091,0.44179,0.0018182,0.5194,24.0,175.0,86.0,259.0,1,places_top,False
train/00000004/00004139.jpg,98820,0.15,0.3,0.35,0.7,0.40333,0.34848,0.55,0.43939,72.0,66.0,90.0,88.0,1,actions,False
train/00000009/00009229.jpg,64354,0.35,0.54,0.19,0.44,0.42727,0.58101,0.84909,0.59083,259.0,252.0,298.0,295.0,1,coco,False
train/00000111/00111341.jpg,49379,0.41,0.14,0.48,0.85,0.44909,0.24735,0.7,0.58693,328.0,109.0,357.0,147.0,1,places_top,False
train/00000066/00066955.jpg,58508,0.08,0.26,0.19,0.63,0.14727,0.29869,0.79455,0.55578,76.0,136.0,106.0,171.0,1,places_top,False
train/00000034/00034903.jpg,17551,0.1,0.12,0.88,0.77,0.49727,0.21818,0.57091,0.54,204.0,92.0,311.0,243.0,1,places_top,False
train/00000044/00044704.jpg,7782,0.12,0.09,0.24,0.79,0.21091,0.18125,0.48545,0.36984,118.0,68.0,162.0,114.0,1,places_top,False
train/00000011/00011585.jpg,25039,0.09,0.41,0.66,0.5,0.15,0.46096,0.418,0.57508,8.0,95.0,98.0,196.0,1,coco,False
train/00000081/00081727.jpg,30219,0.28,0.03,0.53,0.98,0.44182,0.18091,0.74727,0.37727,284.0,43.0,354.0,126.0,1,places_top,False
train/00000111/00111623.jpg,119839,0.36,0.31,0.54,0.69,0.43455,0.44545,0.54,0.40727,310.0,197.0,351.0,253.0,1,places_top,False
train/00000022/00022692.jpg,73264,0.0,0.0,0.56,1.0,0.186,0.26,0.828,0.44933,0.0,0.0,120.0,195.0,1,pascal,False
train/00000042/00042624.jpg,52399,0.2,0.09,0.91,1.0,0.51818,0.28125,0.35091,0.58477,375.0,57.0,473.0,181.0,1,places_top,False
train/00000108/00108536.jpg,100443,0.05,0.09,0.43,0.97,0.22727,0.21766,0.12,0.70929,95.0,80.0,171.0,165.0,1,places_top,False
train/00000059/00059652.jpg,107319,0.09,0.08,0.29,0.8,0.20909,0.17787,0.29273,0.79436,124.0,42.0,172.0,106.0,1,places_top,False
train/00000048/00048304.jpg,102457,0.2,0.0,0.56,0.8,0.69818,0.23,0.45091,0.12364,521.0,92.0,567.0,151.0,1,places_top,False
train/00000118/00118214.jpg,103537,0.11,-0.16,0.64,1.0,0.40056,0.24909,0.58246,0.55455,65.0,6.0,273.0,211.0,1,places_top,True
train/00000028/00028631.jpg,20861,0.3,0.23,0.71,0.56,0.65273,0.29091,0.78636,0.28909,305.0,198.0,340.0,234.0,1,places_top,False
train/00000110/00110487.jpg,100175,0.2,0.18,0.42,0.8,0.31358,0.27665,0.44882,0.36151,119.0,165.0,183.0,252.0,1,places_top,False
train/00000109/00109480.jpg,100664,0.02,0.25,0.26,0.83,0.15273,0.33265,0.13636,0.33022,76.0,145.0,125.0,204.0,1,places_top,False
train/00000002/00002711.jpg,10988,0.03,0.02,0.71,0.98,0.34085,0.22257,0.6542,0.44033,54.0,6.0,152.0,109.0,1,actions,False
train/00000043/00043616.jpg,73451,0.21,0.07,0.69,0.89,0.52182,0.40298,0.50364,0.74497,297.0,67.0,427.0,215.0,1,places_top,False
train/00000087/00087489.jpg,71848,0.3,0.07,0.49,0.8,0.51091,0.25746,0.46182,0.70859,301.0,54.0,370.0,137.0,1,places_top,False
train/00000082/00082478.jpg,118616,0.41,0.17,0.6,0.88,0.48909,0.23078,0.58182,0.31809,286.0,81.0,338.0,135.0,1,places_top,False
train/00000085/00085759.jpg,80102,0.32,0.09,0.93,0.92,0.63636,0.22798,0.39091,0.43472,440.0,39.0,563.0,190.0,1,places_top,False
train/00000066/00066079.jpg,46670,0.36,0.19,0.63,0.82,0.50274,0.24727,0.5329,0.42182,234.0,151.0,288.0,230.0,1,places_top,False
train/00000033/00033507.jpg,71727,0.03,0.19,0.29,1.07,0.14182,0.27201,0.1,0.29626,89.0,110.0,144.0,172.0,1,places_top,False
train/00000116/00116046.jpg,33063,0.27,0.31,0.43,0.73,0.41818,0.42364,0.39091,0.52727,291.0,188.0,335.0,236.0,1,places_top,False
train/00000114/00114312.jpg,100651,0.41,0.24,0.59,0.83,0.52745,0.32545,0.94469,0.89273,243.0,234.0,287.0,294.0,1,places_top,False
train/00000056/00056919.jpg,63059,0.24,-0.03,0.76,0.56,0.51091,0.027926,0.50182,0.6031,280.0,0.0,408.0,96.0,1,places_top,False
train/00000008/00008508.jpg,50060,0.8,0.22,0.17,0.46,0.89818,0.27381,0.63818,0.44005,566.0,94.0,596.0,123.0,1,coco,False
train/00000001/00001563.jpg,106808,0.58,0.14,0.3,0.82,0.7,0.24295,0.58,0.35893,195.0,46.0,233.0,90.0,1,actions,False
train/00000092/00092224.jpg,65412,0.0,0.11,0.41,0.88,0.22545,0.22108,0.041818,0.7959,147.0,78.0,210.0,144.0,1,places_top,False
train/00000027/00027431.jpg,76068,0.02,0.08,0.27,0.84,0.17455,0.41126,0.22545,0.67157,50.0,90.0,184.0,247.0,1,places_top,False
train/00000053/00053578.jpg,115697,0.04,0.06,0.61,0.97,0.38,0.33807,0.61455,0.63224,171.0,52.0,321.0,240.0,1,places_top,False
train/00000048/00048756.jpg,101087,0.0,0.34,0.17,0.8,0.11818,0.41268,0.34,0.44664,48.0,183.0,90.0,228.0,1,places_top,False
train/00000108/00108439.jpg,6965,0.37,0.26,0.54,0.99,0.45636,0.39857,0.66545,0.66723,300.0,155.0,373.0,242.0,1,places_top,False
train/00000057/00057743.jpg,32764,0.12,0.09,0.93,0.82,0.26818,0.45273,0.35,0.35818,85.0,310.0,158.0,395.0,1,places_top,False
train/00000091/00091477.jpg,11561,0.09,0.2,0.28,0.94,0.26,0.23412,0.33636,0.51628,142.0,72.0,198.0,140.0,1,places_top,False
train/00000071/00071443.jpg,53817,0.28,0.17,0.88,0.84,0.61455,0.30338,0.73273,0.44538,371.0,50.0,499.0,215.0,1,places_top,False
train/00000021/00021258.jpg,13526,0.26,0.5,0.23,0.25,0.34,0.54204,0.34,0.54204,187.0,84.0,235.0,148.0,1,pascal,False
train/00000011/00011405.jpg,33465,0.81,0.21,0.19,0.78,0.89455,0.30834,0.45091,0.72725,558.0,89.0,616.0,162.0,1,coco,False
train/00000008/00008647.jpg,10627,0.27,0.53,0.33,0.46,0.43455,0.58364,0.23576,0.93273,194.0,342.0,240.0,407.0,1,coco,False
train/00000116/00116653.jpg,76590,0.45,0.36,0.54,0.85,0.48727,0.45352,0.65818,0.69688,363.0,217.0,389.0,247.0,1,places_top,False
train/00000063/00063706.jpg,59712,0.25,0.21,0.35,0.67,0.32182,0.36736,0.28,0.7394,283.0,150.0,319.0,195.0,1,places_top,False
train/00000101/00101146.jpg,78141,0.27,0.35,0.46,0.73,0.58974,0.47636,0.62612,0.54545,265.0,293.0,310.0,344.0,1,places_top,False
train/00000023/00023190.jpg,115863,0.23,0.26,0.45,0.74,0.44393,0.374,0.35748,0.56,171.0,132.0,229.0,211.0,1,pascal,False
train/00000013/00013951.jpg,71046,0.08,0.05,0.85,0.77,0.29561,0.25091,0.58993,0.85091,94.0,107.0,162.0,186.0,1,coco,False
train/00000004/00004857.jpg,58753,0.0,0.07,0.5,0.93,0.34909,0.33183,0.72182,0.55696,136.0,34.0,251.0,185.0,1,coco,False
train/00000090/00090075.jpg,49822,0.01,0.2,0.57,1.03,0.19818,0.39086,0.52182,0.46119,1.0,103.0,154.0,258.0,1,places_top,False
train/00000091/00091910.jpg,15805,0.07,0.23,0.41,0.7,0.38898,0.29556,0.47375,0.73193,160.0,171.0,222.0,253.0,1,places_top,False
train/00000029/00029093.jpg,111565,0.13,0.19,0.26,0.81,0.17818,0.29844,0.065455,0.41012,121.0,123.0,161.0,162.0,1,places_top,False
train/00000094/00094665.jpg,48047,0.04,0.02,0.38,1.01,0.24545,0.17463,0.59455,0.3282,118.0,30.0,200.0,124.0,1,places_top,False
train/00000044/00044138.jpg,67098,0.0,0.1,0.32,1.09,0.18,0.28683,0.32727,0.60291,53.0,75.0,141.0,187.0,1,places_top,False
train/00000033/00033105.jpg,59308,0.35,0.11,0.42,0.84,0.58,0.14864,0.80364,0.25295,400.0,38.0,458.0,113.0,1,places_top,False
train/00000001/00001243.jpg,55786,0.56,0.47,0.24,0.43,0.69,0.53795,0.58667,0.6317,194.0,210.0,232.0,256.0,1,actions,False
train/00000004/00004200.jpg,110287,0.0,0.0,0.61,1.0,0.5,0.14916,0.54667,0.6432,90.0,0.0,180.0,100.0,1,actions,False
train/00000076/00076811.jpg,101553,0.38,-0.01,0.67,0.51,0.80909,0.11678,0.86182,0.3472,511.4,29.8,578.6,94.2,1,places_top,True
train/00000077/00077555.jpg,31608,0.0,0.05,0.21,1.08,0.18182,0.1627,0.35273,0.39935,73.0,34.0,152.0,134.0,1,places_top,False
train/00000032/00032859.jpg,23489,0.26,0.15,0.99,0.69,0.72364,0.28364,0.72909,0.28909,287.744,121.344,370.688,267.264,1,places_top,True
train/00000063/00063641.jpg,114981,0.18,0.05,1.0,0.89,0.74,0.14727,0.76182,0.41523,525.0,28.0,596.0,104.0,1,places_top,False
train/00000105/00105062.jpg,29194,0.15,0.09,0.32,0.71,0.24004,0.18364,0.50413,0.42,100.0,75.0,143.0,135.0,1,places_top,False
train/00000045/00045003.jpg,109660,0.1,0.03,0.78,0.98,0.71818,0.10639,0.72,0.75469,413.0,8.0,490.0,104.0,1,places_top,False
train/00000079/00079563.jpg,3207,0.18,0.18,0.74,0.96,0.47089,0.29091,0.58732,0.49091,165.0,117.0,285.0,267.0,1,places_top,False
train/00000010/00010468.jpg,106468,0.76,0.46,0.15,0.5,0.80364,0.53549,0.37455,0.63075,499.0,288.0,562.0,358.0,1,coco,False
train/00000014/00014642.jpg,98777,0.56,0.4,0.3,0.43,0.6457,0.42576,0.47582,0.56395,253.0,250.0,286.0,288.0,1,coco,False
train/00000043/00043920.jpg,40974,0.03,0.06,0.23,1.07,0.18,0.073125,0.42364,0.34235,79.0,0.0,149.0,63.0,1,places_top,False
train/00000059/00059040.jpg,89423,0.37,0.19,0.89,0.66,0.60364,0.21326,0.48,0.44811,451.0,37.0,526.0,121.0,1,places_top,False
train/00000105/00105048.jpg,118706,0.14,0.06,0.49,0.88,0.30859,0.12109,0.27539,0.95898,126.0,20.0,178.0,92.0,1,places_top,False
train/00000107/00107741.jpg,99584,0.09,0.02,0.27,0.43,0.25455,0.23675,0.33636,0.33453,154.0,97.0,191.0,139.0,1,places_top,False
train/00000001/00001151.jpg,20779,0.26,0.08,0.59,0.88,0.4967,0.28422,0.58113,0.44422,101.0,42.0,173.0,131.0,1,actions,False
train/00000103/00103209.jpg,86086,0.38,0.26,0.56,0.66,0.45078,0.32182,0.69414,0.91455,209.0,207.0,246.0,265.0,1,places_top,False
train/00000080/00080954.jpg,110139,0.28,0.19,0.74,0.75,0.5338,0.2904,0.36138,0.41645,251.0,163.0,308.0,239.0,1,places_top,False
train/00000041/00041410.jpg,53491,0.27,0.35,0.48,0.72,0.34545,0.46119,0.65636,0.46604,215.0,221.0,244.0,253.0,1,places_top,False
train/00000070/00070355.jpg,36515,0.26,0.27,0.39,1.0,0.59818,0.35489,0.48909,0.66154,441.0,126.0,516.0,216.0,1,places_top,False
train/00000074/00074844.jpg,73815,0.42,0.25,0.57,0.95,0.46727,0.38105,0.33636,0.29529,349.0,155.0,400.0,212.0,1,places_top,False
train/00000030/00030165.jpg,24340,0.05,0.07,0.21,0.98,0.15105,0.18079,0.22378,0.45668,91.0,43.0,144.0,114.0,1,places_top,False
train/00000032/00032954.jpg,60773,0.18,0.09,0.44,0.93,0.32182,0.17257,0.4,0.56549,186.0,47.0,239.0,119.0,1,places_top,False
train/00000016/00016544.jpg,56273,0.01,0.12,0.18,0.54,0.16364,0.43818,0.30909,0.65818,56.0,214.0,116.0,299.0,1,coco_val,False
train/00000000/00000318.jpg,43400,0.25,0.1,0.17,0.65,0.31636,0.19659,0.40909,0.72331,219.0,66.0,273.0,142.0,1,actions,False
train/00000098/00098190.jpg,37719,0.29,0.29,0.55,0.77,0.4,0.47539,0.44182,0.70781,271.0,174.0,348.0,281.0,1,places_top,False
train/00000052/00052670.jpg,45941,0.41,0.04,0.58,0.99,0.48727,0.18514,0.24545,0.46714,353.0,64.0,399.0,121.0,1,places_top,False
train/00000058/00058708.jpg,21887,0.33,0.2,0.53,0.42,0.45273,0.24533,0.68182,0.29384,275.0,99.0,319.0,152.0,1,places_top,False
train/00000047/00047536.jpg,78855,0.28,0.18,0.71,0.98,0.42364,0.32052,0.78727,0.14831,211.0,124.0,327.0,222.0,1,places_top,False
train/00000050/00050523.jpg,6103,0.08,0.12,0.21,0.61,0.12255,0.18605,0.066182,0.33158,60.0,60.0,108.0,114.0,1,places_top,False
train/00000013/00013381.jpg,43904,0.32,0.1,0.45,0.88,0.56,0.26485,0.34545,0.51212,321.0,56.0,407.0,154.0,1,coco,False
train/00000089/00089799.jpg,50820,0.36,0.23,0.45,0.81,0.41455,0.35933,0.46364,0.3472,256.0,168.0,283.0,196.0,1,places_top,False
train/00000037/00037910.jpg,99263,-0.02,0.07,0.84,0.83,0.614,0.28,0.35933,0.79091,251.0,28.0,416.0,263.0,1,places_top,False
train/00000082/00082452.jpg,88160,0.43,0.09,0.63,0.87,0.74,0.30354,0.38182,0.35447,496.0,96.0,593.0,202.0,1,places_top,False
train/00000022/00022465.jpg,1606,0.47,0.17,0.15,0.46,0.53,0.23333,0.872,0.204,258.0,66.0,283.0,97.0,1,pascal,False
train/00000077/00077162.jpg,8167,0.04,0.03,0.69,1.0,0.44525,0.27455,0.63477,0.89091,87.0,34.0,260.0,235.0,1,places_top,False
train/00000058/00058807.jpg,15384,0.03,0.36,0.44,0.96,0.19091,0.39102,0.33273,0.33047,65.0,158.0,135.0,238.0,1,places_top,False
train/00000115/00115628.jpg,52620,0.22,0.03,0.37,0.72,0.32727,0.15273,0.54909,0.20469,215.0,48.0,258.0,99.0,1,places_top,False
train/00000056/00056833.jpg,59901,0.14,0.27,0.33,0.86,0.21636,0.3332,0.77273,0.63398,128.0,131.0,190.0,209.0,1,places_top,False
train/00000030/00030449.jpg,114024,0.01,0.24,0.48,0.73,0.25091,0.37922,0.43636,0.53294,140.0,122.0,224.0,221.0,1,places_top,False
train/00000063/00063502.jpg,51930,0.32,0.31,0.48,0.69,0.37273,0.34558,0.054545,0.73282,237.0,151.0,271.0,194.0,1,places_top,False
train/00000078/00078951.jpg,77971,0.05,0.15,0.44,0.68,0.19273,0.28899,0.15818,0.64553,83.0,75.0,171.0,198.0,1,places_top,False
train/00000099/00099224.jpg,99345,0.21,0.0,0.88,0.8,0.39273,0.3081,0.62364,0.74947,204.0,58.0,353.0,186.0,1,places_top,False
train/00000031/00031085.jpg,24853,0.06,0.18,0.16,0.67,0.12182,0.31809,0.34,0.37145,63.0,147.0,90.0,177.0,1,places_top,False
train/00000095/00095128.jpg,34848,0.33,0.37,0.56,0.64,0.46455,0.40364,0.83545,0.45091,216.0,290.0,243.0,323.0,1,places_top,False
train/00000005/00005834.jpg,32225,0.58,0.01,0.38,0.98,0.66545,0.19206,0.40727,0.85972,404.0,2.0,494.0,123.0,1,coco,False
train/00000102/00102806.jpg,55679,0.03,0.32,0.4,0.64,0.27636,0.41065,0.45818,0.7733,172.0,176.0,213.0,226.0,1,places_top,False
train/00000081/00081199.jpg,44677,0.22,0.01,0.38,0.73,0.44,0.22965,0.67818,0.33342,312.0,101.0,344.0,142.0,1,places_top,False
train/00000115/00115052.jpg,12961,0.35,0.29,0.65,0.67,0.51818,0.31809,0.57091,0.28899,317.0,143.0,359.0,187.0,1,places_top,False
train/00000017/00017745.jpg,34634,0.27,0.15,0.4,0.76,0.56364,0.23172,0.25455,0.57434,346.0,63.0,388.0,106.0,1,coco_val,False
train/00000014/00014752.jpg,69095,0.63,0.49,0.37,0.42,0.84364,0.54848,0.63636,0.55818,530.0,238.0,573.0,284.0,1,coco,False
train/00000001/00001746.jpg,31104,0.29,0.32,0.71,0.52,0.42333,0.50222,0.63667,0.58204,89.0,183.0,153.0,234.0,1,actions,False
train/00000101/00101767.jpg,117580,0.38,0.01,0.74,0.97,0.51818,0.22182,0.43273,0.79455,373.0,19.0,486.0,166.0,1,places_top,False
train/00000005/00005908.jpg,103835,0.14,0.24,0.29,0.75,0.31273,0.39074,0.64364,0.68301,140.0,106.0,212.0,197.0,1,coco,False
train/00000115/00115356.jpg,57365,0.31,0.09,0.7,1.18,0.4806,0.20182,0.75224,0.58727,211.0,84.0,282.0,157.0,1,places_top,False
train/00000042/00042402.jpg,40102,0.13,0.29,0.33,0.75,0.23636,0.39328,0.42182,0.35205,422.0,181.0,448.0,211.0,1,places_top,False
train/00000080/00080342.jpg,75468,0.34,0.23,0.63,1.07,0.54727,0.43977,0.66,0.9189,361.0,129.0,461.0,264.0,1,places_top,False
train/00000001/00001855.jpg,63400,0.0,0.0,0.73,0.71,0.6663,0.23,0.83259,0.63,258.0,14.0,327.0,98.0,1,actions,False
train/00000113/00113900.jpg,110688,0.22,0.25,0.5,0.92,0.60636,0.4,0.77273,0.44364,265.0,268.0,322.0,341.0,1,places_top,False
train/00000108/00108915.jpg,71913,0.39,0.11,0.52,0.92,0.45091,0.19925,0.47455,0.45634,274.0,48.0,334.0,123.0,1,places_top,False
train/00000118/00118883.jpg,29239,0.2,0.41,0.14,0.46,0.28364,0.45364,0.33636,0.47273,921.0,976.0,1042.0,1114.0,1,sun,False
train/00000037/00037482.jpg,119812,0.03,0.19,0.43,1.0,0.28545,0.30354,0.71818,0.3472,84.0,90.0,214.0,221.0,1,places_top,False
train/00000114/00114583.jpg,78137,0.23,0.01,0.67,0.9,0.50447,0.11636,0.93333,0.93636,202.0,29.0,281.0,138.0,1,places_top,False
train/00000039/00039619.jpg,89389,0.28,0.0,0.64,0.85,0.49664,0.046547,0.45445,0.84832,346.0,0.0,394.0,52.0,1,places_top,False
train/00000044/00044220.jpg,48267,0.37,0.24,0.51,1.03,0.48182,0.31503,0.76182,0.26607,325.0,133.0,384.0,191.0,1,places_top,False
train/00000094/00094021.jpg,93436,0.36,0.29,0.45,0.84,0.73818,0.58146,0.26,0.3427,570.0,278.0,607.0,317.0,1,places_top,False
train/00000010/00010151.jpg,101661,0.37,0.28,0.24,0.49,0.47455,0.42931,0.41273,0.73925,273.0,126.0,343.0,219.0,1,coco,False
train/00000015/00015399.jpg,84242,0.48,0.17,0.35,0.58,0.60727,0.26364,0.42182,0.37455,382.0,111.0,457.0,207.0,1,coco_val,False
train/00000054/00054864.jpg,83081,0.01,0.22,0.14,0.62,0.076982,0.30914,0.22515,0.28758,22.0,128.0,82.0,188.0,1,places_top,True
train/00000113/00113406.jpg,7312,0.3,0.23,0.49,0.76,0.40545,0.27636,0.61091,0.25727,280.0,126.0,309.0,161.0,1,places_top,False
train/00000045/00045820.jpg,922,0.3,0.25,0.61,0.82,0.4375,0.31985,0.61328,0.76654,205.0,141.0,243.0,199.0,1,places_top,False
train/00000031/00031143.jpg,111190,0.01,0.29,0.19,0.6,0.045455,0.36807,0.032727,0.58246,1.0,149.0,62.0,225.0,1,places_top,False
train/00000064/00064757.jpg,2581,0.24,0.29,0.37,0.79,0.26727,0.35527,0.14182,0.66658,188.0,144.0,225.0,190.0,1,places_top,False
train/00000106/00106259.jpg,44846,0.05,0.03,0.35,1.0,0.16727,0.12091,0.67455,0.13455,85.0,17.0,147.0,94.0,1,places_top,False
train/00000030/00030934.jpg,42480,0.34,0.21,0.51,0.61,0.78545,0.35545,0.71455,0.52727,584.0,156.0,622.0,197.0,1,places_top,False
train/00000064/00064148.jpg,116711,0.23,0.04,0.46,0.92,0.36604,0.085938,0.38679,0.32422,169.0,20.0,211.0,73.0,1,places_top,False
train/00000082/00082054.jpg,7124,0.02,0.12,0.38,0.57,0.28455,0.19818,0.39091,0.27091,78.0,104.0,146.0,194.0,1,places_top,False
train/00000102/00102608.jpg,39442,0.11,0.18,0.53,0.77,0.31636,0.34455,0.66364,0.41818,152.0,105.0,260.0,226.0,1,places_top,False
train/00000032/00032037.jpg,13935,0.14,0.06,0.27,0.5,0.15636,0.098828,0.13091,0.32045,114.0,25.0,157.0,75.0,1,places_top,False
train/00000102/00102158.jpg,9451,0.43,0.27,0.62,0.71,0.46182,0.37145,0.96909,0.67948,301.0,171.0,329.0,206.0,1,places_top,False
train/00000077/00077426.jpg,55796,0.01,0.29,0.27,0.96,0.20909,0.3375,0.12364,0.48545,130.0,163.0,164.0,206.0,1,places_top,False
train/00000020/00020872.jpg,99070,0.48,0.22,0.52,0.78,0.612,0.44133,0.39,0.59867,284.0,82.0,389.0,205.0,1,pascal,False
train/00000027/00027069.jpg,105105,0.03,0.3,0.22,0.92,0.11818,0.36636,0.063636,0.35545,78.0,156.0,130.0,214.0,1,places_top,False
train/00000074/00074978.jpg,86571,0.02,0.09,0.41,0.98,0.18075,0.31236,0.53347,0.21728,56.0,55.0,191.0,210.0,1,places_top,False
train/00000066/00066625.jpg,52488,0.13,0.05,0.48,0.65,0.37636,0.1628,0.49091,0.63982,222.0,4.0,307.0,130.0,1,places_top,False
train/00000083/00083298.jpg,90051,0.36,0.08,0.53,0.46,0.42909,0.13182,0.42909,0.13182,308.0,33.0,355.0,95.0,1,places_top,False
train/00000001/00001568.jpg,81749,0.35,0.31,0.34,0.69,0.40176,0.44,0.39421,0.70667,139.0,95.0,178.0,142.0,1,actions,False
train/00000099/00099432.jpg,62440,0.25,0.25,0.66,0.77,0.40364,0.42909,0.92909,0.50273,206.0,133.0,345.0,276.0,1,places_top,False
train/00000004/00004002.jpg,3309,0.07,0.34,0.79,0.66,0.725,0.44333,0.235,0.50333,268.0,103.0,340.0,186.0,1,actions,False
train/00000048/00048892.jpg,90687,0.36,0.09,0.68,0.76,0.53273,0.23273,0.46727,0.77545,375.0,60.0,443.0,150.0,1,places_top,False
train/00000103/00103575.jpg,65061,0.35,0.01,0.51,0.33,0.38545,0.32294,0.42182,0.70131,229.0,137.0,277.0,199.0,1,places_top,False
train/00000006/00006510.jpg,83640,0.14,0.06,0.86,0.55,0.31929,0.13818,0.19061,0.45455,99.0,46.0,165.0,122.0,1,coco,False
train/00000095/00095348.jpg,75009,0.12,0.27,0.43,0.64,0.49636,0.39091,0.83091,0.58182,329.0,159.0,386.0,215.0,1,places_top,False
train/00000046/00046125.jpg,28931,0.18,0.05,0.43,1.03,0.33273,0.16364,0.43273,0.18182,158.0,35.0,224.0,110.0,1,places_top,False
train/00000113/00113145.jpg,8241,0.17,0.2,0.33,0.69,0.35091,0.27636,0.45636,0.71545,253.0,118.0,281.0,153.0,1,places_top,False
train/00000025/00025302.jpg,11573,0.23,0.19,0.83,1.04,0.59818,0.28,0.10455,0.60727,290.0,158.0,363.0,253.0,1,places_top,False
train/00000018/00018149.jpg,54271,0.4,0.24,0.39,0.27,0.5218,0.28364,0.76161,0.46909,193.0,155.0,234.0,205.0,1,coco_val,False
train/00000031/00031387.jpg,57573,0.05,0.04,0.76,0.96,0.69273,0.28976,0.39455,0.30082,516.0,53.0,658.0,220.0,1,places_top,False
train/00000027/00027135.jpg,114885,0.28,0.2,0.49,0.51,0.29804,0.27636,0.26401,0.42545,133.0,146.0,176.0,198.0,1,places_top,False
train/00000086/00086449.jpg,12720,0.33,-0.03,0.93,0.98,0.52407,0.19455,0.39839,0.51091,220.0,33.0,380.0,227.0,1,places_top,False
train/00000075/00075278.jpg,10954,0.19,0.12,0.32,1.04,0.30727,0.15385,0.32727,0.14091,234.0,49.0,282.0,103.0,1,places_top,False
train/00000052/00052070.jpg,29973,0.14,0.42,0.5,0.58,0.34364,0.65038,0.70545,0.29141,183.0,292.0,248.0,355.0,1,places_top,False
train/00000024/00024315.jpg,71359,0.1,0.2,0.28,0.79,0.16909,0.37455,0.31091,0.19727,91.0,156.0,136.0,207.0,1,places_top,False
train/00000014/00014923.jpg,57007,0.71,0.23,0.18,0.77,0.73273,0.32559,0.58,0.38009,455.0,98.0,543.0,197.0,1,coco,False
train/00000103/00103366.jpg,47185,0.0,-0.16,0.52,1.0,0.24364,0.16818,0.46727,0.39371,3.0,3.0,220.0,245.0,1,places_top,True
train/00000007/00007174.jpg,17702,0.29,0.16,0.38,0.62,0.58485,0.28,0.68667,0.76364,244.0,109.0,320.0,210.0,1,coco,False
train/00000072/00072718.jpg,78571,0.07,0.14,0.36,0.97,0.083636,0.45711,0.35091,0.38801,4.0,129.0,73.0,351.0,1,places_top,True
train/00000040/00040275.jpg,73450,0.34,0.13,0.61,1.09,0.36545,0.19846,0.49273,0.57063,222.0,29.0,330.0,155.0,1,places_top,False
train/00000069/00069654.jpg,47610,0.03,0.01,0.78,0.96,0.43074,0.29236,0.54012,0.74505,147.0,25.0,271.0,179.0,1,places_top,True
train/00000059/00059383.jpg,53476,0.11,0.11,0.44,1.05,0.32545,0.25455,0.64727,0.85455,185.0,73.0,289.0,189.0,1,places_top,False
train/00000110/00110846.jpg,70019,0.06,0.12,0.62,0.93,0.24509,0.29592,0.61964,0.39188,98.0,53.0,238.0,236.0,1,places_top,False
train/00000076/00076586.jpg,88540,0.17,0.16,0.31,0.57,0.36909,0.2429,0.40182,0.31567,224.0,101.0,257.0,142.0,1,places_top,False
train/00000003/00003124.jpg,67602,0.0,0.13,0.92,0.58,0.56315,0.31091,0.45333,0.53818,259.0,128.0,418.0,345.0,1,actions,False
train/00000006/00006773.jpg,90080,0.66,0.28,0.17,0.58,0.69273,0.38827,0.62727,0.86244,434.0,120.0,467.0,161.0,1,coco,False
train/00000049/00049823.jpg,107258,0.05,0.06,0.38,0.97,0.26909,0.28398,0.32909,0.38242,146.0,56.0,245.0,194.0,1,places_top,False
train/00000018/00018208.jpg,68741,0.38,0.14,0.22,0.36,0.56727,0.25474,0.63091,0.41552,327.0,58.0,385.0,134.0,1,coco_val,False
train/00000066/00066179.jpg,30351,0.22,0.05,0.46,0.85,0.37091,0.23034,0.71091,0.36236,237.0,39.0,323.0,170.0,1,places_top,False
train/00000008/00008931.jpg,75376,0.66,0.22,0.2,0.65,0.72292,0.29128,0.67917,0.5,336.0,72.0,364.0,107.0,1,coco,False
train/00000025/00025115.jpg,84285,0.24,0.22,0.33,0.73,0.32364,0.23972,0.6,0.24945,196.0,104.0,231.0,143.0,1,places_top,False
train/00000000/00000579.jpg,9469,0.37,0.01,0.3,0.99,0.56364,0.23785,0.53091,0.22086,427.0,106.0,485.0,176.0,1,actions,False
train/00000045/00045719.jpg,47656,0.21,0.19,0.74,1.04,0.46436,0.23561,0.51891,0.25754,319.0,80.0,376.0,152.0,1,places_top,False
train/00000118/00118221.jpg,98071,0.06,0.03,0.23,0.48,0.14256,0.065055,0.39165,0.27233,94.0,4.0,124.0,49.0,1,places_top,False
train/00000045/00045906.jpg,37017,0.18,0.17,0.96,0.51,0.56909,0.46175,0.78182,0.16599,361.0,191.0,430.0,296.0,1,places_top,False
train/00000111/00111292.jpg,4832,0.0,0.27,0.22,0.88,0.15818,0.34555,0.56727,0.18641,35.0,136.0,115.0,222.0,1,places_top,False
train/00000062/00062059.jpg,59908,0.18,0.32,0.61,0.68,0.38727,0.39551,0.23636,0.71551,210.0,143.0,278.0,238.0,1,places_top,False
train/00000033/00033393.jpg,17459,0.12,0.08,0.96,0.87,0.39091,0.15636,0.89273,0.13273,126.0,88.0,239.0,183.0,1,places_top,False
train/00000091/00091321.jpg,98897,0.09,0.38,0.27,0.89,0.15091,0.46182,0.85455,0.31455,82.0,206.0,123.0,254.0,1,places_top,False
train/00000086/00086630.jpg,46705,0.02,0.29,0.21,0.63,0.11797,0.33117,0.7957,0.29016,32.0,142.0,76.0,184.0,1,places_top,False
train/00000080/00080208.jpg,56826,0.11,0.11,0.66,0.94,0.55818,0.25602,0.28667,0.48148,390.0,29.0,501.0,180.0,1,places_top,False
train/00000061/00061974.jpg,107970,0.02,0.08,0.24,0.84,0.036364,0.34414,0.074545,0.88828,0.0,1.0,79.0,171.0,1,places_top,False
train/00000083/00083096.jpg,57361,0.39,0.22,0.52,0.71,0.47091,0.29394,0.57091,0.65758,289.8,123.4,326.2,169.6,1,places_top,True
train/00000104/00104904.jpg,26229,0.15,0.18,0.44,0.74,0.32273,0.26545,0.64182,0.16364,119.0,168.0,172.0,224.0,1,places_top,False
train/00000118/00118743.jpg,36196,0.38,0.18,0.22,0.42,0.49,0.22807,0.64333,0.61897,132.0,71.0,159.0,110.0,1,sun,False
train/00000014/00014759.jpg,69091,0.67,0.58,0.32,0.4,0.69091,0.8103,0.64545,0.81758,438.0,281.0,635.0,480.0,1,coco,False
train/00000070/00070478.jpg,16986,0.01,0.03,0.62,0.96,0.35455,0.24364,0.64182,0.42636,80.0,0.0,284.0,217.0,1,places_top,False
train/00000006/00006499.jpg,54269,0.54,0.42,0.14,0.47,0.59273,0.47547,0.61091,0.50818,362.0,182.0,384.0,211.0,1,coco,False
train/00000070/00070604.jpg,99979,0.02,0.1,0.77,1.0,0.49455,0.46182,0.64364,0.53545,140.0,49.0,423.0,323.0,1,places_top,False
train/00000099/00099756.jpg,92863,0.14,0.08,0.36,0.72,0.29091,0.30842,0.63636,0.24063,188.0,75.0,274.0,177.0,1,places_top,False
train/00000098/00098667.jpg,88328,0.27,0.14,0.69,0.62,0.386,0.26727,0.32537,0.6,159.0,102.0,252.0,226.0,1,places_top,False
train/00000118/00118175.jpg,116496,0.3,0.3,0.57,0.71,0.40182,0.39663,0.69091,0.66049,287.0,176.0,321.0,217.0,1,places_top,False
train/00000115/00115155.jpg,111859,0.04,0.23,0.18,0.73,0.12909,0.32537,0.56364,0.32779,51.0,139.0,96.0,189.0,1,places_top,False
train/00000031/00031233.jpg,62433,0.01,0.18,0.19,0.62,0.13636,0.23563,0.48727,0.34477,65.0,91.0,105.0,141.0,1,places_top,False
train/00000051/00051371.jpg,10395,0.03,0.0,0.95,0.8,0.58203,0.23273,0.77617,0.70545,10.24,3.08,461.824,328.02,1,places_top,True
train/00000093/00093049.jpg,92705,0.04,0.1,0.47,1.01,0.22182,0.29219,0.31455,0.7543,100.0,77.0,192.0,201.0,1,places_top,False
train/00000078/00078745.jpg,67528,0.27,0.03,0.73,1.01,0.51953,0.17188,0.48242,0.39258,209.0,17.0,295.0,149.0,1,places_top,False
train/00000102/00102410.jpg,50929,0.22,-0.01,0.57,1.0,0.67818,0.29165,0.33273,0.11619,504.0,108.0,557.0,177.0,1,places_top,False
train/00000093/00093217.jpg,22588,0.23,0.2,0.46,0.82,0.30727,0.27151,0.61818,0.40751,198.0,111.0,241.0,161.0,1,places_top,False
train/00000007/00007121.jpg,100024,0.18,0.18,0.65,0.81,0.50018,0.38389,0.24218,0.48256,235.0,68.0,354.0,183.0,1,coco,False
train/00000097/00097401.jpg,57226,0.3,0.34,0.42,0.82,0.35818,0.47818,0.47091,0.70182,244.0,202.0,290.0,263.0,1,places_top,False
train/00000083/00083802.jpg,59433,0.13,0.23,0.8,0.88,0.37438,0.32909,0.21599,0.64545,156.0,184.0,255.0,311.0,1,places_top,False
train/00000032/00032281.jpg,57385,0.22,0.19,0.84,0.77,0.52668,0.30364,0.57034,0.71273,245.0,136.0,337.0,256.0,1,places_top,False
train/00000004/00004960.jpg,12062,0.4,0.21,0.14,0.56,0.49818,0.27455,0.64182,0.83697,299.0,108.0,327.0,143.0,1,coco,False
train/00000105/00105065.jpg,114779,0.1,0.04,0.83,0.98,0.46182,0.17783,0.79091,0.36721,229.0,58.0,290.0,129.0,1,places_top,False
train/00000014/00014661.jpg,34006,0.09,0.38,0.18,0.51,0.20182,0.45356,0.16727,0.60107,111.0,160.0,144.0,203.0,1,coco,False
train/00000018/00018096.jpg,41560,0.73,0.0,0.27,0.61,0.88182,0.10213,0.89273,0.4564,530.0,0.0,598.0,86.0,1,coco_val,False
train/00000039/00039665.jpg,52624,0.13,0.21,0.27,0.67,0.24,0.39636,0.54545,0.52727,164.0,181.0,196.0,219.0,1,places_top,False
train/00000091/00091137.jpg,47493,0.15,-0.02,0.31,0.23,0.36909,0.091634,0.24545,0.00057884,279.0,6.0,339.0,73.0,1,places_top,False
train/00000012/00012428.jpg,22292,0.69,0.21,0.31,0.59,0.84545,0.36783,0.69636,0.80322,510.0,95.0,588.0,189.0,1,coco,False
train/00000045/00045117.jpg,16201,0.29,0.18,0.54,0.82,0.47091,0.33265,0.84364,0.87594,290.0,126.0,344.0,185.0,1,places_top,False
train/00000065/00065574.jpg,17718,0.32,0.29,0.49,0.65,0.3637,0.34364,0.15926,0.55091,162.0,231.0,209.0,295.0,1,places_top,False
train/00000083/00083782.jpg,114618,0.07,0.2,0.22,0.82,0.15091,0.27246,0.14545,0.46436,95.0,106.0,140.0,163.0,1,places_top,False
train/00000051/00051413.jpg,70156,0.21,0.13,0.31,0.84,0.5,0.2423,0.42909,0.39308,373.0,94.0,407.0,142.0,1,places_top,False
train/00000117/00117941.jpg,79512,0.18,0.01,0.59,0.99,0.44427,0.2474,0.49518,0.69539,274.0,15.0,395.0,211.0,1,places_top,False
train/00000015/00015390.jpg,107344,0.58,0.1,0.3,0.9,0.67091,0.26404,0.60364,0.6002,400.0,46.0,469.0,135.0,1,coco_val,False
train/00000081/00081216.jpg,51245,0.22,0.07,0.6,0.99,0.67891,0.23091,0.44699,0.33091,328.0,106.0,382.0,174.0,1,places_top,False
train/00000092/00092965.jpg,64150,0.0,0.24,0.46,1.01,0.25515,0.38387,0.49515,0.30948,2.0,102.0,188.0,310.0,1,places_top,False
train/00000082/00082962.jpg,125324,0.15,0.17,0.31,0.95,0.28,0.36091,0.36545,0.84091,190.0,153.0,233.0,208.0,1,places_top,False
train/00000103/00103533.jpg,18561,0.3,0.29,0.4,0.71,0.37455,0.38115,0.48,0.32294,230.0,165.0,265.0,205.0,1,places_top,False
train/00000075/00075289.jpg,119023,0.27,0.08,0.48,0.8,0.36364,0.23911,0.17273,0.44202,310.0,77.0,386.0,159.0,1,places_top,False
train/00000085/00085188.jpg,23635,0.21,0.12,0.78,0.69,0.49455,0.29165,0.40909,0.90026,305.0,37.0,475.0,257.0,1,places_top,False
train/00000066/00066073.jpg,83272,0.45,0.29,0.56,0.75,0.51273,0.34747,0.57455,0.72062,377.0,151.0,403.0,178.0,1,places_top,False
train/00000032/00032073.jpg,8481,0.35,-0.01,0.71,0.44,0.46441,0.050909,0.49452,0.04,217.088,18.504,245.76,60.138,1,places_top,True
train/00000001/00001344.jpg,99808,0.01,0.21,0.52,0.79,0.29626,0.40727,0.50728,0.79818,89.0,134.0,197.0,276.0,1,actions,False
train/00000076/00076896.jpg,37492,0.22,0.09,0.71,0.96,0.27864,0.24219,0.18544,0.60938,116.0,43.0,209.0,162.0,1,places_top,False
train/00000099/00099634.jpg,1121,0.26,0.06,0.66,0.84,0.54909,0.22727,0.59636,0.58182,372.0,35.0,460.0,139.0,1,places_top,False
train/00000010/00010260.jpg,46197,0.0,0.0,0.97,0.98,0.31818,0.42242,0.47273,0.34,4.0,3.0,263.0,383.0,1,coco,True
train/00000038/00038739.jpg,77293,0.33,0.07,0.77,0.91,0.59273,0.093423,0.40727,0.47405,352.0,11.0,426.0,92.0,1,places_top,False
train/00000116/00116475.jpg,37213,0.01,0.11,0.47,0.96,0.20894,0.33273,0.70401,0.59636,39.0,180.0,127.0,289.0,1,places_top,False
train/00000115/00115723.jpg,73342,0.04,0.0,0.19,0.61,0.12307,0.069752,0.2968,0.74918,64.0,0.0,114.0,48.0,1,places_top,False
train/00000044/00044442.jpg,83226,0.07,0.12,0.97,1.02,0.24805,0.43359,0.070312,0.625,33.6,62.4,281.4,451.6,1,places_top,True
train/00000025/00025407.jpg,51485,0.32,0.21,0.61,0.86,0.45636,0.27444,0.32364,0.2429,263.0,87.0,363.0,202.0,1,places_top,False
train/00000064/00064264.jpg,49108,0.19,0.27,0.85,0.99,0.31897,0.44,0.82636,0.25091,89.0,279.0,191.0,380.0,1,places_top,False
train/00000013/00013532.jpg,101557,0.07,0.27,0.53,0.71,0.47404,0.45738,0.61627,0.84405,148.0,177.0,261.0,325.0,1,coco,False
train/00000013/00013271.jpg,55431,0.35,0.09,0.18,0.83,0.45,0.29279,0.436,0.94444,205.0,58.0,242.0,106.0,1,coco,False
train/00000023/00023291.jpg,82280,0.17,0.22,0.7,0.78,0.578,0.42793,0.622,0.71622,242.0,69.0,322.0,179.0,1,pascal,False
train/00000041/00041524.jpg,71787,0.17,0.28,0.72,0.9,0.39555,0.36727,0.64293,0.46364,126.0,227.0,217.0,322.0,1,places_top,False
train/00000021/00021417.jpg,24552,0.1,0.5,0.18,0.48,0.184,0.53733,0.266,0.32133,77.0,190.0,99.0,216.0,1,pascal,False
train/00000016/00016642.jpg,74255,0.5,0.29,0.22,0.47,0.6192,0.35091,0.46027,0.48,228.0,187.0,275.0,251.0,1,coco_val,False
train/00000056/00056761.jpg,62591,0.01,0.05,0.71,0.9,0.43164,0.27539,0.74609,0.62109,111.0,22.0,258.0,211.0,1,places_top,False
train/00000007/00007532.jpg,68823,0.2,0.11,0.49,0.73,0.51984,0.18631,0.69254,0.28965,195.0,70.0,253.0,148.0,1,coco,False
train/00000074/00074600.jpg,116341,0.35,0.32,0.66,0.85,0.53105,0.39818,0.57453,0.88909,238.0,191.0,279.0,249.0,1,places_top,False
train/00000085/00085681.jpg,71091,0.16,0.16,0.83,1.02,0.56545,0.24182,0.55727,0.42545,235.0,140.0,304.0,228.0,1,places_top,False
train/00000016/00016940.jpg,69097,0.32,0.13,0.61,0.75,0.54644,0.31455,0.40713,0.57455,191.0,115.0,279.0,223.0,1,coco_val,False
train/00000103/00103434.jpg,29059,0.27,0.05,0.55,0.95,0.44727,0.15273,0.40909,0.40156,322.0,24.0,390.0,115.0,1,places_top,False
train/00000009/00009583.jpg,497,0.52,0.2,0.24,0.64,0.62909,0.30364,0.58545,0.46364,391.0,99.0,438.0,153.0,1,coco,False
train/00000005/00005110.jpg,24994,0.16,0.18,0.7,0.56,0.40045,0.37234,0.87384,0.66034,114.0,146.0,154.0,197.0,1,coco,False
train/00000079/00079270.jpg,59950,0.2,-0.06,0.34,0.41,0.53091,0.034318,0.73455,0.022191,332.0,-18.0,392.0,52.0,1,places_top,True
train/00000069/00069889.jpg,27512,0.22,0.02,0.46,0.93,0.34909,0.16804,0.19091,0.43253,245.0,16.0,317.0,115.0,1,places_top,False
train/00000034/00034849.jpg,14592,0.13,0.29,0.97,0.81,0.51091,0.40909,0.77545,0.34,168.0,234.0,289.0,363.0,1,places_top,False
train/00000066/00066497.jpg,122894,0.2,0.23,0.55,0.93,0.36909,0.24545,0.34,0.23182,220.0,109.0,275.0,152.0,1,places_top,False
train/00000100/00100861.jpg,44925,0.18,0.23,0.29,0.6,0.25818,0.3482,0.68909,0.33234,146.0,162.0,169.0,186.0,1,places_top,False
train/00000011/00011890.jpg,12891,0.08,0.26,0.17,0.61,0.15636,0.30606,0.06,0.55463,86.0,112.0,120.0,149.0,1,coco,False
train/00000059/00059794.jpg,96918,0.44,0.03,0.55,0.58,0.48182,0.11436,0.33818,0.94385,316.0,42.0,346.0,79.0,1,places_top,False
train/00000116/00116485.jpg,29078,0.28,0.23,0.42,0.75,0.34,0.26062,0.22,0.44832,245.0,111.0,278.0,156.0,1,places_top,False
train/00000111/00111002.jpg,60765,0.2,0.15,0.57,0.96,0.48,0.27091,0.78182,0.17273,305.0,90.0,384.0,181.0,1,places_top,False
train/00000070/00070798.jpg,94921,0.19,0.09,0.53,0.82,0.45091,0.24297,0.48909,0.54375,301.0,61.0,378.0,154.0,1,places_top,False
train/00000046/00046248.jpg,88283,0.05,0.33,0.69,0.57,0.32203,0.43273,0.38501,0.67273,109.0,241.0,192.0,355.0,1,places_top,False
train/00000027/00027114.jpg,7155,0.1,0.03,0.4,0.41,0.3483,0.11273,0.38837,0.39818,153.4,63.8,199.6,121.2,1,places_top,True
train/00000071/00071414.jpg,60968,0.23,0.08,0.54,0.98,0.39622,0.29762,0.47076,0.51968,223.0,75.0,344.0,235.0,1,places_top,False
train/00000098/00098308.jpg,105998,0.02,0.07,0.53,0.96,0.39091,0.35545,0.69818,0.93636,181.0,23.0,364.0,288.0,1,places_top,False
train/00000064/00064446.jpg,116381,0.31,0.02,0.56,0.65,0.46364,0.12648,0.51455,0.34235,290.0,18.0,335.0,81.0,1,places_top,False
train/00000024/00024231.jpg,44726,0.0,0.12,0.1,0.59,0.056364,0.67953,0.1,0.69313,36.0,336.0,54.0,357.0,1,places_top,False
train/00000086/00086730.jpg,69594,0.32,-0.01,0.77,0.96,0.41455,0.18909,0.40364,0.85182,280.0,0.0,406.0,138.0,1,places_top,False
train/00000001/00001668.jpg,71229,0.19,0.14,0.72,0.86,0.70231,0.28589,0.77406,0.83327,333.0,175.0,355.0,197.0,1,actions,False
train/00000064/00064379.jpg,94073,0.37,0.0,0.49,1.02,0.47091,0.12473,0.50364,0.45794,379.0,17.0,440.0,91.0,1,places_top,False
train/00000066/00066700.jpg,12343,0.31,0.2,0.92,0.76,0.54618,0.34182,0.40492,0.48,234.0,194.0,332.0,327.0,1,places_top,False
train/00000037/00037469.jpg,92583,0.02,0.08,0.37,0.98,0.26909,0.24909,0.57818,0.46727,49.0,10.0,241.0,249.0,1,places_top,False
train/00000033/00033522.jpg,113059,0.2,0.02,0.58,0.95,0.62273,0.14545,0.40727,0.13273,296.0,72.0,396.0,159.0,1,places_top,False
train/00000068/00068358.jpg,71791,0.04,0.06,0.31,1.11,0.22182,0.17257,0.53455,0.13134,63.0,43.0,164.0,148.0,1,places_top,False
train/00000041/00041923.jpg,7954,0.15,0.18,0.36,0.82,0.27273,0.2429,0.40909,0.3569,140.0,88.0,196.0,154.0,1,places_top,False
train/00000081/00081529.jpg,20811,0.08,0.29,0.53,0.83,0.26,0.35933,0.71091,0.44907,131.0,132.0,201.0,208.0,1,places_top,False
train/00000069/00069884.jpg,112672,0.15,0.08,0.48,1.0,0.36909,0.23805,0.75636,0.73284,30.0,0.0,275.0,286.0,1,places_top,False
train/00000039/00039850.jpg,75362,0.1,0.01,0.37,0.95,0.27455,0.17376,0.76727,0.74673,182.0,54.0,237.0,121.0,1,places_top,False
train/00000012/00012344.jpg,17164,0.04,0.0,0.41,0.99,0.304,0.14533,0.734,0.148,84.0,2.0,161.0,98.0,1,coco,False
train/00000019/00019990.jpg,95484,0.04,0.6,0.52,0.4,0.29152,0.68909,0.55333,0.56182,59.0,386.0,152.0,490.0,1,coco_val,False
train/00000014/00014084.jpg,33353,0.29,0.1,0.56,0.9,0.59273,0.31333,0.42182,0.48788,341.0,53.0,445.0,202.0,1,coco,False
train/00000022/00022136.jpg,96241,0.69,0.13,0.31,0.87,0.89142,0.224,0.50268,0.164,311.0,69.0,371.0,137.0,1,pascal,False
train/00000070/00070299.jpg,64742,0.0,0.05,0.46,1.04,0.17273,0.19925,0.77091,0.35933,1.0,5.0,144.0,175.0,1,places_top,False
train/00000115/00115108.jpg,94590,0.08,0.17,0.32,0.98,0.21273,0.32318,0.29455,0.40054,102.0,97.0,207.0,231.0,1,places_top,False
train/00000041/00041262.jpg,27560,0.19,0.14,0.38,0.75,0.30727,0.23545,0.45455,0.31727,193.0,65.0,264.0,161.0,1,places_top,False
train/00000063/00063273.jpg,25262,0.34,0.13,0.61,1.0,0.50364,0.35602,0.60727,0.84229,332.0,94.0,417.0,208.0,1,places_top,False
train/00000049/00049906.jpg,68820,0.26,-0.01,0.45,0.74,0.31091,0.022191,0.26364,0.44907,183.0,0.0,238.0,35.0,1,places_top,False
train/00000037/00037827.jpg,89166,0.06,0.0,0.27,1.0,0.17091,0.083086,0.26909,0.23178,94.0,0.0,177.0,98.0,1,places_top,False
train/00000026/00026645.jpg,3616,-0.01,0.13,0.51,0.99,0.37818,0.34962,0.46545,0.60429,131.0,60.0,278.0,246.0,1,places_top,False
train/00000118/00118860.jpg,73254,0.18,0.34,0.15,0.29,0.24963,0.40333,0.29778,0.43,71.0,87.0,89.0,110.0,1,sun,False
train/00000106/00106457.jpg,121561,0.08,0.05,0.42,0.77,0.35401,0.098182,0.84065,0.045455,140.0,20.0,191.0,88.0,1,places_top,False
train/00000022/00022601.jpg,92623,0.36,0.06,0.27,0.46,0.454,0.18267,0.614,0.57733,199.0,28.0,250.0,91.0,1,pascal,False
train/00000112/00112618.jpg,122741,0.15,0.06,0.94,0.98,0.66545,0.30636,0.30182,0.35,480.0,21.0,745.0,296.0,1,places_top,False
train/00000095/00095416.jpg,46890,0.2,0.02,0.31,0.45,0.33818,0.30611,0.48,0.40988,234.0,129.0,268.0,167.0,1,places_top,False
train/00000055/00055476.jpg,90446,0.24,0.16,0.67,1.01,0.43636,0.25455,0.81273,0.77818,271.0,79.0,338.0,149.0,1,places_top,False
train/00000058/00058847.jpg,117566,0.12,0.02,0.43,0.97,0.25091,0.19609,0.14182,0.6409,163.0,27.0,249.0,146.0,1,places_top,False
train/00000030/00030298.jpg,38542,0.24,0.01,0.44,0.89,0.32909,0.18909,0.36909,0.18636,185.0,29.0,272.0,126.0,1,places_top,False
train/00000028/00028496.jpg,64669,0.26,-0.04,0.76,0.94,0.67273,0.27091,0.34909,0.57091,478.0,0.0,686.0,189.0,1,places_top,False
train/00000092/00092141.jpg,92518,0.11,0.26,0.33,0.98,0.27091,0.37938,0.46182,0.28068,128.0,151.0,222.0,248.0,1,places_top,False
train/00000070/00070426.jpg,98279,0.03,-0.01,0.51,1.01,0.33818,0.3081,0.47091,0.69464,130.0,28.0,313.0,228.0,1,places_top,False
train/00000050/00050031.jpg,69235,0.07,0.07,0.62,1.01,0.38115,0.3,0.58974,0.69455,118.0,122.0,224.0,270.0,1,places_top,False
train/00000098/00098429.jpg,119330,0.06,0.08,0.26,0.54,0.16,0.16467,0.16909,0.6228,76.0,57.0,127.0,117.0,1,places_top,False
train/00000063/00063867.jpg,78295,0.17,0.0,0.47,0.81,0.46455,0.096364,0.84909,0.66,168.0,9.0,256.0,107.0,1,places_top,False
train/00000082/00082915.jpg,98181,0.26,0.15,0.39,0.68,0.35091,0.21326,0.23818,0.76489,255.0,81.0,290.0,130.0,1,places_top,False
train/00000006/00006094.jpg,89215,0.59,0.18,0.35,0.33,0.73481,0.25273,0.81377,0.50364,390.0,128.0,428.0,179.0,1,coco,False
train/00000062/00062589.jpg,83906,0.06,0.2,0.49,1.04,0.40727,0.34141,0.41636,0.74609,258.0,90.0,346.0,205.0,1,places_top,False
train/00000100/00100929.jpg,24348,0.35,0.09,0.53,1.01,0.42727,0.16138,0.38,0.57919,302.0,52.0,366.0,125.0,1,places_top,False
train/00000084/00084323.jpg,118507,0.12,0.03,0.57,0.96,0.43273,0.26423,0.64,0.40679,234.0,10.0,376.0,208.0,1,places_top,False
train/00000092/00092968.jpg,40093,0.01,0.04,0.9,0.93,0.56648,0.21818,0.5358,0.89091,242.0,59.0,370.0,219.0,1,places_top,False
train/00000058/00058570.jpg,47319,0.02,0.19,0.22,1.02,0.15091,0.22593,0.72545,0.55336,73.0,85.0,118.0,141.0,1,places_top,False
train/00000028/00028928.jpg,41593,0.33,0.06,0.67,0.81,0.55209,0.2,0.60418,0.74727,241.0,79.0,314.0,185.0,1,places_top,False
train/00000066/00066471.jpg,114445,0.25,0.04,0.64,0.97,0.43455,0.19835,0.28727,0.41956,317.0,20.0,409.0,133.0,1,places_top,False
train/00000065/00065177.jpg,56580,0.38,0.16,0.58,0.83,0.60881,0.20364,0.45648,0.23636,290.0,89.0,372.0,198.0,1,places_top,False
train/00000108/00108365.jpg,96280,0.02,-0.04,0.26,0.82,0.14,0.22688,0.18727,0.71145,67.0,31.0,156.0,162.0,1,places_top,False
train/00000038/00038675.jpg,9228,0.05,0.19,0.24,0.71,0.070909,0.24909,0.13455,0.22727,40.0,116.0,61.0,141.0,1,places_top,False
train/00000097/00097810.jpg,89787,0.01,0.01,0.45,0.74,0.19455,0.18008,0.62545,0.32227,5.0,2.0,182.0,193.0,1,places_top,False
train/00000023/00023557.jpg,112191,0.11,0.37,0.28,0.54,0.25676,0.414,0.34084,0.836,66.0,186.0,97.0,216.0,1,pascal,False
train/00000040/00040056.jpg,92999,0.09,0.08,0.25,0.97,0.13273,0.19727,0.60182,0.51636,66.0,63.0,124.0,131.0,1,places_top,False
train/00000071/00071535.jpg,86719,0.01,0.21,0.38,0.97,0.18182,0.36073,0.46,0.44538,1.0,96.0,155.0,286.0,1,places_top,False
train/00000062/00062637.jpg,99751,0.1,0.38,0.38,0.99,0.22577,0.4907,0.67668,0.1796,71.0,202.0,216.0,333.0,1,places_top,False
